project_id,name_length,blurb_length,goal_usd,launch_date,deadline,duration_days,currency,country,parent_category,category,location,location_type,blurb,outcome
1,58,151,136864.99,2019-01-17,2019-02-28,42,GBP,GB,Film & Video,Short Film,Edinburgh,Zip,Help us bring this original short film story to life for a wider audience.,1
2,44,68,3270.35,2020-07-30,2020-09-15,47,USD,US,Dance,Dance Training,Portland,City,"A new dance training project combining movement, performance and original ideas.",0
3,23,151,9746.22,2019-03-31,2019-05-26,56,USD,US,Publishing,Fiction,Seattle,City,We are creating a new fiction book and bringing the project to readers.,1
4,50,137,6797.76,2020-05-23,2020-06-09,17,USD,US,Theater,Experimental Theater,Seattle,LocalAdmin,A new experimental theater production bringing an original story to the stage.,0
5,26,87,55534.31,2019-10-20,2019-11-08,19,USD,US,Music,Pop,New York,Town,Support our new pop project and help us share the music with listeners.,0
6,55,124,33389.83,2019-05-24,2019-06-26,33,EUR,FR,Food,Drinks,Lyon,County,We are developing a new drinks project for people who love great food.,1
7,31,75,30737.37,2018-04-16,2018-06-11,56,USD,US,Publishing,Fiction,Chicago,City,We are creating a new fiction book and bringing the project to readers.,0
8,31,93,3408.32,2020-04-06,2020-04-21,15,EUR,IT,Design,Architecture,Rome,City,We are creating a practical architecture with a fresh and thoughtful design.,1
9,43,45,34495.03,2019-11-30,2020-01-21,52,EUR,ES,Film & Video,Documentary,Seville,Zip,Help us bring this original documentary story to life for a wider audience.,0
10,56,68,50601.67,2018-01-12,2018-02-04,23,USD,US,Journalism,Print,Los Angeles,Zip,A new print project focused on independent stories and community voices.,1
11,71,119,32951.51,2020-04-30,2020-05-19,19,AUD,AU,Crafts,Crochet,Brisbane,City,A new crochet project making useful and creative handmade products.,0
12,35,122,1627.2,2020-07-06,2020-09-04,60,GBP,GB,Film & Video,Webseries,Bristol,City,Help us bring this original webseries story to life for a wider audience.,1
13,29,122,2082.99,2018-04-18,2018-06-13,56,EUR,NL,Music,Rock,Utrecht,Island,Support our new rock project and help us share the music with listeners.,1
14,23,127,177230.05,2020-08-21,2020-10-08,48,USD,US,Music,Rock,Chicago,LocalAdmin,Support our new rock project and help us share the music with listeners.,1
15,13,112,244208.6,2020-07-06,2020-08-26,51,AUD,AU,Food,Drinks,Melbourne,City,We are developing a new drinks project for people who love great food.,1
16,20,128,10766.53,2019-11-06,2019-12-23,47,CAD,CA,Design,Product Design,Montreal,Town,We are creating a practical product design with a fresh and thoughtful design.,0
17,39,140,10744.95,2020-02-10,2020-03-20,39,USD,US,Dance,Performances,Austin,Suburb,"A new performances project combining movement, performance and original ideas.",1
18,51,115,15316.02,2020-02-03,2020-03-30,56,USD,US,Food,Drinks,San Francisco,City,We are developing a new drinks project for people who love great food.,0
19,21,95,29440.25,2019-07-26,2019-09-07,43,AUD,AU,Food,Food,Perth,Island,We are developing a new food project for people who love great food.,1
20,47,104,1282.78,2020-09-30,2020-11-08,39,EUR,DE,Crafts,DIY,Berlin,City,A new diy project making useful and creative handmade products.,0
21,22,83,17150.99,2018-07-13,2018-08-05,23,USD,US,Fashion,Footwear,Chicago,City,"A new footwear collection focused on creativity, quality and original ideas.",1
22,24,134,2428.42,2019-09-11,2019-09-28,17,AUD,AU,Design,Architecture,Perth,City,We are creating a practical architecture with a fresh and thoughtful design.,1
23,19,60,11629.35,2019-03-16,2019-04-14,29,USD,US,Comics,Comic Books,Chicago,City,"A new comic books project featuring original characters, artwork and storytelling.",1
24,55,103,3049.48,2018-10-19,2018-11-06,18,EUR,DE,Food,Restaurants,Munich,Suburb,We are developing a new restaurants project for people who love great food.,0
25,59,125,4393.24,2018-06-30,2018-08-28,59,USD,US,Photography,Photobooks,Austin,City,"A new photobooks project documenting people, places and memorable stories.",1
26,24,77,15900.76,2018-05-03,2018-06-24,52,SEK,SE,Technology,Apps,Stockholm,County,Introducing a new apps project designed to make everyday work easier.,0
27,23,66,4609.35,2020-12-06,2021-01-09,34,USD,US,Fashion,Apparel,New York,Suburb,"A new apparel collection focused on creativity, quality and original ideas.",0
28,44,40,2185.16,2018-04-13,2018-05-20,37,USD,US,Comics,Graphic Novels,Boston,Town,"A new graphic novels project featuring original characters, artwork and storytelling.",0
29,61,99,114187.98,2018-01-27,2018-03-19,51,USD,US,Photography,Photobooks,Austin,City,"A new photobooks project documenting people, places and memorable stories.",0
30,59,74,2234.16,2019-11-18,2019-12-10,22,USD,US,Design,Architecture,Los Angeles,City,We are creating a practical architecture with a fresh and thoughtful design.,0
31,29,134,334.1,2021-01-18,2021-03-10,51,GBP,GB,Art,Mixed Media,London,City,"A new mixed media project exploring creative ideas, materials and visual storytelling.",1
32,32,61,28976.7,2020-04-05,2020-06-03,59,USD,US,Photography,Photobooks,Seattle,City,"A new photobooks project documenting people, places and memorable stories.",0
33,17,124,7659.16,2018-03-22,2018-05-08,47,EUR,ES,Journalism,Audio,Valencia,Town,A new audio project focused on independent stories and community voices.,1
34,29,69,11466.54,2019-02-06,2019-03-25,47,USD,US,Fashion,Accessories,Boston,City,"A new accessories collection focused on creativity, quality and original ideas.",1
35,36,63,15334.27,2020-05-21,2020-06-11,21,USD,US,Publishing,Fiction,New York,City,We are creating a new fiction book and bringing the project to readers.,1
36,15,72,86006.4,2020-11-09,2020-12-15,36,USD,US,Photography,Nature,San Francisco,Zip,"A new nature project documenting people, places and memorable stories.",1
37,27,140,215679.58,2019-02-08,2019-02-27,19,USD,US,Games,Tabletop Games,Austin,Suburb,"A new tabletop games experience built for players, families and communities.",0
38,38,72,17774.16,2018-04-20,2018-06-19,60,USD,US,Art,Painting,Seattle,City,"A new painting project exploring creative ideas, materials and visual storytelling.",0
39,12,142,1939.69,2019-11-29,2019-12-28,29,USD,US,Music,Hip-Hop,Boston,Suburb,Support our new hip-hop project and help us share the music with listeners.,1
40,42,114,15046.57,2019-06-07,2019-07-12,35,GBP,GB,Music,Rock,Manchester,County,Support our new rock project and help us share the music with listeners.,1
41,50,92,29908.39,2018-10-15,2018-11-23,39,USD,US,Theater,Experimental Theater,San Francisco,City,A new experimental theater production bringing an original story to the stage.,1
42,44,76,56857.15,2020-10-30,2020-11-30,31,GBP,GB,Journalism,Audio,London,Town,A new audio project focused on independent stories and community voices.,1
43,28,151,14845.73,2021-03-31,2021-04-21,21,CAD,CA,Photography,Nature,Calgary,County,"A new nature project documenting people, places and memorable stories.",1
44,53,90,5033.26,2019-05-03,2019-06-05,33,USD,US,Photography,Fine Art,Los Angeles,Town,"A new fine art project documenting people, places and memorable stories.",1
45,56,90,2942.87,2019-06-22,2019-07-13,21,GBP,GB,Theater,Musicals,London,County,A new musicals production bringing an original story to the stage.,1
46,40,151,10016.64,2019-11-13,2020-01-06,54,USD,IN,Technology,Apps,Bengaluru,City,Introducing a new apps project designed to make everyday work easier.,1
47,37,151,1171.58,2018-10-29,2018-12-27,59,GBP,GB,Technology,Hardware,Bristol,City,Introducing a new hardware project designed to make everyday work easier.,1
48,26,104,22113.69,2018-06-28,2018-08-05,38,AUD,AU,Theater,Plays,Perth,Suburb,A new plays production bringing an original story to the stage.,1
49,29,144,15795.84,2018-07-04,2018-07-29,25,USD,US,Technology,Gadgets,Austin,Town,Introducing a new gadgets project designed to make everyday work easier.,1
50,51,90,15674.63,2019-06-22,2019-08-16,55,EUR,FR,Crafts,Woodworking,Marseille,City,A new woodworking project making useful and creative handmade products.,1
51,63,151,36496.93,2020-12-01,2020-12-16,15,EUR,FR,Photography,Photobooks,Lyon,City,"A new photobooks project documenting people, places and memorable stories.",1
52,29,69,113739.6,2018-04-19,2018-06-04,46,GBP,GB,Film & Video,Documentary,Edinburgh,County,Help us bring this original documentary story to life for a wider audience.,0
53,32,81,10758.95,2020-01-05,2020-02-28,54,USD,IN,Dance,Experimental,Mumbai,Suburb,"A new experimental project combining movement, performance and original ideas.",1
54,25,147,13519.77,2019-11-15,2020-01-12,58,USD,US,Games,Mobile Games,Seattle,LocalAdmin,"A new mobile games experience built for players, families and communities.",1
55,29,99,6766.1,2020-09-21,2020-10-07,16,USD,US,Crafts,DIY,Chicago,Town,A new diy project making useful and creative handmade products.,0
56,16,149,28212.05,2018-10-16,2018-11-14,29,EUR,FR,Design,Architecture,Lyon,Town,We are creating a practical architecture with a fresh and thoughtful design.,0
57,41,94,11859.17,2019-08-04,2019-09-08,35,EUR,IT,Crafts,Crochet,Rome,Suburb,A new crochet project making useful and creative handmade products.,1
58,16,128,71898.05,2020-09-06,2020-10-14,38,USD,US,Film & Video,Feature Film,Portland,City,Help us bring this original feature film story to life for a wider audience.,1
59,27,87,69594.07,2019-01-28,2019-02-28,31,USD,US,Design,Architecture,New York,City,We are creating a practical architecture with a fresh and thoughtful design.,0
60,34,106,19586.15,2019-10-04,2019-10-27,23,USD,US,Games,Mobile Games,Austin,City,"A new mobile games experience built for players, families and communities.",1
61,15,70,10606.94,2018-09-07,2018-10-26,49,USD,US,Film & Video,Documentary,Chicago,Zip,Help us bring this original documentary story to life for a wider audience.,0
62,23,107,7856.75,2020-01-15,2020-02-18,34,EUR,FR,Comics,Graphic Novels,Paris,Town,"A new graphic novels project featuring original characters, artwork and storytelling.",1
63,18,82,25266.38,2020-12-06,2021-01-08,33,GBP,GB,Dance,Experimental,Bristol,City,"A new experimental project combining movement, performance and original ideas.",1
64,51,151,25370.78,2018-04-30,2018-06-01,32,USD,US,Games,Video Games,New York,County,"A new video games experience built for players, families and communities.",1
65,56,98,7852.06,2019-10-09,2019-11-12,34,USD,US,Photography,Nature,New York,Town,"A new nature project documenting people, places and memorable stories.",1
66,23,72,18765.0,2019-06-18,2019-08-01,44,USD,US,Technology,Hardware,San Francisco,City,Introducing a new hardware project designed to make everyday work easier.,1
67,76,129,3614.17,2018-09-08,2018-11-01,54,USD,US,Comics,Comic Books,Los Angeles,County,"A new comic books project featuring original characters, artwork and storytelling.",1
68,21,72,24139.43,2020-08-15,2020-08-30,15,AUD,AU,Journalism,Audio,Brisbane,City,A new audio project focused on independent stories and community voices.,0
69,29,134,4116.95,2020-04-24,2020-06-01,38,USD,IN,Games,Tabletop Games,Chennai,City,"A new tabletop games experience built for players, families and communities.",1
70,42,91,39708.37,2018-07-03,2018-08-10,38,EUR,ES,Journalism,Print,Valencia,City,A new print project focused on independent stories and community voices.,1
71,44,107,7344.85,2019-10-13,2019-11-15,33,USD,US,Design,Graphic Design,Boston,City,We are creating a practical graphic design with a fresh and thoughtful design.,1
72,30,102,160672.04,2021-01-25,2021-03-10,44,SEK,SE,Comics,Comic Books,Gothenburg,Suburb,"A new comic books project featuring original characters, artwork and storytelling.",1
73,51,100,12749.71,2019-01-13,2019-02-22,40,EUR,FR,Dance,Experimental,Toulouse,City,"A new experimental project combining movement, performance and original ideas.",0
74,53,110,17352.77,2018-03-03,2018-04-28,56,EUR,FR,Photography,Nature,Toulouse,City,"A new nature project documenting people, places and memorable stories.",1
75,35,88,1372.98,2019-11-03,2019-12-31,58,GBP,GB,Theater,Experimental Theater,Edinburgh,City,A new experimental theater production bringing an original story to the stage.,1
76,33,75,106170.74,2019-03-15,2019-05-06,52,USD,US,Photography,Nature,Austin,Zip,"A new nature project documenting people, places and memorable stories.",1
77,26,109,11314.76,2021-01-22,2021-03-06,43,USD,US,Film & Video,Feature Film,Seattle,LocalAdmin,Help us bring this original feature film story to life for a wider audience.,1
78,19,96,177885.27,2020-08-04,2020-08-31,27,USD,US,Photography,Photobooks,Portland,LocalAdmin,"A new photobooks project documenting people, places and memorable stories.",0
79,23,70,12931.73,2018-02-04,2018-02-22,18,USD,US,Publishing,Fiction,Seattle,City,We are creating a new fiction book and bringing the project to readers.,0
80,43,126,8610.74,2019-03-28,2019-05-26,59,USD,US,Food,Drinks,Seattle,City,We are developing a new drinks project for people who love great food.,1
81,35,108,5431.0,2018-09-26,2018-10-27,31,GBP,GB,Theater,Experimental Theater,London,Suburb,A new experimental theater production bringing an original story to the stage.,1
82,31,75,32469.14,2018-04-03,2018-05-20,47,EUR,DE,Crafts,Woodworking,Cologne,City,A new woodworking project making useful and creative handmade products.,1
83,26,101,26898.75,2018-12-06,2018-12-25,19,GBP,GB,Technology,Apps,Edinburgh,County,Introducing a new apps project designed to make everyday work easier.,0
84,27,104,1517.63,2020-09-09,2020-10-21,42,USD,US,Art,Mixed Media,Boston,Town,"A new mixed media project exploring creative ideas, materials and visual storytelling.",1
85,34,77,4968.54,2018-10-11,2018-11-18,38,NOK,NO,Dance,Performances,Trondheim,City,"A new performances project combining movement, performance and original ideas.",0
86,33,151,36772.76,2020-02-06,2020-03-08,31,DKK,DK,Comics,Comic Books,Aarhus,City,"A new comic books project featuring original characters, artwork and storytelling.",0
87,35,108,4419.25,2020-05-01,2020-06-23,53,EUR,FR,Food,Restaurants,Lyon,City,We are developing a new restaurants project for people who love great food.,0
88,28,101,3382.11,2019-03-08,2019-05-01,54,USD,IN,Dance,Performances,Delhi,Suburb,"A new performances project combining movement, performance and original ideas.",1
89,25,151,16266.12,2020-01-26,2020-03-24,58,GBP,GB,Comics,Comic Books,Bristol,Suburb,"A new comic books project featuring original characters, artwork and storytelling.",1
90,35,122,13735.47,2018-04-22,2018-06-21,60,USD,IN,Technology,Apps,Delhi,Town,Introducing a new apps project designed to make everyday work easier.,1
91,45,144,5845.82,2018-05-01,2018-05-26,25,USD,US,Fashion,Footwear,Chicago,Island,"A new footwear collection focused on creativity, quality and original ideas.",1
92,27,111,185741.42,2018-09-04,2018-09-30,26,USD,US,Fashion,Footwear,Seattle,City,"A new footwear collection focused on creativity, quality and original ideas.",1
93,1,110,9525.19,2020-07-11,2020-08-07,27,USD,US,Journalism,Audio,San Francisco,LocalAdmin,A new audio project focused on independent stories and community voices.,0
94,14,82,1689.05,2019-11-10,2019-12-02,22,USD,US,Dance,Experimental,Austin,City,"A new experimental project combining movement, performance and original ideas.",1
95,51,128,975.89,2019-08-06,2019-08-21,15,USD,US,Fashion,Footwear,Chicago,Suburb,"A new footwear collection focused on creativity, quality and original ideas.",1
96,50,151,58542.01,2018-06-09,2018-07-02,23,CAD,CA,Publishing,Children's Books,Calgary,Zip,We are creating a new children's books book and bringing the project to readers.,1
97,45,151,2190.1,2020-09-10,2020-10-22,42,EUR,FR,Theater,Musicals,Lyon,County,A new musicals production bringing an original story to the stage.,1
98,43,72,12579.78,2019-01-07,2019-01-23,16,CAD,CA,Comics,Graphic Novels,Montreal,City,"A new graphic novels project featuring original characters, artwork and storytelling.",1
99,50,151,3096.4,2018-08-15,2018-09-12,28,USD,US,Journalism,Investigative,Chicago,Town,A new investigative project focused on independent stories and community voices.,1
100,30,83,10243.4,2018-08-02,2018-08-29,27,EUR,IT,Photography,Nature,Turin,City,"A new nature project documenting people, places and memorable stories.",1
101,37,80,20579.31,2019-04-26,2019-05-12,16,CAD,CA,Comics,Webcomics,Montreal,City,"A new webcomics project featuring original characters, artwork and storytelling.",1
102,23,81,1445.3,2018-08-29,2018-09-16,18,USD,US,Journalism,Print,San Francisco,Suburb,A new print project focused on independent stories and community voices.,0
103,32,96,5921.38,2018-03-14,2018-04-09,26,AUD,AU,Technology,Gadgets,Perth,Suburb,Introducing a new gadgets project designed to make everyday work easier.,0
104,63,50,4224.25,2020-05-23,2020-06-16,24,USD,US,Dance,Performances,San Francisco,City,"A new performances project combining movement, performance and original ideas.",1
105,23,110,2687.43,2018-03-23,2018-04-09,17,USD,US,Technology,Apps,Boston,City,Introducing a new apps project designed to make everyday work easier.,1
106,18,100,6703.46,2018-03-12,2018-03-30,18,NZD,NZ,Theater,Experimental Theater,Auckland,Suburb,A new experimental theater production bringing an original story to the stage.,0
107,32,109,4563.16,2019-05-14,2019-06-03,20,USD,US,Theater,Musicals,New York,City,A new musicals production bringing an original story to the stage.,1
108,29,93,46434.28,2019-04-30,2019-06-06,37,GBP,GB,Food,Food,Manchester,Suburb,We are developing a new food project for people who love great food.,0
109,39,60,3956.87,2020-09-06,2020-09-25,19,SEK,SE,Technology,Apps,Gothenburg,City,Introducing a new apps project designed to make everyday work easier.,0
110,47,100,24135.47,2019-02-09,2019-02-26,17,EUR,DE,Film & Video,Webseries,Cologne,City,Help us bring this original webseries story to life for a wider audience.,0
111,29,145,22861.14,2018-04-19,2018-05-13,24,USD,US,Photography,Nature,Seattle,Island,"A new nature project documenting people, places and memorable stories.",0
112,67,78,1171.39,2020-08-20,2020-10-16,57,USD,US,Games,Tabletop Games,Los Angeles,City,"A new tabletop games experience built for players, families and communities.",1
113,53,82,5479.82,2019-03-11,2019-04-13,33,USD,US,Technology,Hardware,Portland,Suburb,Introducing a new hardware project designed to make everyday work easier.,1
114,24,122,10117.94,2019-01-09,2019-02-06,28,CAD,CA,Food,Drinks,Montreal,City,We are developing a new drinks project for people who love great food.,1
115,34,71,18106.94,2019-09-20,2019-10-25,35,GBP,GB,Design,Graphic Design,Edinburgh,City,We are creating a practical graphic design with a fresh and thoughtful design.,0
116,43,115,8318.93,2018-11-02,2018-12-29,57,USD,US,Publishing,Nonfiction,New York,LocalAdmin,We are creating a new nonfiction book and bringing the project to readers.,1
117,23,121,60332.68,2020-10-26,2020-12-07,42,NOK,NO,Comics,Graphic Novels,Trondheim,Suburb,"A new graphic novels project featuring original characters, artwork and storytelling.",1
118,4,91,14115.35,2018-08-18,2018-09-22,35,GBP,GB,Theater,Plays,London,LocalAdmin,A new plays production bringing an original story to the stage.,1
119,64,86,23937.69,2020-06-19,2020-08-08,50,USD,US,Design,Product Design,Boston,Zip,We are creating a practical product design with a fresh and thoughtful design.,0
120,18,66,4792.43,2019-07-19,2019-08-26,38,GBP,GB,Food,Restaurants,London,Town,We are developing a new restaurants project for people who love great food.,1
121,48,84,24484.26,2020-01-08,2020-02-29,52,AUD,AU,Journalism,Investigative,Perth,Zip,A new investigative project focused on independent stories and community voices.,1
122,46,125,241365.06,2019-06-04,2019-07-05,31,USD,US,Games,Video Games,Seattle,City,"A new video games experience built for players, families and communities.",0
123,23,133,27142.86,2020-01-03,2020-02-08,36,USD,US,Photography,Nature,Chicago,Town,"A new nature project documenting people, places and memorable stories.",1
124,64,110,66325.91,2019-09-29,2019-11-01,33,EUR,IT,Photography,Photobooks,Rome,Suburb,"A new photobooks project documenting people, places and memorable stories.",1
125,36,90,7637.0,2018-06-23,2018-08-21,59,GBP,GB,Photography,Fine Art,London,City,"A new fine art project documenting people, places and memorable stories.",0
126,37,110,50274.0,2019-12-07,2019-12-31,24,GBP,GB,Publishing,Fiction,London,LocalAdmin,We are creating a new fiction book and bringing the project to readers.,1
127,12,83,57560.58,2018-06-12,2018-07-07,25,USD,US,Games,Video Games,Los Angeles,City,"A new video games experience built for players, families and communities.",1
128,3,113,17555.23,2021-03-13,2021-05-04,52,USD,US,Publishing,Nonfiction,San Francisco,City,We are creating a new nonfiction book and bringing the project to readers.,1
129,31,130,10687.16,2019-05-24,2019-06-09,16,USD,US,Theater,Experimental Theater,Portland,Town,A new experimental theater production bringing an original story to the stage.,0
130,54,94,1182.37,2019-04-29,2019-06-15,47,GBP,GB,Publishing,Children's Books,Bristol,City,We are creating a new children's books book and bringing the project to readers.,1
131,7,84,11412.52,2018-03-28,2018-05-24,57,USD,US,Art,Painting,New York,City,"A new painting project exploring creative ideas, materials and visual storytelling.",0
132,37,93,28818.08,2020-05-01,2020-06-15,45,USD,US,Games,Mobile Games,New York,Town,"A new mobile games experience built for players, families and communities.",1
133,36,141,3664.82,2019-10-09,2019-11-27,49,EUR,ES,Film & Video,Feature Film,Barcelona,Suburb,Help us bring this original feature film story to life for a wider audience.,1
134,54,151,1675.78,2018-06-27,2018-08-17,51,USD,IN,Games,Mobile Games,Chennai,Zip,"A new mobile games experience built for players, families and communities.",1
135,50,127,14054.35,2018-07-24,2018-09-12,50,EUR,FR,Food,Food,Marseille,City,We are developing a new food project for people who love great food.,1
136,37,106,17157.56,2019-05-11,2019-06-17,37,EUR,ES,Art,Mixed Media,Seville,City,"A new mixed media project exploring creative ideas, materials and visual storytelling.",1
137,34,79,1486.58,2018-11-06,2018-12-26,50,USD,US,Photography,Nature,Chicago,Town,"A new nature project documenting people, places and memorable stories.",0
138,24,77,12782.83,2018-12-25,2019-02-17,54,USD,IN,Food,Restaurants,Bengaluru,City,We are developing a new restaurants project for people who love great food.,1
139,18,121,18808.23,2020-07-08,2020-08-30,53,USD,US,Food,Food,Boston,City,We are developing a new food project for people who love great food.,0
140,26,85,93030.5,2019-02-06,2019-03-18,40,NOK,NO,Theater,Musicals,Bergen,City,A new musicals production bringing an original story to the stage.,1
141,18,139,5733.36,2019-09-24,2019-11-02,39,USD,IN,Music,Hip-Hop,Hyderabad,City,Support our new hip-hop project and help us share the music with listeners.,1
142,33,90,304557.62,2018-01-25,2018-02-25,31,EUR,DE,Crafts,DIY,Berlin,City,A new diy project making useful and creative handmade products.,1
143,34,151,13045.31,2019-05-22,2019-06-20,29,USD,IN,Art,Illustration,Hyderabad,Town,"A new illustration project exploring creative ideas, materials and visual storytelling.",1
144,31,96,1862.46,2019-08-27,2019-10-17,51,CAD,CA,Food,Restaurants,Calgary,Island,We are developing a new restaurants project for people who love great food.,1
145,37,142,7193.08,2020-09-03,2020-11-01,59,USD,US,Crafts,Woodworking,New York,County,A new woodworking project making useful and creative handmade products.,0
146,28,128,2138.27,2018-09-27,2018-10-15,18,USD,US,Crafts,Candles,San Francisco,City,A new candles project making useful and creative handmade products.,0
147,48,133,9259.85,2020-05-29,2020-07-04,36,CAD,CA,Art,Sculpture,Toronto,City,"A new sculpture project exploring creative ideas, materials and visual storytelling.",1
148,38,106,24804.61,2018-11-29,2018-12-30,31,USD,US,Music,Classical,Los Angeles,City,Support our new classical project and help us share the music with listeners.,1
149,28,88,18185.03,2020-02-05,2020-03-12,36,CAD,CA,Design,Graphic Design,Calgary,Suburb,We are creating a practical graphic design with a fresh and thoughtful design.,1
150,18,138,2081.76,2019-09-15,2019-10-16,31,USD,IN,Journalism,Print,Mumbai,LocalAdmin,A new print project focused on independent stories and community voices.,1
151,34,151,1716.77,2019-09-12,2019-10-10,28,USD,US,Film & Video,Webseries,New York,City,Help us bring this original webseries story to life for a wider audience.,0
152,52,78,22987.71,2018-08-10,2018-09-07,28,EUR,FR,Journalism,Audio,Paris,Suburb,A new audio project focused on independent stories and community voices.,1
153,44,122,32565.72,2020-01-13,2020-02-13,31,NZD,NZ,Games,Mobile Games,Christchurch,County,"A new mobile games experience built for players, families and communities.",1
154,46,122,5624.12,2021-02-27,2021-03-21,22,DKK,DK,Photography,Nature,Aarhus,Suburb,"A new nature project documenting people, places and memorable stories.",1
155,46,113,234.93,2020-12-27,2021-02-13,48,NOK,NO,Film & Video,Webseries,Bergen,LocalAdmin,Help us bring this original webseries story to life for a wider audience.,1
156,53,151,1992.5,2018-11-19,2018-12-29,40,GBP,GB,Games,Video Games,London,City,"A new video games experience built for players, families and communities.",1
157,48,85,55349.75,2018-12-23,2019-02-20,59,USD,IN,Food,Restaurants,Chennai,County,We are developing a new restaurants project for people who love great food.,0
158,37,141,3819.75,2019-06-24,2019-08-07,44,EUR,DE,Photography,Fine Art,Munich,LocalAdmin,"A new fine art project documenting people, places and memorable stories.",1
159,29,100,7005.51,2018-05-11,2018-06-16,36,USD,US,Comics,Comic Books,San Francisco,City,"A new comic books project featuring original characters, artwork and storytelling.",0
160,48,38,28292.11,2020-06-05,2020-07-05,30,GBP,GB,Art,Mixed Media,Manchester,Town,"A new mixed media project exploring creative ideas, materials and visual storytelling.",1
161,1,64,7464.72,2021-02-02,2021-03-18,44,EUR,DE,Film & Video,Webseries,Hamburg,County,Help us bring this original webseries story to life for a wider audience.,1
162,54,109,104680.42,2019-05-29,2019-06-28,30,USD,US,Film & Video,Documentary,Austin,County,Help us bring this original documentary story to life for a wider audience.,0
163,45,145,6726.67,2020-07-22,2020-09-12,52,AUD,AU,Technology,Apps,Melbourne,City,Introducing a new apps project designed to make everyday work easier.,1
164,60,140,3161.02,2018-07-09,2018-08-16,38,AUD,AU,Food,Food,Perth,City,We are developing a new food project for people who love great food.,1
165,18,111,74995.53,2018-06-19,2018-08-08,50,USD,US,Design,Product Design,Seattle,Zip,We are creating a practical product design with a fresh and thoughtful design.,1
166,52,74,12922.97,2019-07-29,2019-09-16,49,CAD,CA,Crafts,Crochet,Vancouver,City,A new crochet project making useful and creative handmade products.,1
167,45,72,2255.54,2018-12-31,2019-01-20,20,EUR,FR,Photography,Photobooks,Lyon,City,"A new photobooks project documenting people, places and memorable stories.",1
168,26,121,24934.05,2020-10-28,2020-11-15,18,GBP,GB,Food,Restaurants,Bristol,Island,We are developing a new restaurants project for people who love great food.,1
169,33,107,7604.19,2019-12-02,2020-01-03,32,USD,US,Fashion,Apparel,Austin,City,"A new apparel collection focused on creativity, quality and original ideas.",1
170,32,137,2031.59,2020-07-23,2020-08-12,20,USD,US,Music,Classical,Boston,County,Support our new classical project and help us share the music with listeners.,0
171,30,98,13906.22,2018-01-17,2018-02-26,40,USD,US,Crafts,Crochet,Chicago,Suburb,A new crochet project making useful and creative handmade products.,1
172,15,85,9391.99,2019-05-30,2019-07-20,51,EUR,IE,Art,Illustration,Galway,Zip,"A new illustration project exploring creative ideas, materials and visual storytelling.",1
173,53,100,877.58,2021-01-17,2021-02-27,41,USD,US,Crafts,Woodworking,Portland,City,A new woodworking project making useful and creative handmade products.,1
174,21,108,2323.22,2018-02-18,2018-04-14,55,CAD,CA,Design,Graphic Design,Calgary,LocalAdmin,We are creating a practical graphic design with a fresh and thoughtful design.,0
175,19,47,216197.52,2019-11-06,2019-12-01,25,USD,US,Theater,Plays,San Francisco,City,A new plays production bringing an original story to the stage.,0
176,53,122,13611.79,2018-02-12,2018-04-05,52,USD,US,Technology,Apps,Boston,City,Introducing a new apps project designed to make everyday work easier.,1
177,14,112,96761.18,2019-06-18,2019-07-18,30,EUR,ES,Crafts,Candles,Seville,City,A new candles project making useful and creative handmade products.,0
178,30,136,19367.08,2019-09-06,2019-10-09,33,EUR,DE,Art,Painting,Cologne,City,"A new painting project exploring creative ideas, materials and visual storytelling.",1
179,20,131,81652.09,2019-08-10,2019-10-06,57,USD,US,Design,Product Design,New York,City,We are creating a practical product design with a fresh and thoughtful design.,1
180,60,140,28397.95,2018-10-19,2018-11-17,29,USD,US,Journalism,Audio,San Francisco,LocalAdmin,A new audio project focused on independent stories and community voices.,1
181,52,151,2767.92,2019-06-26,2019-08-05,40,USD,US,Film & Video,Short Film,New York,Suburb,Help us bring this original short film story to life for a wider audience.,0
182,23,112,30737.57,2020-11-21,2021-01-15,55,GBP,GB,Theater,Musicals,Manchester,County,A new musicals production bringing an original story to the stage.,1
183,20,42,2740.39,2019-11-03,2019-12-18,45,AUD,AU,Technology,Software,Brisbane,Suburb,Introducing a new software project designed to make everyday work easier.,0
184,47,134,50674.8,2019-04-14,2019-05-17,33,USD,US,Film & Video,Webseries,New York,City,Help us bring this original webseries story to life for a wider audience.,1
185,42,144,16816.81,2019-06-21,2019-07-29,38,USD,US,Music,Classical,Los Angeles,City,Support our new classical project and help us share the music with listeners.,0
186,30,101,12354.3,2018-03-19,2018-04-11,23,USD,US,Games,Tabletop Games,New York,City,"A new tabletop games experience built for players, families and communities.",1
187,28,48,6081.09,2019-09-07,2019-10-14,37,NZD,NZ,Theater,Experimental Theater,Wellington,City,A new experimental theater production bringing an original story to the stage.,1
188,31,139,41367.43,2018-09-06,2018-09-24,18,USD,IN,Theater,Experimental Theater,Delhi,City,A new experimental theater production bringing an original story to the stage.,1
189,49,107,9398.45,2019-08-22,2019-09-15,24,USD,US,Journalism,Print,New York,Suburb,A new print project focused on independent stories and community voices.,1
190,59,68,621.62,2021-02-09,2021-03-04,23,EUR,FR,Journalism,Print,Toulouse,City,A new print project focused on independent stories and community voices.,1
191,62,100,841.83,2021-01-11,2021-02-13,33,USD,US,Photography,Nature,Los Angeles,Suburb,"A new nature project documenting people, places and memorable stories.",1
192,24,108,1677.89,2019-12-17,2020-01-15,29,USD,US,Publishing,Fiction,Austin,City,We are creating a new fiction book and bringing the project to readers.,1
193,36,100,40462.92,2020-04-08,2020-05-26,48,EUR,DE,Crafts,Candles,Munich,City,A new candles project making useful and creative handmade products.,1
194,55,93,45526.52,2018-11-20,2019-01-15,56,NZD,NZ,Theater,Musicals,Auckland,City,A new musicals production bringing an original story to the stage.,1
195,22,137,19858.92,2021-03-04,2021-04-06,33,NOK,NO,Film & Video,Feature Film,Bergen,City,Help us bring this original feature film story to life for a wider audience.,0
196,25,149,19535.64,2018-08-01,2018-09-05,35,CAD,CA,Art,Sculpture,Toronto,City,"A new sculpture project exploring creative ideas, materials and visual storytelling.",0
197,47,151,112890.16,2018-02-08,2018-03-28,48,USD,US,Dance,Performances,Boston,City,"A new performances project combining movement, performance and original ideas.",1
198,28,78,20416.06,2019-03-13,2019-04-13,31,EUR,FR,Publishing,Fiction,Toulouse,City,We are creating a new fiction book and bringing the project to readers.,0
199,13,147,32264.79,2019-01-05,2019-02-06,32,USD,US,Dance,Experimental,San Francisco,Suburb,"A new experimental project combining movement, performance and original ideas.",0
200,23,114,11801.76,2020-05-22,2020-06-22,31,CAD,CA,Technology,Hardware,Toronto,City,Introducing a new hardware project designed to make everyday work easier.,1
201,50,119,5872.45,2018-06-24,2018-07-10,16,USD,US,Design,Graphic Design,Chicago,City,We are creating a practical graphic design with a fresh and thoughtful design.,1
202,39,144,7772.12,2020-10-28,2020-11-12,15,AUD,AU,Film & Video,Short Film,Sydney,City,Help us bring this original short film story to life for a wider audience.,0
203,12,107,288183.76,2018-04-23,2018-06-19,57,USD,US,Film & Video,Documentary,San Francisco,City,Help us bring this original documentary story to life for a wider audience.,1
204,26,103,2226.64,2018-06-21,2018-07-15,24,USD,US,Publishing,Nonfiction,Boston,City,We are creating a new nonfiction book and bringing the project to readers.,1
205,62,87,19532.69,2018-06-16,2018-08-06,51,NZD,NZ,Theater,Plays,Christchurch,Zip,A new plays production bringing an original story to the stage.,1
206,34,73,1145.74,2019-02-12,2019-03-03,19,USD,US,Music,Rock,San Francisco,City,Support our new rock project and help us share the music with listeners.,1
207,31,89,4658.09,2021-02-03,2021-03-01,26,GBP,GB,Publishing,Fiction,Bristol,City,We are creating a new fiction book and bringing the project to readers.,1
208,35,113,39818.72,2020-12-05,2021-01-24,50,USD,US,Dance,Dance Training,New York,City,"A new dance training project combining movement, performance and original ideas.",1
209,38,106,725.76,2018-07-17,2018-08-31,45,USD,US,Publishing,Children's Books,San Francisco,Suburb,We are creating a new children's books book and bringing the project to readers.,1
210,29,97,48776.69,2020-11-01,2020-12-23,52,USD,US,Film & Video,Feature Film,New York,LocalAdmin,Help us bring this original feature film story to life for a wider audience.,1
211,55,98,286746.7,2021-02-10,2021-03-05,23,USD,US,Music,Pop,Austin,Town,Support our new pop project and help us share the music with listeners.,1
212,28,140,21134.47,2019-08-31,2019-10-28,58,EUR,NL,Crafts,DIY,Amsterdam,Suburb,A new diy project making useful and creative handmade products.,0
213,50,113,84849.02,2020-11-11,2020-12-21,40,USD,US,Fashion,Apparel,San Francisco,City,"A new apparel collection focused on creativity, quality and original ideas.",0
214,62,78,17625.83,2019-09-14,2019-10-13,29,DKK,DK,Photography,Nature,Odense,County,"A new nature project documenting people, places and memorable stories.",1
215,41,110,36128.95,2018-11-19,2018-12-19,30,CAD,CA,Comics,Graphic Novels,Montreal,City,"A new graphic novels project featuring original characters, artwork and storytelling.",1
216,19,126,24245.82,2020-07-29,2020-08-25,27,USD,US,Journalism,Investigative,Seattle,Town,A new investigative project focused on independent stories and community voices.,1
217,38,137,5442.94,2020-06-27,2020-08-05,39,CAD,CA,Publishing,Fiction,Vancouver,Suburb,We are creating a new fiction book and bringing the project to readers.,0
218,27,125,4736.97,2019-09-03,2019-10-17,44,GBP,GB,Technology,Gadgets,Bristol,County,Introducing a new gadgets project designed to make everyday work easier.,1
219,48,133,74900.84,2018-11-17,2018-12-08,21,EUR,FR,Games,Video Games,Toulouse,LocalAdmin,"A new video games experience built for players, families and communities.",0
220,38,123,11239.96,2021-02-21,2021-03-11,18,USD,US,Design,Graphic Design,New York,City,We are creating a practical graphic design with a fresh and thoughtful design.,1
221,33,48,9632.66,2019-11-10,2020-01-06,57,USD,US,Fashion,Accessories,Boston,City,"A new accessories collection focused on creativity, quality and original ideas.",1
222,20,103,9328.29,2018-12-17,2019-02-09,54,SEK,SE,Photography,Photobooks,Stockholm,City,"A new photobooks project documenting people, places and memorable stories.",1
223,7,105,19294.83,2018-10-22,2018-12-13,52,DKK,DK,Photography,Nature,Odense,County,"A new nature project documenting people, places and memorable stories.",0
224,23,151,1910.47,2020-09-13,2020-10-27,44,SEK,SE,Photography,Nature,Malmo,City,"A new nature project documenting people, places and memorable stories.",1
225,45,131,9048.37,2018-06-13,2018-07-07,24,USD,US,Photography,Fine Art,New York,Suburb,"A new fine art project documenting people, places and memorable stories.",1
226,53,99,19419.42,2020-02-20,2020-04-04,44,EUR,FR,Dance,Experimental,Toulouse,Town,"A new experimental project combining movement, performance and original ideas.",0
227,30,85,1652.56,2018-12-01,2019-01-23,53,GBP,GB,Technology,Hardware,Manchester,Town,Introducing a new hardware project designed to make everyday work easier.,0
228,21,98,16596.9,2019-10-02,2019-10-23,21,GBP,GB,Technology,Apps,Bristol,Suburb,Introducing a new apps project designed to make everyday work easier.,1
229,38,84,2984.96,2020-05-14,2020-07-03,50,USD,US,Music,Pop,Seattle,City,Support our new pop project and help us share the music with listeners.,1
230,45,151,19476.03,2018-12-09,2019-01-27,49,CAD,CA,Journalism,Print,Calgary,City,A new print project focused on independent stories and community voices.,0
231,47,108,340563.02,2019-08-07,2019-09-14,38,USD,US,Film & Video,Documentary,Seattle,City,Help us bring this original documentary story to life for a wider audience.,0
232,38,133,9949.96,2020-07-31,2020-09-22,53,USD,US,Photography,Photobooks,Boston,City,"A new photobooks project documenting people, places and memorable stories.",1
233,66,123,2254.72,2018-06-07,2018-07-27,50,EUR,ES,Games,Tabletop Games,Barcelona,County,"A new tabletop games experience built for players, families and communities.",0
234,54,128,17329.09,2020-12-27,2021-02-24,59,USD,US,Film & Video,Feature Film,Chicago,City,Help us bring this original feature film story to life for a wider audience.,0
235,17,82,25026.43,2020-04-26,2020-05-30,34,USD,US,Technology,Hardware,Boston,Suburb,Introducing a new hardware project designed to make everyday work easier.,1
236,13,148,2808.57,2019-09-28,2019-11-13,46,USD,US,Art,Painting,Boston,City,"A new painting project exploring creative ideas, materials and visual storytelling.",1
237,18,105,836.33,2020-07-06,2020-08-28,53,DKK,DK,Art,Mixed Media,Odense,City,"A new mixed media project exploring creative ideas, materials and visual storytelling.",0
238,53,151,2821.94,2018-01-08,2018-02-17,40,GBP,GB,Games,Tabletop Games,London,County,"A new tabletop games experience built for players, families and communities.",1
239,9,121,11133.53,2020-12-04,2021-01-13,40,USD,US,Music,Hip-Hop,Chicago,City,Support our new hip-hop project and help us share the music with listeners.,0
240,42,151,5924.94,2018-07-02,2018-08-21,50,EUR,IT,Technology,Apps,Florence,City,Introducing a new apps project designed to make everyday work easier.,1
241,32,126,63753.38,2018-12-14,2019-02-09,57,EUR,ES,Games,Mobile Games,Seville,Town,"A new mobile games experience built for players, families and communities.",0
242,16,102,26747.26,2018-05-22,2018-07-10,49,USD,US,Dance,Experimental,Boston,Zip,"A new experimental project combining movement, performance and original ideas.",0
243,39,150,14055.09,2020-06-30,2020-08-26,57,AUD,AU,Publishing,Fiction,Melbourne,City,We are creating a new fiction book and bringing the project to readers.,1
244,32,112,802.7,2020-08-07,2020-09-25,49,EUR,FR,Games,Mobile Games,Paris,City,"A new mobile games experience built for players, families and communities.",1
245,47,124,31881.64,2019-12-16,2020-01-11,26,AUD,AU,Crafts,Crochet,Melbourne,Town,A new crochet project making useful and creative handmade products.,1
246,11,111,257915.35,2019-08-06,2019-09-22,47,USD,US,Film & Video,Short Film,New York,LocalAdmin,Help us bring this original short film story to life for a wider audience.,1
247,22,92,45671.82,2018-12-12,2019-01-31,50,EUR,NL,Fashion,Accessories,Amsterdam,City,"A new accessories collection focused on creativity, quality and original ideas.",1
248,22,103,4329.62,2019-03-05,2019-04-02,28,GBP,GB,Food,Drinks,London,City,We are developing a new drinks project for people who love great food.,1
249,45,129,9713.93,2019-06-27,2019-08-13,47,USD,US,Music,Rock,Austin,City,Support our new rock project and help us share the music with listeners.,1
250,31,137,24446.35,2020-01-17,2020-03-17,60,USD,US,Games,Mobile Games,Chicago,County,"A new mobile games experience built for players, families and communities.",1
251,53,47,102948.77,2020-07-19,2020-09-16,59,USD,US,Technology,Apps,San Francisco,City,Introducing a new apps project designed to make everyday work easier.,1
252,29,118,4018.84,2018-10-02,2018-11-30,59,USD,US,Design,Product Design,Los Angeles,City,We are creating a practical product design with a fresh and thoughtful design.,0
253,38,106,5832.0,2018-07-25,2018-09-01,38,EUR,FR,Art,Mixed Media,Lyon,City,"A new mixed media project exploring creative ideas, materials and visual storytelling.",1
254,57,67,11223.37,2018-09-09,2018-10-08,29,USD,US,Crafts,DIY,San Francisco,City,A new diy project making useful and creative handmade products.,1
255,8,134,9799.67,2021-01-27,2021-03-13,45,USD,US,Journalism,Print,Seattle,Island,A new print project focused on independent stories and community voices.,0
256,35,151,40979.17,2019-02-16,2019-03-19,31,GBP,GB,Photography,Photobooks,Edinburgh,County,"A new photobooks project documenting people, places and memorable stories.",1
257,35,151,18019.74,2021-02-26,2021-03-24,26,USD,US,Food,Food,Boston,City,We are developing a new food project for people who love great food.,1
258,23,38,1376.14,2019-07-14,2019-08-19,36,USD,IN,Theater,Plays,Hyderabad,City,A new plays production bringing an original story to the stage.,1
259,33,118,4335.75,2021-03-27,2021-05-03,37,USD,US,Music,Classical,Los Angeles,County,Support our new classical project and help us share the music with listeners.,1
260,40,89,4533.58,2018-10-12,2018-11-21,40,USD,US,Fashion,Apparel,Portland,City,"A new apparel collection focused on creativity, quality and original ideas.",1
261,24,95,387.43,2020-01-14,2020-02-11,28,USD,US,Food,Restaurants,San Francisco,City,We are developing a new restaurants project for people who love great food.,1
262,36,100,50695.82,2019-09-22,2019-10-18,26,USD,US,Games,Mobile Games,Austin,Town,"A new mobile games experience built for players, families and communities.",0
263,20,41,14734.11,2020-01-22,2020-02-09,18,USD,US,Dance,Dance Training,San Francisco,City,"A new dance training project combining movement, performance and original ideas.",1
264,32,46,5190.62,2018-07-14,2018-09-12,60,EUR,DE,Art,Illustration,Cologne,City,"A new illustration project exploring creative ideas, materials and visual storytelling.",1
265,49,111,48615.99,2020-01-31,2020-02-27,27,USD,IN,Technology,Software,Bengaluru,City,Introducing a new software project designed to make everyday work easier.,1
266,50,115,19143.58,2019-12-09,2020-01-10,32,USD,US,Art,Sculpture,Chicago,Zip,"A new sculpture project exploring creative ideas, materials and visual storytelling.",1
267,53,102,1634.63,2018-08-05,2018-10-01,57,AUD,AU,Journalism,Investigative,Perth,County,A new investigative project focused on independent stories and community voices.,1
268,33,71,30869.69,2019-09-21,2019-11-02,42,EUR,DE,Dance,Dance Training,Munich,City,"A new dance training project combining movement, performance and original ideas.",1
269,30,96,100785.99,2020-08-01,2020-09-22,52,EUR,ES,Photography,Photobooks,Seville,Suburb,"A new photobooks project documenting people, places and memorable stories.",1
270,46,151,9660.71,2020-02-09,2020-04-04,55,USD,US,Technology,Hardware,Chicago,County,Introducing a new hardware project designed to make everyday work easier.,1
271,53,97,10815.5,2020-06-14,2020-08-11,58,USD,US,Film & Video,Documentary,San Francisco,City,Help us bring this original documentary story to life for a wider audience.,1
272,36,93,14181.45,2018-04-21,2018-05-24,33,USD,US,Comics,Webcomics,Seattle,City,"A new webcomics project featuring original characters, artwork and storytelling.",1
273,58,145,1816.97,2018-02-27,2018-04-28,60,EUR,DE,Crafts,Crochet,Cologne,City,A new crochet project making useful and creative handmade products.,1
274,46,102,14940.97,2021-01-12,2021-03-10,57,EUR,IT,Art,Illustration,Turin,City,"A new illustration project exploring creative ideas, materials and visual storytelling.",1
275,26,128,3013.45,2019-09-05,2019-10-27,52,USD,US,Design,Product Design,Austin,City,We are creating a practical product design with a fresh and thoughtful design.,1
276,28,122,11879.24,2019-05-16,2019-07-15,60,USD,US,Art,Painting,New York,City,"A new painting project exploring creative ideas, materials and visual storytelling.",0
277,34,81,15518.59,2019-09-02,2019-09-19,17,NZD,NZ,Food,Drinks,Wellington,City,We are developing a new drinks project for people who love great food.,1
278,11,78,27320.32,2018-01-08,2018-02-10,33,EUR,IT,Art,Painting,Rome,City,"A new painting project exploring creative ideas, materials and visual storytelling.",0
279,27,68,28922.52,2019-02-12,2019-03-18,34,USD,IN,Music,Classical,Mumbai,City,Support our new classical project and help us share the music with listeners.,1
280,52,78,2849.05,2019-10-07,2019-11-15,39,EUR,DE,Art,Mixed Media,Berlin,County,"A new mixed media project exploring creative ideas, materials and visual storytelling.",1
281,55,133,16049.98,2020-12-28,2021-01-22,25,USD,US,Comics,Graphic Novels,New York,Town,"A new graphic novels project featuring original characters, artwork and storytelling.",1
282,39,83,52817.78,2020-04-23,2020-05-24,31,CAD,CA,Comics,Comic Books,Calgary,City,"A new comic books project featuring original characters, artwork and storytelling.",0
283,42,104,2008.05,2019-11-29,2020-01-17,49,AUD,AU,Photography,Nature,Sydney,Suburb,"A new nature project documenting people, places and memorable stories.",1
284,30,100,179435.66,2021-03-27,2021-04-24,28,USD,US,Fashion,Apparel,Boston,Suburb,"A new apparel collection focused on creativity, quality and original ideas.",0
285,25,119,2658.22,2019-12-26,2020-02-17,53,GBP,GB,Film & Video,Feature Film,Manchester,LocalAdmin,Help us bring this original feature film story to life for a wider audience.,1
286,44,67,149521.95,2019-07-18,2019-08-20,33,EUR,DE,Design,Architecture,Munich,City,We are creating a practical architecture with a fresh and thoughtful design.,0
287,28,141,2731.65,2018-10-25,2018-11-11,17,USD,US,Art,Sculpture,Los Angeles,City,"A new sculpture project exploring creative ideas, materials and visual storytelling.",1
288,60,151,10998.57,2020-09-14,2020-11-01,48,EUR,FR,Art,Mixed Media,Paris,Suburb,"A new mixed media project exploring creative ideas, materials and visual storytelling.",1
289,41,107,8898.69,2018-02-08,2018-04-04,55,CAD,CA,Crafts,Candles,Calgary,City,A new candles project making useful and creative handmade products.,1
290,42,41,1442.47,2020-02-08,2020-03-15,36,NOK,NO,Technology,Gadgets,Trondheim,Suburb,Introducing a new gadgets project designed to make everyday work easier.,1
291,19,82,35413.99,2020-11-29,2021-01-20,52,USD,US,Comics,Graphic Novels,Boston,City,"A new graphic novels project featuring original characters, artwork and storytelling.",0
292,1,117,38347.33,2021-01-04,2021-02-14,41,USD,US,Design,Architecture,New York,City,We are creating a practical architecture with a fresh and thoughtful design.,0
293,42,119,31359.14,2019-12-27,2020-01-31,35,CAD,CA,Photography,Nature,Calgary,Town,"A new nature project documenting people, places and memorable stories.",1
294,28,100,8164.25,2018-01-26,2018-03-22,55,USD,US,Journalism,Audio,Seattle,County,A new audio project focused on independent stories and community voices.,1
295,50,141,4043.8,2018-08-14,2018-09-28,45,EUR,DE,Fashion,Accessories,Munich,Zip,"A new accessories collection focused on creativity, quality and original ideas.",1
296,21,91,65930.37,2019-06-12,2019-07-23,41,EUR,FR,Film & Video,Documentary,Lyon,Town,Help us bring this original documentary story to life for a wider audience.,1
297,27,138,16705.61,2019-12-25,2020-02-14,51,USD,US,Dance,Experimental,Austin,City,"A new experimental project combining movement, performance and original ideas.",1
298,52,108,3716.05,2019-08-20,2019-09-05,16,GBP,GB,Film & Video,Short Film,London,Zip,Help us bring this original short film story to life for a wider audience.,1
299,42,91,16733.94,2020-10-05,2020-10-28,23,GBP,GB,Music,Hip-Hop,Manchester,City,Support our new hip-hop project and help us share the music with listeners.,1
300,20,130,895.04,2018-05-28,2018-06-30,33,USD,US,Food,Drinks,Los Angeles,County,We are developing a new drinks project for people who love great food.,1
301,36,107,14182.03,2018-09-27,2018-11-22,56,EUR,IE,Music,Classical,Galway,City,Support our new classical project and help us share the music with listeners.,0
302,64,135,33160.41,2019-07-15,2019-09-03,50,EUR,IT,Art,Painting,Florence,City,"A new painting project exploring creative ideas, materials and visual storytelling.",1
303,37,151,9086.81,2019-01-09,2019-02-02,24,AUD,AU,Theater,Plays,Melbourne,City,A new plays production bringing an original story to the stage.,1
304,33,80,36118.75,2018-10-02,2018-11-25,54,EUR,DE,Fashion,Apparel,Hamburg,Zip,"A new apparel collection focused on creativity, quality and original ideas.",0
305,48,134,42325.87,2019-08-04,2019-10-02,59,GBP,GB,Food,Food,Bristol,County,We are developing a new food project for people who love great food.,1
306,40,127,18387.03,2019-10-22,2019-12-14,53,NZD,NZ,Design,Architecture,Wellington,LocalAdmin,We are creating a practical architecture with a fresh and thoughtful design.,1
307,57,151,185938.35,2019-01-28,2019-02-18,21,AUD,AU,Dance,Dance Training,Sydney,City,"A new dance training project combining movement, performance and original ideas.",0
308,46,135,97860.02,2021-02-10,2021-02-28,18,EUR,DE,Comics,Graphic Novels,Berlin,Suburb,"A new graphic novels project featuring original characters, artwork and storytelling.",1
309,49,151,31730.31,2018-07-07,2018-08-05,29,EUR,NL,Fashion,Apparel,Amsterdam,Suburb,"A new apparel collection focused on creativity, quality and original ideas.",1
310,57,78,20808.36,2019-10-05,2019-10-31,26,USD,US,Fashion,Footwear,San Francisco,City,"A new footwear collection focused on creativity, quality and original ideas.",1
311,31,70,8064.99,2018-11-11,2018-12-01,20,EUR,IT,Music,Classical,Rome,LocalAdmin,Support our new classical project and help us share the music with listeners.,1
312,26,80,4400.88,2020-01-30,2020-02-22,23,USD,US,Theater,Plays,San Francisco,City,A new plays production bringing an original story to the stage.,1
313,15,103,41306.08,2019-06-09,2019-07-28,49,USD,US,Art,Sculpture,San Francisco,Town,"A new sculpture project exploring creative ideas, materials and visual storytelling.",0
314,32,149,8812.92,2020-12-07,2020-12-29,22,USD,US,Games,Tabletop Games,Chicago,City,"A new tabletop games experience built for players, families and communities.",1
315,15,151,2491.95,2020-02-18,2020-03-10,21,USD,IN,Photography,Fine Art,Chennai,Town,"A new fine art project documenting people, places and memorable stories.",0
316,40,97,3461.01,2018-08-20,2018-09-07,18,EUR,ES,Music,Pop,Seville,Town,Support our new pop project and help us share the music with listeners.,1
317,26,105,4246.57,2020-07-01,2020-07-28,27,EUR,DE,Fashion,Apparel,Cologne,City,"A new apparel collection focused on creativity, quality and original ideas.",1
318,49,73,181801.01,2018-03-10,2018-04-12,33,EUR,DE,Publishing,Nonfiction,Cologne,City,We are creating a new nonfiction book and bringing the project to readers.,1
319,47,110,44658.28,2019-02-19,2019-03-12,21,CAD,CA,Crafts,Candles,Montreal,County,A new candles project making useful and creative handmade products.,1
320,29,102,12654.77,2020-01-16,2020-02-09,24,DKK,DK,Dance,Performances,Aarhus,City,"A new performances project combining movement, performance and original ideas.",0
321,50,102,22794.73,2020-08-26,2020-10-04,39,GBP,GB,Photography,Fine Art,Edinburgh,City,"A new fine art project documenting people, places and memorable stories.",0
322,37,143,27288.16,2018-11-15,2019-01-12,58,USD,US,Music,Classical,Los Angeles,City,Support our new classical project and help us share the music with listeners.,1
323,8,120,3122.36,2020-01-11,2020-02-29,49,USD,US,Dance,Dance Training,Seattle,City,"A new dance training project combining movement, performance and original ideas.",1
324,20,69,1964.38,2018-03-16,2018-04-24,39,EUR,FR,Crafts,Woodworking,Paris,City,A new woodworking project making useful and creative handmade products.,1
325,24,31,61239.81,2020-07-10,2020-08-22,43,EUR,DE,Journalism,Investigative,Munich,Town,A new investigative project focused on independent stories and community voices.,0
326,35,125,1481.18,2019-04-03,2019-04-29,26,USD,US,Crafts,DIY,Los Angeles,Suburb,A new diy project making useful and creative handmade products.,0
327,29,115,11680.1,2018-08-25,2018-10-18,54,USD,US,Theater,Musicals,New York,City,A new musicals production bringing an original story to the stage.,1
328,27,119,3920.53,2018-05-08,2018-06-03,26,EUR,ES,Crafts,Crochet,Valencia,City,A new crochet project making useful and creative handmade products.,1
329,44,115,16902.16,2020-09-10,2020-09-30,20,USD,US,Dance,Experimental,Portland,City,"A new experimental project combining movement, performance and original ideas.",1
330,47,74,8106.58,2021-03-22,2021-04-15,24,EUR,DE,Film & Video,Documentary,Cologne,City,Help us bring this original documentary story to life for a wider audience.,1
331,26,102,27455.85,2020-04-06,2020-04-22,16,USD,IN,Dance,Experimental,Delhi,County,"A new experimental project combining movement, performance and original ideas.",0
332,22,99,333.74,2020-12-31,2021-02-28,59,USD,US,Games,Video Games,Chicago,City,"A new video games experience built for players, families and communities.",1
333,54,106,68165.97,2019-05-20,2019-06-28,39,USD,US,Art,Mixed Media,Austin,County,"A new mixed media project exploring creative ideas, materials and visual storytelling.",1
334,76,134,37515.4,2020-09-16,2020-10-07,21,EUR,DE,Food,Food,Cologne,City,We are developing a new food project for people who love great food.,0
335,21,91,57558.51,2020-03-28,2020-05-21,54,EUR,IT,Film & Video,Feature Film,Florence,County,Help us bring this original feature film story to life for a wider audience.,1
336,48,73,48149.33,2018-07-11,2018-08-17,37,GBP,GB,Comics,Comic Books,Manchester,Island,"A new comic books project featuring original characters, artwork and storytelling.",1
337,33,148,19517.15,2019-04-24,2019-05-19,25,USD,IN,Food,Restaurants,Bengaluru,Town,We are developing a new restaurants project for people who love great food.,1
338,45,86,4440.72,2020-05-10,2020-06-29,50,USD,US,Art,Illustration,San Francisco,Town,"A new illustration project exploring creative ideas, materials and visual storytelling.",1
339,21,143,23676.32,2018-11-24,2018-12-31,37,GBP,GB,Music,Pop,Manchester,City,Support our new pop project and help us share the music with listeners.,0
340,16,151,18796.84,2019-12-18,2020-02-13,57,EUR,DE,Photography,Photobooks,Cologne,City,"A new photobooks project documenting people, places and memorable stories.",1
341,18,151,46692.24,2018-03-03,2018-03-24,21,EUR,NL,Games,Mobile Games,Rotterdam,City,"A new mobile games experience built for players, families and communities.",1
342,27,128,31452.04,2018-05-27,2018-07-07,41,USD,US,Games,Mobile Games,Boston,Suburb,"A new mobile games experience built for players, families and communities.",1
343,31,102,13887.15,2018-12-20,2019-01-16,27,EUR,IT,Comics,Webcomics,Milan,Zip,"A new webcomics project featuring original characters, artwork and storytelling.",0
344,49,135,23482.5,2020-02-10,2020-03-12,31,GBP,GB,Film & Video,Feature Film,London,City,Help us bring this original feature film story to life for a wider audience.,0
345,22,107,26939.36,2020-02-21,2020-04-07,46,USD,US,Theater,Plays,Austin,Suburb,A new plays production bringing an original story to the stage.,0
346,25,150,64833.23,2019-12-17,2020-01-26,40,USD,US,Technology,Apps,Austin,City,Introducing a new apps project designed to make everyday work easier.,0
347,66,127,176888.93,2019-03-27,2019-05-02,36,EUR,NL,Journalism,Audio,Rotterdam,City,A new audio project focused on independent stories and community voices.,1
348,36,119,30276.87,2018-09-21,2018-10-18,27,USD,US,Crafts,Crochet,Los Angeles,Suburb,A new crochet project making useful and creative handmade products.,1
349,39,109,27133.93,2018-05-05,2018-05-31,26,USD,US,Film & Video,Feature Film,Austin,City,Help us bring this original feature film story to life for a wider audience.,1
350,46,93,8493.17,2019-08-26,2019-09-16,21,USD,US,Photography,Photobooks,San Francisco,Suburb,"A new photobooks project documenting people, places and memorable stories.",1
351,27,108,7048.14,2020-03-27,2020-04-11,15,EUR,NL,Journalism,Print,Amsterdam,City,A new print project focused on independent stories and community voices.,1
352,35,117,3895.73,2020-11-29,2021-01-15,47,AUD,AU,Games,Mobile Games,Perth,City,"A new mobile games experience built for players, families and communities.",1
353,30,100,84.19,2018-05-13,2018-06-10,28,EUR,FR,Dance,Experimental,Lyon,Suburb,"A new experimental project combining movement, performance and original ideas.",1
354,34,117,3267.83,2019-06-13,2019-08-09,57,USD,US,Photography,Nature,New York,City,"A new nature project documenting people, places and memorable stories.",1
355,48,138,9181.37,2020-07-23,2020-09-16,55,CAD,CA,Art,Illustration,Montreal,County,"A new illustration project exploring creative ideas, materials and visual storytelling.",1
356,45,116,7464.83,2018-01-02,2018-02-02,31,CAD,CA,Comics,Webcomics,Montreal,City,"A new webcomics project featuring original characters, artwork and storytelling.",1
357,1,92,24352.71,2019-03-15,2019-04-02,18,EUR,ES,Art,Mixed Media,Seville,City,"A new mixed media project exploring creative ideas, materials and visual storytelling.",0
358,50,25,3451.03,2020-06-09,2020-08-01,53,NZD,NZ,Technology,Apps,Wellington,City,Introducing a new apps project designed to make everyday work easier.,1
359,30,144,3694.71,2018-08-10,2018-08-25,15,USD,US,Photography,Photobooks,Austin,Town,"A new photobooks project documenting people, places and memorable stories.",1
360,41,105,453.24,2020-10-12,2020-12-06,55,AUD,AU,Design,Product Design,Melbourne,City,We are creating a practical product design with a fresh and thoughtful design.,1
361,29,114,24918.8,2020-04-14,2020-06-12,59,USD,US,Design,Graphic Design,Boston,LocalAdmin,We are creating a practical graphic design with a fresh and thoughtful design.,0
362,34,124,3030.6,2018-12-06,2019-01-13,38,GBP,GB,Music,Hip-Hop,Manchester,Town,Support our new hip-hop project and help us share the music with listeners.,0
363,55,124,3955.46,2018-05-20,2018-07-07,48,USD,US,Film & Video,Webseries,Chicago,Town,Help us bring this original webseries story to life for a wider audience.,1
364,40,131,28796.82,2018-09-12,2018-10-30,48,USD,US,Games,Video Games,San Francisco,Suburb,"A new video games experience built for players, families and communities.",1
365,54,138,3054.68,2019-03-13,2019-04-20,38,USD,US,Games,Video Games,Austin,City,"A new video games experience built for players, families and communities.",1
366,34,131,21637.54,2018-07-03,2018-08-01,29,CAD,CA,Crafts,Candles,Montreal,City,A new candles project making useful and creative handmade products.,0
367,33,14,1848.99,2020-08-01,2020-09-01,31,USD,US,Crafts,Crochet,Los Angeles,City,A new crochet project making useful and creative handmade products.,1
368,35,120,11613.45,2019-10-16,2019-11-12,27,EUR,DE,Crafts,DIY,Berlin,City,A new diy project making useful and creative handmade products.,0
369,16,116,4664.34,2020-07-15,2020-08-05,21,USD,US,Dance,Performances,Seattle,City,"A new performances project combining movement, performance and original ideas.",1
370,1,100,7941.88,2018-04-29,2018-05-22,23,USD,US,Food,Drinks,Portland,Suburb,We are developing a new drinks project for people who love great food.,1
371,23,122,124962.12,2018-11-21,2019-01-18,58,EUR,FR,Fashion,Accessories,Paris,City,"A new accessories collection focused on creativity, quality and original ideas.",0
372,50,109,945.55,2018-10-12,2018-11-30,49,USD,US,Food,Drinks,Los Angeles,Zip,We are developing a new drinks project for people who love great food.,1
373,56,91,108814.35,2019-08-08,2019-09-14,37,USD,US,Art,Sculpture,Los Angeles,Town,"A new sculpture project exploring creative ideas, materials and visual storytelling.",1
374,5,145,2888.69,2019-03-17,2019-05-09,53,AUD,AU,Food,Restaurants,Perth,County,We are developing a new restaurants project for people who love great food.,1
375,54,118,46153.99,2018-07-05,2018-08-11,37,USD,US,Dance,Experimental,Los Angeles,Suburb,"A new experimental project combining movement, performance and original ideas.",1
376,26,113,62755.61,2021-01-05,2021-02-14,40,USD,US,Music,Rock,Boston,City,Support our new rock project and help us share the music with listeners.,0
377,14,45,23385.66,2020-09-27,2020-10-12,15,USD,US,Art,Illustration,Boston,City,"A new illustration project exploring creative ideas, materials and visual storytelling.",0
378,51,151,1815.42,2018-08-01,2018-08-29,28,DKK,DK,Food,Drinks,Copenhagen,LocalAdmin,We are developing a new drinks project for people who love great food.,1
379,27,52,18304.97,2019-01-20,2019-03-07,46,AUD,AU,Dance,Dance Training,Sydney,Suburb,"A new dance training project combining movement, performance and original ideas.",1
380,74,124,634113.61,2020-11-04,2020-11-28,24,AUD,AU,Fashion,Apparel,Brisbane,City,"A new apparel collection focused on creativity, quality and original ideas.",1
381,25,129,12210.81,2018-03-14,2018-03-29,15,CAD,CA,Food,Food,Montreal,Town,We are developing a new food project for people who love great food.,1
382,31,151,10263.98,2018-09-29,2018-10-18,19,USD,US,Dance,Dance Training,Seattle,Island,"A new dance training project combining movement, performance and original ideas.",1
383,20,79,8841.61,2020-07-18,2020-08-04,17,USD,US,Technology,Software,Austin,City,Introducing a new software project designed to make everyday work easier.,1
384,37,84,26683.09,2019-07-27,2019-09-06,41,EUR,DE,Crafts,Woodworking,Cologne,City,A new woodworking project making useful and creative handmade products.,1
385,47,132,10483.22,2018-05-12,2018-06-17,36,USD,US,Technology,Software,Seattle,LocalAdmin,Introducing a new software project designed to make everyday work easier.,0
386,9,128,18653.28,2021-02-26,2021-03-30,32,USD,US,Games,Video Games,Chicago,City,"A new video games experience built for players, families and communities.",1
387,45,151,7627.85,2020-02-20,2020-03-21,30,USD,US,Crafts,Candles,Austin,City,A new candles project making useful and creative handmade products.,1
388,29,141,2407.83,2018-09-10,2018-09-26,16,USD,US,Games,Video Games,Boston,Suburb,"A new video games experience built for players, families and communities.",1
389,22,98,438830.73,2020-10-13,2020-11-09,27,USD,IN,Publishing,Children's Books,Chennai,County,We are creating a new children's books book and bringing the project to readers.,0
390,14,105,10330.46,2018-05-27,2018-07-25,59,USD,US,Comics,Graphic Novels,Austin,City,"A new graphic novels project featuring original characters, artwork and storytelling.",1
391,50,124,1706882.44,2019-07-09,2019-08-08,30,GBP,GB,Technology,Gadgets,Edinburgh,LocalAdmin,Introducing a new gadgets project designed to make everyday work easier.,0
392,39,62,23185.46,2020-06-06,2020-06-28,22,USD,US,Comics,Webcomics,Portland,Island,"A new webcomics project featuring original characters, artwork and storytelling.",1
393,26,125,30413.27,2018-12-23,2019-02-18,57,USD,IN,Comics,Webcomics,Bengaluru,City,"A new webcomics project featuring original characters, artwork and storytelling.",0
394,47,127,7429.92,2020-02-22,2020-03-15,22,USD,US,Fashion,Apparel,Austin,City,"A new apparel collection focused on creativity, quality and original ideas.",1
395,43,84,4786.61,2018-03-20,2018-04-13,24,USD,US,Crafts,Candles,Chicago,LocalAdmin,A new candles project making useful and creative handmade products.,1
396,48,102,7694.98,2018-03-30,2018-05-16,47,EUR,DE,Publishing,Children's Books,Hamburg,City,We are creating a new children's books book and bringing the project to readers.,1
397,60,49,3302.97,2019-07-15,2019-08-29,45,EUR,DE,Games,Mobile Games,Berlin,City,"A new mobile games experience built for players, families and communities.",1
398,38,136,2862.37,2019-10-04,2019-10-30,26,USD,US,Dance,Experimental,Boston,City,"A new experimental project combining movement, performance and original ideas.",1
399,64,121,190764.23,2020-01-30,2020-02-22,23,USD,US,Art,Illustration,Boston,Suburb,"A new illustration project exploring creative ideas, materials and visual storytelling.",0
400,56,69,41451.46,2018-10-24,2018-12-14,51,USD,US,Dance,Experimental,Austin,Suburb,"A new experimental project combining movement, performance and original ideas.",1
401,47,76,122375.43,2018-04-24,2018-05-17,23,USD,US,Art,Painting,Los Angeles,City,"A new painting project exploring creative ideas, materials and visual storytelling.",1
402,10,95,68614.31,2018-06-29,2018-07-31,32,USD,US,Technology,Software,New York,City,Introducing a new software project designed to make everyday work easier.,1
403,37,133,4724.59,2020-11-14,2020-12-28,44,GBP,GB,Design,Graphic Design,Bristol,City,We are creating a practical graphic design with a fresh and thoughtful design.,0
404,39,123,1103.4,2019-11-04,2019-12-20,46,USD,US,Dance,Performances,Boston,City,"A new performances project combining movement, performance and original ideas.",1
405,38,83,5880.75,2019-07-09,2019-09-01,54,USD,US,Food,Restaurants,Austin,City,We are developing a new restaurants project for people who love great food.,1
406,33,90,13835.61,2020-02-14,2020-03-22,37,AUD,AU,Food,Drinks,Perth,City,We are developing a new drinks project for people who love great food.,0
407,45,110,70713.64,2020-03-30,2020-04-24,25,USD,IN,Film & Video,Feature Film,Delhi,City,Help us bring this original feature film story to life for a wider audience.,0
408,47,84,11026.15,2018-04-06,2018-05-10,34,CAD,CA,Crafts,DIY,Calgary,City,A new diy project making useful and creative handmade products.,1
409,10,92,1191268.08,2020-09-03,2020-10-06,33,USD,US,Art,Mixed Media,Seattle,City,"A new mixed media project exploring creative ideas, materials and visual storytelling.",1
410,55,129,6136.34,2020-09-11,2020-10-31,50,USD,US,Art,Painting,Boston,County,"A new painting project exploring creative ideas, materials and visual storytelling.",1
411,13,71,29995.46,2019-10-20,2019-11-29,40,NOK,NO,Photography,Fine Art,Bergen,City,"A new fine art project documenting people, places and memorable stories.",1
412,29,104,4745.0,2019-09-23,2019-10-17,24,USD,US,Music,Classical,Chicago,City,Support our new classical project and help us share the music with listeners.,1
413,22,101,22525.42,2020-12-25,2021-02-01,38,USD,US,Crafts,Crochet,Boston,City,A new crochet project making useful and creative handmade products.,1
414,24,107,9877.58,2020-08-27,2020-09-23,27,CAD,CA,Fashion,Footwear,Toronto,LocalAdmin,"A new footwear collection focused on creativity, quality and original ideas.",1
415,51,116,8161.94,2018-04-18,2018-06-17,60,CAD,CA,Film & Video,Documentary,Montreal,County,Help us bring this original documentary story to life for a wider audience.,1
416,37,126,4598.72,2021-02-05,2021-03-25,48,AUD,AU,Fashion,Accessories,Perth,Town,"A new accessories collection focused on creativity, quality and original ideas.",1
417,45,132,15083.44,2020-10-03,2020-11-15,43,USD,US,Technology,Gadgets,Portland,Island,Introducing a new gadgets project designed to make everyday work easier.,0
418,44,98,43858.77,2018-07-02,2018-08-21,50,USD,US,Technology,Software,Boston,City,Introducing a new software project designed to make everyday work easier.,1
419,6,103,2647.34,2020-04-20,2020-05-11,21,USD,IN,Fashion,Footwear,Mumbai,Suburb,"A new footwear collection focused on creativity, quality and original ideas.",1
420,27,119,11129.71,2020-06-05,2020-07-19,44,USD,US,Fashion,Apparel,Boston,City,"A new apparel collection focused on creativity, quality and original ideas.",0
421,46,113,25771.38,2020-12-20,2021-01-20,31,AUD,AU,Publishing,Children's Books,Brisbane,Town,We are creating a new children's books book and bringing the project to readers.,0
422,45,125,34583.89,2019-12-06,2020-01-02,27,EUR,DE,Crafts,Candles,Hamburg,City,A new candles project making useful and creative handmade products.,1
423,9,121,215422.2,2018-10-25,2018-12-02,38,CAD,CA,Fashion,Apparel,Vancouver,County,"A new apparel collection focused on creativity, quality and original ideas.",1
424,50,83,29425.4,2020-04-26,2020-06-10,45,USD,US,Food,Drinks,San Francisco,City,We are developing a new drinks project for people who love great food.,1
425,44,151,6455.11,2021-02-11,2021-03-24,41,USD,US,Music,Classical,Chicago,City,Support our new classical project and help us share the music with listeners.,0
426,21,108,4975.39,2020-02-11,2020-03-17,35,CAD,CA,Music,Classical,Toronto,Suburb,Support our new classical project and help us share the music with listeners.,1
427,41,129,4881.76,2020-10-10,2020-12-07,58,EUR,NL,Comics,Webcomics,Utrecht,Town,"A new webcomics project featuring original characters, artwork and storytelling.",1
428,32,126,4477.85,2020-01-30,2020-02-14,15,DKK,DK,Design,Product Design,Copenhagen,County,We are creating a practical product design with a fresh and thoughtful design.,1
429,42,116,16765.07,2020-08-15,2020-09-13,29,USD,US,Technology,Hardware,Austin,Town,Introducing a new hardware project designed to make everyday work easier.,0
430,8,116,23029.12,2019-06-19,2019-07-06,17,USD,US,Art,Mixed Media,New York,City,"A new mixed media project exploring creative ideas, materials and visual storytelling.",0
431,30,136,43075.36,2019-04-23,2019-05-13,20,DKK,DK,Photography,Photobooks,Copenhagen,Suburb,"A new photobooks project documenting people, places and memorable stories.",0
432,53,102,33637.73,2018-01-31,2018-02-28,28,EUR,DE,Theater,Experimental Theater,Cologne,LocalAdmin,A new experimental theater production bringing an original story to the stage.,1
433,43,131,82795.42,2019-04-02,2019-05-24,52,SEK,SE,Art,Painting,Gothenburg,Suburb,"A new painting project exploring creative ideas, materials and visual storytelling.",1
434,47,123,4254.93,2020-02-21,2020-04-08,47,USD,US,Design,Product Design,Portland,City,We are creating a practical product design with a fresh and thoughtful design.,0
435,31,143,151632.09,2020-07-19,2020-09-09,52,CAD,CA,Photography,Nature,Calgary,Zip,"A new nature project documenting people, places and memorable stories.",1
436,43,93,4521.94,2021-02-08,2021-03-02,22,EUR,DE,Publishing,Children's Books,Berlin,City,We are creating a new children's books book and bringing the project to readers.,1
437,33,111,20577.57,2018-05-16,2018-06-25,40,AUD,AU,Crafts,Crochet,Melbourne,City,A new crochet project making useful and creative handmade products.,1
438,21,82,8873.16,2018-07-17,2018-08-15,29,USD,US,Dance,Experimental,Chicago,LocalAdmin,"A new experimental project combining movement, performance and original ideas.",0
439,31,141,11563.67,2018-01-21,2018-02-18,28,USD,US,Crafts,Crochet,Austin,Town,A new crochet project making useful and creative handmade products.,0
440,57,86,34020.19,2020-07-14,2020-08-17,34,CAD,CA,Art,Sculpture,Montreal,City,"A new sculpture project exploring creative ideas, materials and visual storytelling.",0
441,52,118,1290.92,2020-08-18,2020-09-20,33,USD,US,Art,Mixed Media,Los Angeles,Zip,"A new mixed media project exploring creative ideas, materials and visual storytelling.",1
442,20,94,3311.11,2020-02-09,2020-03-27,47,GBP,GB,Photography,Fine Art,Bristol,City,"A new fine art project documenting people, places and memorable stories.",1
443,29,142,38329.05,2020-10-18,2020-12-07,50,NOK,NO,Photography,Nature,Bergen,City,"A new nature project documenting people, places and memorable stories.",1
444,21,106,11960.03,2021-02-13,2021-03-23,38,USD,US,Technology,Hardware,Austin,City,Introducing a new hardware project designed to make everyday work easier.,1
445,38,128,8061.9,2018-06-21,2018-07-15,24,EUR,ES,Publishing,Children's Books,Barcelona,LocalAdmin,We are creating a new children's books book and bringing the project to readers.,1
446,50,75,2111.61,2018-05-03,2018-06-20,48,USD,US,Technology,Gadgets,San Francisco,City,Introducing a new gadgets project designed to make everyday work easier.,1
447,65,89,8149.93,2020-02-19,2020-04-09,50,AUD,AU,Design,Architecture,Melbourne,City,We are creating a practical architecture with a fresh and thoughtful design.,1
448,14,126,34479.83,2019-04-16,2019-06-05,50,USD,IN,Fashion,Apparel,Mumbai,City,"A new apparel collection focused on creativity, quality and original ideas.",1
449,48,147,5010.44,2019-08-08,2019-09-07,30,USD,US,Crafts,Woodworking,Portland,City,A new woodworking project making useful and creative handmade products.,1
450,35,124,99405.24,2019-04-21,2019-05-20,29,USD,US,Photography,Photobooks,Seattle,Suburb,"A new photobooks project documenting people, places and memorable stories.",1
451,29,151,63693.23,2021-02-23,2021-03-27,32,USD,US,Games,Tabletop Games,Los Angeles,City,"A new tabletop games experience built for players, families and communities.",1
452,21,132,6974.95,2020-05-21,2020-06-11,21,USD,US,Design,Graphic Design,San Francisco,City,We are creating a practical graphic design with a fresh and thoughtful design.,1
453,62,108,4776.3,2018-01-21,2018-02-26,36,EUR,DE,Food,Drinks,Munich,Suburb,We are developing a new drinks project for people who love great food.,1
454,11,98,165.29,2019-01-18,2019-03-05,46,NZD,NZ,Publishing,Fiction,Auckland,City,We are creating a new fiction book and bringing the project to readers.,1
455,28,151,2260.92,2020-05-11,2020-07-07,57,USD,US,Art,Sculpture,Austin,County,"A new sculpture project exploring creative ideas, materials and visual storytelling.",1
456,41,132,2055.43,2020-01-04,2020-02-06,33,USD,US,Technology,Gadgets,Chicago,City,Introducing a new gadgets project designed to make everyday work easier.,1
457,42,93,1305.92,2018-09-29,2018-11-22,54,USD,US,Design,Graphic Design,Chicago,Suburb,We are creating a practical graphic design with a fresh and thoughtful design.,0
458,54,88,11349.15,2018-08-19,2018-09-03,15,EUR,DE,Theater,Plays,Hamburg,City,A new plays production bringing an original story to the stage.,0
459,22,88,19465.26,2020-06-08,2020-07-27,49,USD,US,Crafts,DIY,San Francisco,Suburb,A new diy project making useful and creative handmade products.,0
460,44,123,199861.06,2018-11-19,2018-12-08,19,CAD,CA,Photography,Nature,Vancouver,LocalAdmin,"A new nature project documenting people, places and memorable stories.",1
461,34,62,13302.7,2019-08-16,2019-09-11,26,CAD,CA,Art,Mixed Media,Calgary,Suburb,"A new mixed media project exploring creative ideas, materials and visual storytelling.",0
462,36,93,513.19,2019-08-28,2019-09-23,26,CAD,CA,Dance,Dance Training,Calgary,Suburb,"A new dance training project combining movement, performance and original ideas.",1
463,28,117,3765.59,2019-02-09,2019-03-16,35,USD,US,Theater,Experimental Theater,Seattle,Suburb,A new experimental theater production bringing an original story to the stage.,1
464,37,109,30916.23,2019-04-04,2019-05-07,33,EUR,DE,Publishing,Children's Books,Cologne,City,We are creating a new children's books book and bringing the project to readers.,1
465,33,94,10577.37,2020-06-17,2020-07-10,23,USD,US,Design,Product Design,Chicago,City,We are creating a practical product design with a fresh and thoughtful design.,1
466,30,129,45285.64,2018-09-01,2018-10-28,57,USD,US,Film & Video,Webseries,Austin,County,Help us bring this original webseries story to life for a wider audience.,0
467,27,129,5411.88,2021-03-21,2021-05-10,50,EUR,NL,Art,Sculpture,Amsterdam,City,"A new sculpture project exploring creative ideas, materials and visual storytelling.",0
468,41,102,71562.02,2019-03-25,2019-05-20,56,EUR,DE,Crafts,Woodworking,Cologne,City,A new woodworking project making useful and creative handmade products.,0
469,15,92,17571.06,2020-12-10,2021-01-25,46,USD,US,Comics,Graphic Novels,Austin,City,"A new graphic novels project featuring original characters, artwork and storytelling.",1
470,32,134,18277.98,2019-07-22,2019-09-09,49,USD,US,Games,Mobile Games,Chicago,City,"A new mobile games experience built for players, families and communities.",0
471,23,103,15139.95,2021-02-04,2021-03-21,45,USD,US,Journalism,Print,Austin,City,A new print project focused on independent stories and community voices.,1
472,33,108,3665.32,2018-01-04,2018-02-19,46,USD,US,Theater,Experimental Theater,Los Angeles,LocalAdmin,A new experimental theater production bringing an original story to the stage.,1
473,33,131,10982.04,2019-08-27,2019-10-17,51,USD,US,Fashion,Apparel,Portland,County,"A new apparel collection focused on creativity, quality and original ideas.",1
474,48,75,18920.31,2019-06-11,2019-07-27,46,USD,US,Journalism,Audio,Seattle,City,A new audio project focused on independent stories and community voices.,1
475,45,92,1368.74,2020-05-19,2020-07-15,57,GBP,GB,Crafts,Crochet,London,Town,A new crochet project making useful and creative handmade products.,1
476,39,100,13575.65,2021-02-21,2021-04-13,51,EUR,DE,Food,Restaurants,Berlin,Town,We are developing a new restaurants project for people who love great food.,1
477,38,151,78883.13,2019-02-21,2019-04-15,53,CAD,CA,Technology,Hardware,Calgary,City,Introducing a new hardware project designed to make everyday work easier.,1
478,32,70,23507.62,2019-02-07,2019-03-31,52,AUD,AU,Food,Restaurants,Melbourne,City,We are developing a new restaurants project for people who love great food.,1
479,32,109,99903.67,2021-01-03,2021-02-16,44,USD,US,Comics,Webcomics,Portland,LocalAdmin,"A new webcomics project featuring original characters, artwork and storytelling.",1
480,9,81,22575.92,2020-11-11,2020-12-27,46,NOK,NO,Theater,Musicals,Bergen,City,A new musicals production bringing an original story to the stage.,1
481,46,151,2984.94,2018-12-22,2019-02-19,59,EUR,ES,Fashion,Apparel,Barcelona,City,"A new apparel collection focused on creativity, quality and original ideas.",1
482,39,116,40877.68,2020-08-25,2020-09-10,16,EUR,IT,Film & Video,Feature Film,Rome,City,Help us bring this original feature film story to life for a wider audience.,1
483,53,79,2046.88,2018-03-27,2018-04-21,25,EUR,IT,Comics,Webcomics,Rome,County,"A new webcomics project featuring original characters, artwork and storytelling.",1
484,27,59,8687.01,2018-05-10,2018-06-13,34,EUR,IE,Theater,Experimental Theater,Cork,County,A new experimental theater production bringing an original story to the stage.,1
485,54,126,7823.35,2019-08-12,2019-10-02,51,GBP,GB,Music,Rock,Manchester,City,Support our new rock project and help us share the music with listeners.,1
486,32,114,4193.67,2018-10-07,2018-10-30,23,USD,US,Journalism,Print,Chicago,City,A new print project focused on independent stories and community voices.,1
487,26,127,479290.0,2020-03-08,2020-04-29,52,CAD,CA,Comics,Comic Books,Toronto,Zip,"A new comic books project featuring original characters, artwork and storytelling.",1
488,58,78,10722.09,2018-05-08,2018-06-10,33,EUR,DE,Journalism,Audio,Berlin,City,A new audio project focused on independent stories and community voices.,0
489,40,151,198443.08,2019-06-21,2019-08-14,54,EUR,DE,Art,Sculpture,Cologne,County,"A new sculpture project exploring creative ideas, materials and visual storytelling.",0
490,60,110,20439.55,2019-12-17,2020-01-07,21,GBP,GB,Food,Drinks,London,City,We are developing a new drinks project for people who love great food.,1
491,38,121,3361.8,2018-09-05,2018-09-24,19,USD,US,Art,Mixed Media,Portland,County,"A new mixed media project exploring creative ideas, materials and visual storytelling.",1
492,47,127,6360.11,2018-03-21,2018-05-16,56,USD,US,Games,Video Games,San Francisco,City,"A new video games experience built for players, families and communities.",1
493,50,111,11305.18,2020-12-27,2021-02-03,38,NZD,NZ,Music,Pop,Christchurch,LocalAdmin,Support our new pop project and help us share the music with listeners.,1
494,31,147,7064.65,2020-05-19,2020-07-13,55,CAD,CA,Fashion,Apparel,Toronto,County,"A new apparel collection focused on creativity, quality and original ideas.",1
495,40,92,7848.17,2018-04-06,2018-04-27,21,GBP,GB,Film & Video,Documentary,London,City,Help us bring this original documentary story to life for a wider audience.,1
496,37,139,29201.2,2018-01-31,2018-02-25,25,USD,US,Publishing,Fiction,Boston,City,We are creating a new fiction book and bringing the project to readers.,1
497,47,148,21141.34,2020-05-10,2020-06-02,23,USD,US,Journalism,Print,Los Angeles,City,A new print project focused on independent stories and community voices.,1
498,19,139,34966.73,2018-04-18,2018-06-01,44,SEK,SE,Film & Video,Documentary,Malmo,LocalAdmin,Help us bring this original documentary story to life for a wider audience.,0
499,44,151,127902.43,2018-05-13,2018-07-07,55,AUD,AU,Journalism,Print,Perth,Town,A new print project focused on independent stories and community voices.,1
500,49,86,5778.27,2020-06-07,2020-06-24,17,EUR,FR,Crafts,Candles,Paris,Town,A new candles project making useful and creative handmade products.,1
501,25,123,67453.61,2020-08-20,2020-09-25,36,GBP,GB,Comics,Graphic Novels,Manchester,City,"A new graphic novels project featuring original characters, artwork and storytelling.",1
502,22,121,104062.29,2021-01-10,2021-03-05,54,CAD,CA,Games,Video Games,Vancouver,City,"A new video games experience built for players, families and communities.",1
503,10,110,89161.82,2020-08-30,2020-10-03,34,USD,US,Food,Drinks,Seattle,City,We are developing a new drinks project for people who love great food.,1
504,66,127,784.28,2019-04-07,2019-05-23,46,EUR,DE,Publishing,Children's Books,Berlin,City,We are creating a new children's books book and bringing the project to readers.,1
505,24,144,194672.91,2018-10-12,2018-11-02,21,USD,US,Photography,Photobooks,Austin,LocalAdmin,"A new photobooks project documenting people, places and memorable stories.",1
506,56,86,4474.92,2018-02-24,2018-03-17,21,USD,US,Journalism,Audio,Boston,City,A new audio project focused on independent stories and community voices.,1
507,32,72,692.02,2020-10-30,2020-12-03,34,AUD,AU,Film & Video,Webseries,Perth,City,Help us bring this original webseries story to life for a wider audience.,0
508,51,102,187396.61,2020-05-28,2020-07-06,39,DKK,DK,Games,Mobile Games,Copenhagen,City,"A new mobile games experience built for players, families and communities.",0
509,44,33,26593.94,2019-11-09,2020-01-07,59,USD,US,Dance,Experimental,San Francisco,City,"A new experimental project combining movement, performance and original ideas.",1
510,67,106,28352.05,2018-09-23,2018-11-11,49,EUR,IT,Publishing,Nonfiction,Rome,City,We are creating a new nonfiction book and bringing the project to readers.,1
511,57,151,7172.07,2019-12-12,2020-02-08,58,USD,US,Dance,Experimental,Portland,City,"A new experimental project combining movement, performance and original ideas.",1
512,38,65,15913.35,2018-11-05,2018-12-13,38,GBP,GB,Art,Sculpture,Edinburgh,City,"A new sculpture project exploring creative ideas, materials and visual storytelling.",1
513,40,95,9669.4,2020-08-01,2020-09-24,54,USD,US,Food,Food,Boston,City,We are developing a new food project for people who love great food.,1
514,45,74,4560.32,2019-11-19,2019-12-16,27,USD,US,Technology,Hardware,Boston,City,Introducing a new hardware project designed to make everyday work easier.,1
515,75,120,12435.34,2019-10-22,2019-12-14,53,GBP,GB,Technology,Apps,Bristol,Suburb,Introducing a new apps project designed to make everyday work easier.,1
516,36,127,14300.16,2018-04-09,2018-04-27,18,USD,US,Photography,Nature,Portland,City,"A new nature project documenting people, places and memorable stories.",1
517,16,109,1547.09,2020-04-03,2020-04-29,26,GBP,GB,Crafts,Crochet,Edinburgh,LocalAdmin,A new crochet project making useful and creative handmade products.,1
518,39,87,13080.68,2021-03-31,2021-05-01,31,EUR,IE,Film & Video,Short Film,Cork,City,Help us bring this original short film story to life for a wider audience.,1
519,25,114,751.45,2018-11-11,2018-11-26,15,USD,US,Theater,Experimental Theater,Los Angeles,City,A new experimental theater production bringing an original story to the stage.,1
520,38,145,235438.87,2018-11-28,2018-12-29,31,EUR,FR,Photography,Nature,Paris,City,"A new nature project documenting people, places and memorable stories.",0
521,52,135,10235.94,2020-04-27,2020-05-13,16,USD,US,Comics,Graphic Novels,Seattle,City,"A new graphic novels project featuring original characters, artwork and storytelling.",1
522,43,96,2279.8,2018-08-05,2018-08-25,20,AUD,AU,Comics,Webcomics,Melbourne,City,"A new webcomics project featuring original characters, artwork and storytelling.",0
523,26,98,26586.27,2018-11-26,2019-01-23,58,USD,US,Film & Video,Short Film,Seattle,City,Help us bring this original short film story to life for a wider audience.,0
524,32,97,3771.69,2018-11-13,2018-12-08,25,USD,US,Theater,Musicals,New York,City,A new musicals production bringing an original story to the stage.,1
525,19,123,11467.97,2018-10-20,2018-12-16,57,USD,US,Fashion,Footwear,New York,City,"A new footwear collection focused on creativity, quality and original ideas.",1
526,54,67,24311.11,2018-05-03,2018-06-04,32,USD,US,Crafts,Crochet,Portland,LocalAdmin,A new crochet project making useful and creative handmade products.,0
527,47,124,2481.93,2020-04-26,2020-06-19,54,USD,US,Games,Tabletop Games,Los Angeles,City,"A new tabletop games experience built for players, families and communities.",1
528,19,92,246399.97,2018-03-15,2018-04-23,39,AUD,AU,Journalism,Investigative,Melbourne,County,A new investigative project focused on independent stories and community voices.,0
529,73,100,285580.54,2020-08-24,2020-10-16,53,EUR,NL,Theater,Plays,Rotterdam,Suburb,A new plays production bringing an original story to the stage.,1
530,32,86,5314.58,2019-07-26,2019-09-06,42,EUR,IT,Technology,Software,Rome,City,Introducing a new software project designed to make everyday work easier.,1
531,39,130,2103.81,2019-10-03,2019-12-02,60,AUD,AU,Publishing,Fiction,Perth,LocalAdmin,We are creating a new fiction book and bringing the project to readers.,1
532,30,90,5277.19,2020-07-31,2020-08-30,30,USD,US,Fashion,Footwear,San Francisco,City,"A new footwear collection focused on creativity, quality and original ideas.",1
533,41,79,5733.05,2020-12-13,2021-01-08,26,USD,US,Journalism,Print,Seattle,City,A new print project focused on independent stories and community voices.,1
534,36,91,67084.29,2018-02-26,2018-04-22,55,USD,US,Journalism,Audio,Chicago,City,A new audio project focused on independent stories and community voices.,1
535,14,76,5420.57,2020-01-31,2020-03-14,43,USD,US,Fashion,Accessories,Chicago,City,"A new accessories collection focused on creativity, quality and original ideas.",1
536,53,134,1982.45,2021-02-12,2021-03-21,37,GBP,GB,Art,Painting,Manchester,Island,"A new painting project exploring creative ideas, materials and visual storytelling.",0
537,23,75,14046.11,2019-10-24,2019-11-28,35,GBP,GB,Dance,Dance Training,Edinburgh,City,"A new dance training project combining movement, performance and original ideas.",1
538,49,107,1190.16,2020-02-21,2020-03-22,30,USD,US,Journalism,Investigative,Chicago,LocalAdmin,A new investigative project focused on independent stories and community voices.,1
539,32,88,62821.6,2019-03-12,2019-05-06,55,USD,US,Fashion,Accessories,San Francisco,LocalAdmin,"A new accessories collection focused on creativity, quality and original ideas.",0
540,36,151,30413.77,2018-04-02,2018-05-31,59,EUR,ES,Theater,Plays,Seville,City,A new plays production bringing an original story to the stage.,0
541,42,121,4735.45,2020-09-11,2020-10-21,40,EUR,FR,Fashion,Footwear,Marseille,City,"A new footwear collection focused on creativity, quality and original ideas.",0
542,37,89,5608.53,2018-03-31,2018-05-21,51,USD,US,Music,Pop,New York,City,Support our new pop project and help us share the music with listeners.,1
543,46,113,17644.89,2018-09-25,2018-10-31,36,NZD,NZ,Photography,Nature,Wellington,City,"A new nature project documenting people, places and memorable stories.",1
544,24,81,2170.99,2018-04-11,2018-05-05,24,NOK,NO,Design,Product Design,Bergen,City,We are creating a practical product design with a fresh and thoughtful design.,1
545,51,128,3538.38,2020-10-15,2020-11-05,21,USD,US,Art,Illustration,Chicago,City,"A new illustration project exploring creative ideas, materials and visual storytelling.",1
546,20,113,8461.41,2019-09-23,2019-10-16,23,USD,US,Food,Drinks,Seattle,LocalAdmin,We are developing a new drinks project for people who love great food.,0
547,21,121,1553.94,2019-11-16,2019-12-25,39,GBP,GB,Design,Architecture,Bristol,Suburb,We are creating a practical architecture with a fresh and thoughtful design.,1
548,44,79,5933.9,2019-07-04,2019-09-02,60,DKK,DK,Photography,Fine Art,Odense,City,"A new fine art project documenting people, places and memorable stories.",1
549,51,66,2274.28,2019-09-19,2019-10-18,29,EUR,NL,Photography,Nature,Rotterdam,County,"A new nature project documenting people, places and memorable stories.",1
550,39,58,109455.2,2020-10-20,2020-11-16,27,USD,US,Photography,Nature,San Francisco,Suburb,"A new nature project documenting people, places and memorable stories.",1
551,57,60,6421.05,2021-01-25,2021-03-22,56,USD,US,Design,Product Design,Austin,City,We are creating a practical product design with a fresh and thoughtful design.,1
552,22,108,2765.8,2019-04-15,2019-06-14,60,GBP,GB,Film & Video,Documentary,London,City,Help us bring this original documentary story to life for a wider audience.,1
553,18,151,34134.33,2020-01-06,2020-02-15,40,GBP,GB,Dance,Performances,Bristol,City,"A new performances project combining movement, performance and original ideas.",1
554,48,96,4530.14,2020-04-06,2020-05-11,35,USD,US,Fashion,Apparel,Chicago,City,"A new apparel collection focused on creativity, quality and original ideas.",1
555,37,91,2172.88,2019-04-07,2019-05-14,37,EUR,NL,Publishing,Fiction,Amsterdam,City,We are creating a new fiction book and bringing the project to readers.,0
556,47,106,47492.8,2020-07-05,2020-09-01,58,AUD,AU,Dance,Performances,Perth,City,"A new performances project combining movement, performance and original ideas.",1
557,20,84,7272.04,2018-01-29,2018-03-12,42,EUR,ES,Technology,Apps,Seville,County,Introducing a new apps project designed to make everyday work easier.,1
558,28,70,44189.61,2020-02-04,2020-03-27,52,EUR,NL,Theater,Plays,Utrecht,City,A new plays production bringing an original story to the stage.,1
559,61,88,11723.24,2018-11-03,2018-11-29,26,EUR,DE,Crafts,DIY,Munich,County,A new diy project making useful and creative handmade products.,1
560,32,101,14660.62,2019-05-29,2019-07-06,38,USD,US,Film & Video,Short Film,Chicago,Suburb,Help us bring this original short film story to life for a wider audience.,0
561,56,151,28726.89,2018-06-30,2018-07-27,27,CAD,CA,Food,Drinks,Vancouver,LocalAdmin,We are developing a new drinks project for people who love great food.,1
562,47,93,4485.83,2019-02-06,2019-04-01,54,USD,US,Dance,Performances,San Francisco,City,"A new performances project combining movement, performance and original ideas.",1
563,31,114,3418.06,2019-03-28,2019-04-13,16,AUD,AU,Publishing,Fiction,Melbourne,City,We are creating a new fiction book and bringing the project to readers.,0
564,56,67,77304.62,2018-02-23,2018-04-17,53,USD,US,Comics,Webcomics,Los Angeles,Suburb,"A new webcomics project featuring original characters, artwork and storytelling.",0
565,40,129,29436.39,2019-07-03,2019-07-29,26,AUD,AU,Photography,Nature,Melbourne,City,"A new nature project documenting people, places and memorable stories.",1
566,35,86,10807.98,2021-02-05,2021-03-30,53,USD,US,Journalism,Investigative,Los Angeles,Suburb,A new investigative project focused on independent stories and community voices.,1
567,34,74,41191.96,2020-08-24,2020-09-21,28,USD,US,Technology,Software,Boston,Zip,Introducing a new software project designed to make everyday work easier.,1
568,42,77,27720.0,2020-04-06,2020-05-20,44,USD,US,Crafts,Crochet,Portland,City,A new crochet project making useful and creative handmade products.,1
569,18,89,51781.15,2020-12-28,2021-02-21,55,USD,US,Art,Mixed Media,Seattle,City,"A new mixed media project exploring creative ideas, materials and visual storytelling.",1
570,48,73,2041.15,2020-04-23,2020-06-19,57,EUR,DE,Food,Food,Cologne,City,We are developing a new food project for people who love great food.,1
571,42,117,10863.72,2020-02-14,2020-03-18,33,EUR,DE,Theater,Plays,Hamburg,LocalAdmin,A new plays production bringing an original story to the stage.,0
572,26,75,69137.78,2020-05-03,2020-06-17,45,GBP,GB,Crafts,DIY,London,Town,A new diy project making useful and creative handmade products.,0
573,16,127,161516.71,2018-12-15,2019-02-10,57,USD,US,Photography,Photobooks,Portland,City,"A new photobooks project documenting people, places and memorable stories.",1
574,31,93,5228.91,2020-03-15,2020-05-11,57,USD,US,Journalism,Investigative,New York,City,A new investigative project focused on independent stories and community voices.,1
575,39,80,15357.64,2018-03-21,2018-04-29,39,USD,US,Film & Video,Documentary,Chicago,County,Help us bring this original documentary story to life for a wider audience.,0
576,37,88,12365.09,2018-06-09,2018-06-27,18,USD,US,Journalism,Audio,Austin,City,A new audio project focused on independent stories and community voices.,1
577,37,78,1744.43,2020-12-27,2021-01-23,27,SEK,SE,Design,Product Design,Gothenburg,City,We are creating a practical product design with a fresh and thoughtful design.,1
578,45,109,7684.37,2018-07-09,2018-08-28,50,USD,US,Journalism,Investigative,New York,City,A new investigative project focused on independent stories and community voices.,1
579,18,92,1038.66,2019-09-09,2019-11-04,56,USD,US,Design,Product Design,Chicago,City,We are creating a practical product design with a fresh and thoughtful design.,1
580,34,141,9258.65,2018-03-31,2018-05-21,51,USD,US,Technology,Apps,Boston,Suburb,Introducing a new apps project designed to make everyday work easier.,1
581,39,39,2401.22,2020-11-13,2020-11-30,17,USD,US,Film & Video,Short Film,Chicago,City,Help us bring this original short film story to life for a wider audience.,1
582,42,143,15615.66,2020-08-05,2020-09-04,30,GBP,GB,Theater,Plays,Edinburgh,City,A new plays production bringing an original story to the stage.,0
583,48,88,7422.87,2020-05-10,2020-06-19,40,CAD,CA,Games,Mobile Games,Calgary,City,"A new mobile games experience built for players, families and communities.",0
584,32,151,7241.97,2020-11-22,2021-01-15,54,USD,US,Photography,Fine Art,New York,LocalAdmin,"A new fine art project documenting people, places and memorable stories.",1
585,36,112,133314.36,2019-04-04,2019-05-27,53,USD,US,Design,Graphic Design,Chicago,City,We are creating a practical graphic design with a fresh and thoughtful design.,0
586,24,144,13392.04,2018-06-23,2018-07-26,33,USD,US,Art,Painting,Chicago,City,"A new painting project exploring creative ideas, materials and visual storytelling.",1
587,41,106,220555.94,2020-06-21,2020-08-20,60,USD,US,Journalism,Audio,Boston,City,A new audio project focused on independent stories and community voices.,1
588,22,104,23969.51,2019-11-22,2019-12-21,29,USD,US,Journalism,Audio,San Francisco,City,A new audio project focused on independent stories and community voices.,1
589,44,80,42479.16,2018-07-04,2018-08-19,46,NOK,NO,Art,Sculpture,Bergen,Suburb,"A new sculpture project exploring creative ideas, materials and visual storytelling.",0
590,53,105,3117.86,2020-04-05,2020-05-10,35,CAD,CA,Theater,Experimental Theater,Vancouver,City,A new experimental theater production bringing an original story to the stage.,1
591,42,78,4094.75,2021-02-19,2021-03-06,15,GBP,GB,Comics,Webcomics,London,County,"A new webcomics project featuring original characters, artwork and storytelling.",1
592,54,114,12325.44,2020-07-11,2020-07-31,20,USD,US,Technology,Gadgets,Boston,City,Introducing a new gadgets project designed to make everyday work easier.,1
593,28,113,78663.03,2019-06-04,2019-07-15,41,USD,US,Fashion,Accessories,Seattle,City,"A new accessories collection focused on creativity, quality and original ideas.",1
594,17,104,6836.86,2019-02-19,2019-03-28,37,GBP,GB,Games,Tabletop Games,Edinburgh,County,"A new tabletop games experience built for players, families and communities.",1
595,33,145,1304.94,2019-01-10,2019-02-24,45,AUD,AU,Food,Food,Melbourne,City,We are developing a new food project for people who love great food.,1
596,26,123,22237.76,2018-08-01,2018-08-27,26,EUR,DE,Publishing,Nonfiction,Munich,City,We are creating a new nonfiction book and bringing the project to readers.,1
597,28,80,13251.0,2021-01-17,2021-02-21,35,USD,US,Design,Graphic Design,Los Angeles,Zip,We are creating a practical graphic design with a fresh and thoughtful design.,1
598,2,125,5108.17,2018-12-09,2018-12-25,16,GBP,GB,Art,Sculpture,Manchester,County,"A new sculpture project exploring creative ideas, materials and visual storytelling.",1
599,38,137,6730.56,2021-03-22,2021-04-10,19,USD,US,Publishing,Fiction,Austin,LocalAdmin,We are creating a new fiction book and bringing the project to readers.,1
600,35,36,3110.37,2019-07-25,2019-08-17,23,EUR,NL,Film & Video,Documentary,Amsterdam,City,Help us bring this original documentary story to life for a wider audience.,0
601,48,76,50247.57,2019-07-25,2019-08-28,34,CAD,CA,Theater,Musicals,Calgary,City,A new musicals production bringing an original story to the stage.,0
602,43,94,12441.77,2021-01-29,2021-03-30,60,GBP,GB,Design,Product Design,London,Zip,We are creating a practical product design with a fresh and thoughtful design.,1
603,32,84,17420.48,2018-05-11,2018-06-12,32,USD,US,Fashion,Footwear,Seattle,City,"A new footwear collection focused on creativity, quality and original ideas.",0
604,49,127,4760.94,2018-02-04,2018-03-12,36,CAD,CA,Publishing,Fiction,Vancouver,LocalAdmin,We are creating a new fiction book and bringing the project to readers.,1
605,48,81,95207.52,2018-12-31,2019-01-22,22,USD,US,Film & Video,Short Film,Boston,LocalAdmin,Help us bring this original short film story to life for a wider audience.,0
606,28,78,16897.09,2018-10-25,2018-12-12,48,USD,US,Crafts,Crochet,Boston,County,A new crochet project making useful and creative handmade products.,0
607,38,115,434.37,2019-04-17,2019-05-10,23,USD,US,Photography,Nature,New York,City,"A new nature project documenting people, places and memorable stories.",1
608,58,101,24480.53,2018-10-25,2018-11-15,21,AUD,AU,Journalism,Investigative,Brisbane,LocalAdmin,A new investigative project focused on independent stories and community voices.,1
609,40,142,7966.22,2018-08-07,2018-09-20,44,USD,US,Crafts,Candles,Portland,Suburb,A new candles project making useful and creative handmade products.,0
610,23,119,9307.23,2018-02-03,2018-03-07,32,USD,US,Design,Product Design,Portland,Suburb,We are creating a practical product design with a fresh and thoughtful design.,1
611,18,151,55987.45,2020-10-30,2020-12-10,41,SEK,SE,Fashion,Accessories,Stockholm,County,"A new accessories collection focused on creativity, quality and original ideas.",1
612,13,75,13765.87,2020-05-06,2020-06-05,30,USD,US,Games,Tabletop Games,Chicago,City,"A new tabletop games experience built for players, families and communities.",1
613,4,62,170551.49,2018-08-30,2018-10-04,35,GBP,GB,Publishing,Fiction,London,City,We are creating a new fiction book and bringing the project to readers.,1
614,28,149,14133.9,2020-04-25,2020-05-14,19,USD,US,Technology,Software,Seattle,City,Introducing a new software project designed to make everyday work easier.,1
615,32,151,5822.04,2018-08-11,2018-09-23,43,USD,US,Photography,Nature,San Francisco,City,"A new nature project documenting people, places and memorable stories.",1
616,20,101,722.03,2021-01-31,2021-03-23,51,EUR,FR,Design,Graphic Design,Lyon,Suburb,We are creating a practical graphic design with a fresh and thoughtful design.,0
617,25,98,3944.05,2020-04-22,2020-06-18,57,USD,US,Theater,Experimental Theater,Los Angeles,City,A new experimental theater production bringing an original story to the stage.,1
618,21,112,7282.15,2020-12-04,2021-01-09,36,GBP,GB,Art,Mixed Media,Edinburgh,City,"A new mixed media project exploring creative ideas, materials and visual storytelling.",1
619,11,82,116472.28,2020-12-19,2021-01-16,28,GBP,GB,Technology,Apps,Edinburgh,City,Introducing a new apps project designed to make everyday work easier.,0
620,32,50,5877.01,2020-10-02,2020-11-04,33,CAD,CA,Technology,Apps,Toronto,Town,Introducing a new apps project designed to make everyday work easier.,1
621,45,115,152936.87,2019-12-23,2020-02-10,49,AUD,AU,Technology,Hardware,Brisbane,City,Introducing a new hardware project designed to make everyday work easier.,1
622,27,108,2023.9,2021-01-16,2021-02-23,38,USD,US,Dance,Dance Training,Seattle,Suburb,"A new dance training project combining movement, performance and original ideas.",1
623,52,66,3624.01,2018-01-27,2018-03-24,56,USD,US,Design,Graphic Design,New York,City,We are creating a practical graphic design with a fresh and thoughtful design.,1
624,37,89,68835.59,2018-07-04,2018-07-24,20,EUR,DE,Photography,Photobooks,Hamburg,Suburb,"A new photobooks project documenting people, places and memorable stories.",0
625,48,66,4770.58,2018-05-30,2018-06-16,17,GBP,GB,Journalism,Audio,Manchester,City,A new audio project focused on independent stories and community voices.,1
626,35,119,65937.75,2019-12-09,2020-01-26,48,EUR,ES,Journalism,Audio,Madrid,County,A new audio project focused on independent stories and community voices.,0
627,45,107,3333.89,2020-07-16,2020-09-13,59,EUR,IT,Design,Architecture,Milan,City,We are creating a practical architecture with a fresh and thoughtful design.,0
628,14,113,3894.12,2018-02-11,2018-02-27,16,EUR,ES,Film & Video,Feature Film,Barcelona,City,Help us bring this original feature film story to life for a wider audience.,1
629,48,124,32452.34,2019-06-07,2019-07-06,29,GBP,GB,Dance,Dance Training,Manchester,City,"A new dance training project combining movement, performance and original ideas.",1
630,35,141,3407.03,2021-01-13,2021-03-05,51,USD,US,Art,Painting,Seattle,Town,"A new painting project exploring creative ideas, materials and visual storytelling.",1
631,51,113,7842.67,2018-10-14,2018-11-12,29,EUR,FR,Technology,Gadgets,Marseille,LocalAdmin,Introducing a new gadgets project designed to make everyday work easier.,0
632,31,126,22127.33,2020-02-23,2020-04-09,46,GBP,GB,Technology,Software,Bristol,Zip,Introducing a new software project designed to make everyday work easier.,1
633,61,151,8112.19,2020-10-29,2020-12-03,35,USD,US,Design,Architecture,Los Angeles,County,We are creating a practical architecture with a fresh and thoughtful design.,1
634,43,137,5017.39,2019-04-13,2019-05-14,31,EUR,ES,Film & Video,Short Film,Barcelona,City,Help us bring this original short film story to life for a wider audience.,1
635,21,115,1847.26,2020-11-02,2020-12-20,48,SEK,SE,Journalism,Audio,Malmo,City,A new audio project focused on independent stories and community voices.,1
636,52,113,113450.43,2020-08-29,2020-10-14,46,GBP,GB,Journalism,Print,Edinburgh,County,A new print project focused on independent stories and community voices.,1
637,19,83,151544.7,2021-01-10,2021-02-16,37,USD,US,Fashion,Apparel,Austin,City,"A new apparel collection focused on creativity, quality and original ideas.",0
638,18,89,19992.89,2018-10-03,2018-11-21,49,USD,US,Design,Product Design,Los Angeles,Island,We are creating a practical product design with a fresh and thoughtful design.,1
639,54,105,8373.94,2018-12-09,2019-01-29,51,EUR,IT,Dance,Experimental,Florence,City,"A new experimental project combining movement, performance and original ideas.",1
640,40,97,9118.36,2021-03-08,2021-05-04,57,NZD,NZ,Comics,Graphic Novels,Christchurch,City,"A new graphic novels project featuring original characters, artwork and storytelling.",1
641,36,151,43589.04,2020-03-24,2020-05-18,55,USD,US,Dance,Experimental,Seattle,Zip,"A new experimental project combining movement, performance and original ideas.",0
642,27,119,59392.55,2018-11-18,2019-01-08,51,USD,US,Theater,Musicals,Los Angeles,Zip,A new musicals production bringing an original story to the stage.,0
643,47,117,5194.86,2020-12-11,2021-01-27,47,EUR,NL,Journalism,Investigative,Rotterdam,LocalAdmin,A new investigative project focused on independent stories and community voices.,0
644,31,143,63468.86,2020-02-28,2020-04-07,39,USD,US,Journalism,Audio,New York,City,A new audio project focused on independent stories and community voices.,1
645,38,113,31133.82,2019-04-12,2019-06-11,60,GBP,GB,Crafts,Woodworking,Bristol,County,A new woodworking project making useful and creative handmade products.,1
646,18,100,61781.47,2018-04-20,2018-06-10,51,USD,IN,Journalism,Print,Bengaluru,City,A new print project focused on independent stories and community voices.,0
647,34,116,1002.15,2020-04-22,2020-06-15,54,USD,US,Art,Painting,Austin,City,"A new painting project exploring creative ideas, materials and visual storytelling.",0
648,38,120,6266.02,2019-09-01,2019-10-06,35,AUD,AU,Food,Drinks,Brisbane,City,We are developing a new drinks project for people who love great food.,0
649,43,150,9178.92,2021-01-13,2021-03-14,60,USD,US,Design,Product Design,Austin,LocalAdmin,We are creating a practical product design with a fresh and thoughtful design.,1
650,40,67,5800.99,2019-08-15,2019-10-06,52,USD,US,Publishing,Nonfiction,Austin,Town,We are creating a new nonfiction book and bringing the project to readers.,1
651,30,86,234336.31,2019-08-10,2019-10-03,54,EUR,IT,Dance,Experimental,Turin,City,"A new experimental project combining movement, performance and original ideas.",1
652,39,106,6357.35,2020-04-04,2020-05-22,48,USD,US,Food,Food,Seattle,City,We are developing a new food project for people who love great food.,1
653,50,136,24801.77,2018-11-08,2018-12-11,33,USD,IN,Film & Video,Webseries,Chennai,City,Help us bring this original webseries story to life for a wider audience.,1
654,13,132,15207.8,2018-05-15,2018-06-25,41,GBP,GB,Comics,Webcomics,Edinburgh,City,"A new webcomics project featuring original characters, artwork and storytelling.",1
655,33,111,7652.67,2020-06-05,2020-06-28,23,USD,US,Art,Illustration,New York,Town,"A new illustration project exploring creative ideas, materials and visual storytelling.",1
656,38,139,4000.88,2018-11-30,2018-12-19,19,USD,US,Photography,Fine Art,New York,LocalAdmin,"A new fine art project documenting people, places and memorable stories.",1
657,21,88,290461.74,2020-11-22,2020-12-11,19,USD,US,Music,Classical,New York,City,Support our new classical project and help us share the music with listeners.,0
658,49,151,8507.98,2018-04-30,2018-06-08,39,USD,US,Dance,Experimental,Chicago,Suburb,"A new experimental project combining movement, performance and original ideas.",1
659,44,83,46621.54,2020-04-28,2020-06-07,40,USD,US,Food,Restaurants,Seattle,City,We are developing a new restaurants project for people who love great food.,0
660,50,57,11821.88,2018-02-16,2018-03-21,33,USD,US,Photography,Photobooks,Chicago,Town,"A new photobooks project documenting people, places and memorable stories.",1
661,67,126,5893.72,2021-03-12,2021-04-25,44,GBP,GB,Comics,Graphic Novels,London,City,"A new graphic novels project featuring original characters, artwork and storytelling.",1
662,40,65,14193.14,2019-06-11,2019-07-31,50,EUR,DE,Crafts,Candles,Berlin,Town,A new candles project making useful and creative handmade products.,1
663,31,93,19345.95,2021-02-19,2021-03-21,30,AUD,AU,Photography,Fine Art,Melbourne,Town,"A new fine art project documenting people, places and memorable stories.",1
664,49,104,5795.31,2018-11-01,2018-11-22,21,EUR,DE,Art,Sculpture,Munich,City,"A new sculpture project exploring creative ideas, materials and visual storytelling.",1
665,26,120,3668.36,2018-10-24,2018-11-25,32,USD,US,Art,Sculpture,Los Angeles,City,"A new sculpture project exploring creative ideas, materials and visual storytelling.",1
666,42,138,25102.72,2018-05-25,2018-06-29,35,USD,US,Publishing,Fiction,Los Angeles,County,We are creating a new fiction book and bringing the project to readers.,1
667,51,68,14371.91,2021-03-02,2021-04-16,45,AUD,AU,Crafts,Candles,Sydney,County,A new candles project making useful and creative handmade products.,0
668,47,74,4367.61,2018-11-18,2018-12-03,15,GBP,GB,Music,Rock,London,Island,Support our new rock project and help us share the music with listeners.,1
669,56,151,2802.0,2019-02-13,2019-03-02,17,USD,US,Design,Architecture,Chicago,Suburb,We are creating a practical architecture with a fresh and thoughtful design.,1
670,31,102,20620.56,2021-03-24,2021-05-08,45,EUR,IT,Photography,Nature,Rome,Town,"A new nature project documenting people, places and memorable stories.",1
671,46,59,613.78,2020-05-01,2020-06-09,39,EUR,FR,Crafts,DIY,Marseille,City,A new diy project making useful and creative handmade products.,1
672,36,78,8012.29,2020-07-06,2020-07-28,22,GBP,GB,Art,Painting,Edinburgh,City,"A new painting project exploring creative ideas, materials and visual storytelling.",1
673,39,92,14795.06,2019-10-04,2019-10-19,15,USD,US,Art,Mixed Media,Austin,County,"A new mixed media project exploring creative ideas, materials and visual storytelling.",1
674,39,108,177380.8,2018-09-09,2018-09-30,21,EUR,FR,Food,Drinks,Paris,City,We are developing a new drinks project for people who love great food.,1
675,43,144,12196.54,2019-08-17,2019-09-07,21,CAD,CA,Journalism,Audio,Calgary,City,A new audio project focused on independent stories and community voices.,1
676,34,151,7523.72,2019-03-15,2019-04-06,22,EUR,FR,Music,Rock,Paris,Town,Support our new rock project and help us share the music with listeners.,1
677,14,83,18652.42,2019-12-14,2020-01-16,33,EUR,DE,Photography,Nature,Hamburg,Zip,"A new nature project documenting people, places and memorable stories.",1
678,37,91,3952.18,2018-11-23,2018-12-24,31,EUR,IT,Publishing,Fiction,Milan,County,We are creating a new fiction book and bringing the project to readers.,1
679,40,112,8546.79,2020-11-26,2020-12-21,25,GBP,GB,Publishing,Fiction,Edinburgh,City,We are creating a new fiction book and bringing the project to readers.,1
680,34,86,12557.58,2019-01-13,2019-03-09,55,USD,US,Photography,Nature,Seattle,City,"A new nature project documenting people, places and memorable stories.",1
681,42,144,31837.69,2020-01-19,2020-02-13,25,AUD,AU,Theater,Experimental Theater,Melbourne,Town,A new experimental theater production bringing an original story to the stage.,0
682,33,151,4228.12,2019-10-25,2019-12-16,52,CAD,CA,Technology,Gadgets,Montreal,City,Introducing a new gadgets project designed to make everyday work easier.,1
683,31,109,11894.01,2020-12-01,2021-01-25,55,EUR,DE,Comics,Comic Books,Berlin,City,"A new comic books project featuring original characters, artwork and storytelling.",0
684,56,118,747.39,2020-07-26,2020-08-11,16,USD,US,Publishing,Children's Books,Austin,City,We are creating a new children's books book and bringing the project to readers.,1
685,69,90,26729.33,2018-07-29,2018-08-16,18,USD,US,Crafts,Candles,Portland,City,A new candles project making useful and creative handmade products.,1
686,48,118,8395.74,2019-07-01,2019-08-12,42,SEK,SE,Comics,Comic Books,Stockholm,City,"A new comic books project featuring original characters, artwork and storytelling.",1
687,26,76,222649.27,2019-09-21,2019-11-07,47,EUR,DE,Crafts,Woodworking,Cologne,Zip,A new woodworking project making useful and creative handmade products.,0
688,38,80,20686.4,2018-04-17,2018-05-12,25,NZD,NZ,Film & Video,Short Film,Christchurch,City,Help us bring this original short film story to life for a wider audience.,0
689,37,53,3130.11,2020-01-21,2020-02-07,17,EUR,FR,Art,Mixed Media,Marseille,Island,"A new mixed media project exploring creative ideas, materials and visual storytelling.",1
690,45,132,2202.72,2019-11-21,2020-01-14,54,CAD,CA,Journalism,Investigative,Vancouver,Suburb,A new investigative project focused on independent stories and community voices.,1
691,38,150,33466.39,2020-12-23,2021-01-11,19,AUD,AU,Food,Drinks,Melbourne,LocalAdmin,We are developing a new drinks project for people who love great food.,1
692,44,139,194294.53,2019-01-27,2019-03-03,35,SEK,SE,Publishing,Nonfiction,Gothenburg,Suburb,We are creating a new nonfiction book and bringing the project to readers.,1
693,62,111,120863.34,2020-08-14,2020-09-19,36,CAD,CA,Journalism,Investigative,Toronto,City,A new investigative project focused on independent stories and community voices.,1
694,7,99,1831.68,2018-01-19,2018-03-11,51,CAD,CA,Journalism,Investigative,Montreal,City,A new investigative project focused on independent stories and community voices.,0
695,27,105,16444.84,2018-06-10,2018-07-05,25,USD,US,Journalism,Print,Boston,City,A new print project focused on independent stories and community voices.,1
696,49,77,68840.21,2018-02-28,2018-04-27,58,GBP,GB,Technology,Gadgets,Edinburgh,City,Introducing a new gadgets project designed to make everyday work easier.,0
697,34,136,1500.97,2020-01-25,2020-03-01,36,EUR,DE,Comics,Comic Books,Berlin,City,"A new comic books project featuring original characters, artwork and storytelling.",1
698,44,139,59908.95,2018-11-22,2019-01-16,55,USD,US,Crafts,Candles,Boston,City,A new candles project making useful and creative handmade products.,1
699,32,76,4037.34,2021-02-04,2021-03-03,27,USD,US,Games,Mobile Games,New York,City,"A new mobile games experience built for players, families and communities.",1
700,58,80,8592.79,2020-10-28,2020-11-14,17,USD,US,Film & Video,Feature Film,Portland,City,Help us bring this original feature film story to life for a wider audience.,1
701,52,68,18424.6,2019-12-27,2020-01-23,27,USD,US,Dance,Performances,Austin,County,"A new performances project combining movement, performance and original ideas.",1
702,39,100,62852.82,2018-04-29,2018-06-10,42,USD,US,Journalism,Print,Chicago,LocalAdmin,A new print project focused on independent stories and community voices.,1
703,60,107,128941.94,2020-08-17,2020-09-11,25,USD,US,Design,Graphic Design,Austin,City,We are creating a practical graphic design with a fresh and thoughtful design.,1
704,40,110,7274.39,2020-10-20,2020-11-14,25,NZD,NZ,Comics,Webcomics,Christchurch,City,"A new webcomics project featuring original characters, artwork and storytelling.",1
705,36,68,5705.7,2018-06-30,2018-08-04,35,GBP,GB,Publishing,Nonfiction,London,City,We are creating a new nonfiction book and bringing the project to readers.,1
706,57,86,5146.17,2019-09-11,2019-10-16,35,USD,US,Music,Classical,Portland,City,Support our new classical project and help us share the music with listeners.,1
707,14,86,40175.7,2019-02-22,2019-03-15,21,USD,US,Publishing,Nonfiction,Austin,City,We are creating a new nonfiction book and bringing the project to readers.,0
708,38,130,56149.52,2019-12-29,2020-01-29,31,AUD,AU,Food,Restaurants,Sydney,Zip,We are developing a new restaurants project for people who love great food.,1
709,40,78,48002.26,2018-12-14,2019-01-11,28,USD,US,Dance,Dance Training,Seattle,City,"A new dance training project combining movement, performance and original ideas.",1
710,32,110,18230.21,2019-09-24,2019-11-10,47,EUR,IT,Games,Video Games,Turin,City,"A new video games experience built for players, families and communities.",1
711,24,87,21242.41,2019-07-21,2019-08-15,25,AUD,AU,Design,Product Design,Perth,Suburb,We are creating a practical product design with a fresh and thoughtful design.,1
712,34,102,8396.67,2018-09-23,2018-10-20,27,EUR,FR,Publishing,Children's Books,Paris,City,We are creating a new children's books book and bringing the project to readers.,0
713,12,136,9702.6,2020-08-13,2020-08-28,15,USD,US,Games,Mobile Games,San Francisco,Zip,"A new mobile games experience built for players, families and communities.",1
714,58,71,45085.72,2019-02-06,2019-03-26,48,AUD,AU,Dance,Performances,Brisbane,City,"A new performances project combining movement, performance and original ideas.",0
715,59,30,18075.53,2019-04-04,2019-04-27,23,USD,US,Journalism,Audio,Portland,Island,A new audio project focused on independent stories and community voices.,0
716,36,68,5763.24,2018-10-28,2018-11-24,27,DKK,DK,Design,Graphic Design,Odense,City,We are creating a practical graphic design with a fresh and thoughtful design.,1
717,30,121,65947.76,2019-04-22,2019-06-12,51,CAD,CA,Games,Video Games,Toronto,Town,"A new video games experience built for players, families and communities.",1
718,13,72,4677.49,2018-09-19,2018-11-02,44,USD,US,Food,Drinks,Portland,City,We are developing a new drinks project for people who love great food.,1
719,25,87,15040.37,2019-03-13,2019-05-07,55,USD,US,Crafts,Candles,New York,Town,A new candles project making useful and creative handmade products.,1
720,57,122,1755.71,2020-04-02,2020-05-31,59,USD,US,Art,Sculpture,Austin,City,"A new sculpture project exploring creative ideas, materials and visual storytelling.",1
721,35,132,2770.19,2021-02-11,2021-04-03,51,AUD,AU,Crafts,Candles,Brisbane,Island,A new candles project making useful and creative handmade products.,1
722,27,139,12360.67,2018-12-24,2019-01-14,21,USD,US,Dance,Performances,Seattle,County,"A new performances project combining movement, performance and original ideas.",1
723,36,125,4078.5,2018-08-31,2018-09-28,28,CAD,CA,Comics,Comic Books,Vancouver,City,"A new comic books project featuring original characters, artwork and storytelling.",1
724,27,74,8412.54,2019-09-25,2019-10-15,20,USD,US,Art,Sculpture,Chicago,City,"A new sculpture project exploring creative ideas, materials and visual storytelling.",1
725,11,151,78686.78,2021-01-16,2021-03-05,48,AUD,AU,Film & Video,Feature Film,Brisbane,City,Help us bring this original feature film story to life for a wider audience.,0
726,30,80,9890.1,2019-09-21,2019-10-21,30,EUR,IT,Food,Restaurants,Rome,City,We are developing a new restaurants project for people who love great food.,1
727,19,89,48408.38,2020-11-21,2021-01-11,51,EUR,FR,Film & Video,Webseries,Paris,Town,Help us bring this original webseries story to life for a wider audience.,0
728,41,108,3577.99,2019-08-04,2019-09-23,50,EUR,FR,Technology,Gadgets,Toulouse,City,Introducing a new gadgets project designed to make everyday work easier.,1
729,49,116,28098.28,2020-11-18,2021-01-17,60,USD,US,Design,Graphic Design,Seattle,City,We are creating a practical graphic design with a fresh and thoughtful design.,0
730,24,151,2546.22,2021-02-25,2021-03-17,20,USD,US,Photography,Photobooks,San Francisco,City,"A new photobooks project documenting people, places and memorable stories.",1
731,38,89,8147.79,2018-07-08,2018-07-30,22,AUD,AU,Art,Mixed Media,Melbourne,City,"A new mixed media project exploring creative ideas, materials and visual storytelling.",1
732,35,119,29922.85,2018-08-21,2018-09-28,38,USD,US,Film & Video,Webseries,San Francisco,Zip,Help us bring this original webseries story to life for a wider audience.,0
733,24,89,12239.65,2018-06-05,2018-06-22,17,USD,US,Publishing,Children's Books,Chicago,Town,We are creating a new children's books book and bringing the project to readers.,1
734,1,151,51700.77,2020-11-05,2020-11-23,18,USD,US,Film & Video,Documentary,Seattle,Town,Help us bring this original documentary story to life for a wider audience.,1
735,20,121,33769.35,2019-02-11,2019-03-29,46,USD,US,Games,Mobile Games,Boston,Suburb,"A new mobile games experience built for players, families and communities.",0
736,23,147,7440.06,2020-01-09,2020-01-24,15,USD,US,Crafts,DIY,Los Angeles,Suburb,A new diy project making useful and creative handmade products.,0
737,37,73,89583.99,2019-03-20,2019-05-07,48,EUR,NL,Games,Video Games,Amsterdam,Zip,"A new video games experience built for players, families and communities.",1
738,39,91,23598.41,2019-03-26,2019-05-24,59,USD,US,Technology,Apps,Chicago,City,Introducing a new apps project designed to make everyday work easier.,1
739,54,115,8225.08,2018-12-27,2019-01-19,23,GBP,GB,Art,Mixed Media,London,City,"A new mixed media project exploring creative ideas, materials and visual storytelling.",1
740,19,147,15041.97,2020-11-17,2020-12-13,26,USD,US,Art,Mixed Media,New York,Island,"A new mixed media project exploring creative ideas, materials and visual storytelling.",1
741,23,138,13816.04,2020-05-11,2020-06-04,24,AUD,AU,Technology,Apps,Sydney,Zip,Introducing a new apps project designed to make everyday work easier.,1
742,25,151,16401.53,2020-02-08,2020-03-03,24,USD,US,Dance,Dance Training,Austin,LocalAdmin,"A new dance training project combining movement, performance and original ideas.",0
743,32,148,9632.86,2020-01-22,2020-03-20,58,SEK,SE,Games,Tabletop Games,Gothenburg,LocalAdmin,"A new tabletop games experience built for players, families and communities.",1
744,38,131,21377.19,2018-09-20,2018-10-27,37,SEK,SE,Fashion,Accessories,Gothenburg,Town,"A new accessories collection focused on creativity, quality and original ideas.",1
745,41,113,40818.16,2019-05-31,2019-06-20,20,USD,US,Publishing,Fiction,Chicago,LocalAdmin,We are creating a new fiction book and bringing the project to readers.,1
746,7,75,23208.78,2020-04-28,2020-06-05,38,SEK,SE,Music,Pop,Gothenburg,Zip,Support our new pop project and help us share the music with listeners.,0
747,53,44,22016.14,2019-07-25,2019-09-01,38,USD,IN,Crafts,Candles,Bengaluru,City,A new candles project making useful and creative handmade products.,1
748,42,112,10266.17,2018-05-12,2018-06-16,35,EUR,IT,Art,Sculpture,Milan,County,"A new sculpture project exploring creative ideas, materials and visual storytelling.",0
749,48,132,3038.85,2020-07-27,2020-09-21,56,EUR,ES,Dance,Performances,Valencia,Suburb,"A new performances project combining movement, performance and original ideas.",1
750,1,26,2084.28,2020-01-02,2020-02-16,45,USD,US,Photography,Nature,San Francisco,City,"A new nature project documenting people, places and memorable stories.",1
751,47,73,4007.48,2020-05-01,2020-06-25,55,CAD,CA,Publishing,Nonfiction,Calgary,City,We are creating a new nonfiction book and bringing the project to readers.,1
752,20,78,6277.68,2020-03-03,2020-04-16,44,USD,US,Games,Tabletop Games,New York,LocalAdmin,"A new tabletop games experience built for players, families and communities.",1
753,28,102,160161.6,2018-03-08,2018-04-25,48,USD,US,Crafts,Crochet,New York,City,A new crochet project making useful and creative handmade products.,1
754,57,111,83511.31,2020-04-16,2020-05-18,32,USD,IN,Photography,Fine Art,Mumbai,City,"A new fine art project documenting people, places and memorable stories.",1
755,45,140,4783.95,2021-01-07,2021-02-02,26,USD,US,Games,Mobile Games,Portland,City,"A new mobile games experience built for players, families and communities.",0
756,25,69,24093.57,2018-05-16,2018-07-04,49,EUR,DE,Film & Video,Documentary,Berlin,City,Help us bring this original documentary story to life for a wider audience.,0
757,47,118,10805.9,2019-05-23,2019-06-13,21,EUR,IT,Photography,Nature,Florence,City,"A new nature project documenting people, places and memorable stories.",1
758,40,66,17299.75,2018-03-01,2018-04-25,55,EUR,NL,Technology,Apps,Rotterdam,City,Introducing a new apps project designed to make everyday work easier.,1
759,29,133,5127.12,2019-09-16,2019-11-09,54,USD,IN,Theater,Musicals,Bengaluru,City,A new musicals production bringing an original story to the stage.,1
760,42,94,387468.43,2020-01-02,2020-02-10,39,USD,US,Dance,Dance Training,Los Angeles,LocalAdmin,"A new dance training project combining movement, performance and original ideas.",1
761,29,72,215914.22,2020-08-18,2020-09-07,20,USD,US,Crafts,Woodworking,Seattle,Zip,A new woodworking project making useful and creative handmade products.,0
762,41,88,7624.37,2019-08-31,2019-09-15,15,USD,US,Journalism,Investigative,Austin,Town,A new investigative project focused on independent stories and community voices.,1
763,41,75,4761.66,2018-04-11,2018-06-10,60,USD,US,Theater,Experimental Theater,Chicago,City,A new experimental theater production bringing an original story to the stage.,1
764,43,111,50369.67,2020-01-04,2020-02-03,30,USD,US,Design,Graphic Design,New York,City,We are creating a practical graphic design with a fresh and thoughtful design.,0
765,64,127,1840.28,2020-09-02,2020-09-20,18,USD,US,Design,Architecture,Los Angeles,City,We are creating a practical architecture with a fresh and thoughtful design.,1
766,49,139,44528.34,2019-08-26,2019-10-08,43,EUR,FR,Crafts,Woodworking,Paris,City,A new woodworking project making useful and creative handmade products.,1
767,50,92,14576.04,2019-04-14,2019-06-05,52,CAD,CA,Photography,Fine Art,Montreal,City,"A new fine art project documenting people, places and memorable stories.",1
768,27,150,1299.6,2021-03-04,2021-04-15,42,USD,US,Games,Video Games,San Francisco,City,"A new video games experience built for players, families and communities.",1
769,12,107,9484.53,2018-08-31,2018-10-06,36,AUD,AU,Dance,Dance Training,Melbourne,City,"A new dance training project combining movement, performance and original ideas.",1
770,32,146,4342.66,2018-10-07,2018-10-29,22,USD,US,Music,Rock,San Francisco,City,Support our new rock project and help us share the music with listeners.,1
771,28,103,15420.01,2019-01-03,2019-02-18,46,USD,US,Design,Graphic Design,Austin,Suburb,We are creating a practical graphic design with a fresh and thoughtful design.,1
772,44,101,13118.74,2018-08-03,2018-09-19,47,EUR,FR,Dance,Dance Training,Marseille,Town,"A new dance training project combining movement, performance and original ideas.",1
773,32,125,1486.71,2020-05-12,2020-06-08,27,CAD,CA,Design,Graphic Design,Toronto,City,We are creating a practical graphic design with a fresh and thoughtful design.,1
774,55,117,7149.08,2018-05-17,2018-06-27,41,EUR,FR,Film & Video,Webseries,Paris,Town,Help us bring this original webseries story to life for a wider audience.,1
775,9,91,29245.42,2019-02-25,2019-03-29,32,USD,US,Games,Video Games,New York,City,"A new video games experience built for players, families and communities.",1
776,31,143,38191.55,2018-04-06,2018-05-08,32,EUR,ES,Film & Video,Feature Film,Madrid,Town,Help us bring this original feature film story to life for a wider audience.,0
777,41,79,6835.75,2021-01-24,2021-02-20,27,CAD,CA,Publishing,Nonfiction,Vancouver,City,We are creating a new nonfiction book and bringing the project to readers.,1
778,20,125,24396.78,2018-04-21,2018-05-27,36,CAD,CA,Design,Product Design,Calgary,County,We are creating a practical product design with a fresh and thoughtful design.,0
779,49,124,18134.13,2019-12-14,2020-01-11,28,CAD,CA,Journalism,Audio,Toronto,City,A new audio project focused on independent stories and community voices.,0
780,48,140,11059.71,2020-12-31,2021-01-25,25,EUR,NL,Journalism,Audio,Rotterdam,Suburb,A new audio project focused on independent stories and community voices.,1
781,29,141,24628.87,2020-05-02,2020-06-24,53,CAD,CA,Film & Video,Webseries,Vancouver,City,Help us bring this original webseries story to life for a wider audience.,1
782,75,103,2860.05,2018-02-24,2018-04-01,36,CAD,CA,Technology,Hardware,Vancouver,LocalAdmin,Introducing a new hardware project designed to make everyday work easier.,1
783,18,109,12018.06,2020-03-06,2020-04-25,50,USD,IN,Theater,Musicals,Bengaluru,City,A new musicals production bringing an original story to the stage.,1
784,15,107,998.8,2020-01-14,2020-02-14,31,EUR,DE,Journalism,Investigative,Cologne,City,A new investigative project focused on independent stories and community voices.,1
785,28,151,11034.34,2019-01-20,2019-03-07,46,USD,US,Design,Product Design,New York,Island,We are creating a practical product design with a fresh and thoughtful design.,1
786,38,128,109256.42,2021-01-10,2021-02-07,28,EUR,DE,Crafts,Crochet,Hamburg,City,A new crochet project making useful and creative handmade products.,1
787,11,139,7312.92,2018-04-02,2018-05-28,56,USD,US,Film & Video,Feature Film,Seattle,Zip,Help us bring this original feature film story to life for a wider audience.,1
788,44,100,93570.84,2020-04-09,2020-05-22,43,USD,US,Publishing,Nonfiction,Seattle,City,We are creating a new nonfiction book and bringing the project to readers.,0
789,72,74,7495.82,2020-10-30,2020-11-19,20,CAD,CA,Music,Rock,Toronto,Town,Support our new rock project and help us share the music with listeners.,0
790,14,80,2233.54,2018-05-19,2018-06-06,18,EUR,IE,Music,Hip-Hop,Cork,LocalAdmin,Support our new hip-hop project and help us share the music with listeners.,1
791,38,138,33658.58,2021-02-21,2021-03-18,25,EUR,IE,Comics,Graphic Novels,Galway,Town,"A new graphic novels project featuring original characters, artwork and storytelling.",1
792,49,86,24630.97,2019-03-03,2019-05-01,59,USD,US,Theater,Experimental Theater,New York,City,A new experimental theater production bringing an original story to the stage.,0
793,46,151,436753.49,2020-11-28,2021-01-21,54,GBP,GB,Photography,Photobooks,Bristol,City,"A new photobooks project documenting people, places and memorable stories.",0
794,67,96,2630.04,2019-12-28,2020-01-21,24,USD,US,Games,Tabletop Games,Austin,Suburb,"A new tabletop games experience built for players, families and communities.",1
795,28,119,20849.88,2020-07-11,2020-08-22,42,USD,IN,Journalism,Investigative,Mumbai,City,A new investigative project focused on independent stories and community voices.,1
796,65,118,22033.71,2018-02-11,2018-03-08,25,USD,IN,Journalism,Investigative,Delhi,City,A new investigative project focused on independent stories and community voices.,1
797,34,113,61873.56,2018-02-14,2018-04-04,49,AUD,AU,Photography,Photobooks,Brisbane,County,"A new photobooks project documenting people, places and memorable stories.",1
798,27,71,27278.39,2019-02-01,2019-03-02,29,EUR,IT,Art,Mixed Media,Florence,City,"A new mixed media project exploring creative ideas, materials and visual storytelling.",0
799,63,115,7678.21,2018-01-03,2018-01-25,22,EUR,DE,Publishing,Fiction,Hamburg,City,We are creating a new fiction book and bringing the project to readers.,1
800,29,115,2281.3,2020-09-16,2020-10-20,34,CAD,CA,Fashion,Footwear,Montreal,Zip,"A new footwear collection focused on creativity, quality and original ideas.",0
801,51,99,20535.85,2020-10-18,2020-11-22,35,USD,US,Film & Video,Webseries,Los Angeles,Zip,Help us bring this original webseries story to life for a wider audience.,0
802,28,151,21440.01,2020-06-11,2020-06-26,15,GBP,GB,Technology,Apps,London,City,Introducing a new apps project designed to make everyday work easier.,1
803,16,58,31931.77,2019-07-19,2019-08-31,43,AUD,AU,Publishing,Fiction,Perth,Suburb,We are creating a new fiction book and bringing the project to readers.,0
804,16,63,7662.09,2020-04-23,2020-05-31,38,AUD,AU,Food,Drinks,Brisbane,County,We are developing a new drinks project for people who love great food.,1
805,46,131,18468.04,2019-07-28,2019-09-10,44,USD,US,Journalism,Audio,Austin,LocalAdmin,A new audio project focused on independent stories and community voices.,1
806,19,105,1095.79,2018-11-22,2019-01-15,54,DKK,DK,Games,Tabletop Games,Aarhus,City,"A new tabletop games experience built for players, families and communities.",1
807,32,82,2434.09,2019-12-22,2020-02-09,49,USD,US,Comics,Comic Books,Los Angeles,City,"A new comic books project featuring original characters, artwork and storytelling.",1
808,25,114,51160.99,2018-03-23,2018-05-09,47,GBP,GB,Music,Hip-Hop,London,Town,Support our new hip-hop project and help us share the music with listeners.,1
809,22,137,15857.64,2019-03-29,2019-05-02,34,AUD,AU,Journalism,Investigative,Melbourne,City,A new investigative project focused on independent stories and community voices.,1
810,24,59,25088.96,2019-10-12,2019-11-11,30,AUD,AU,Comics,Graphic Novels,Sydney,City,"A new graphic novels project featuring original characters, artwork and storytelling.",0
811,38,130,4746.76,2018-02-13,2018-03-08,23,AUD,AU,Design,Product Design,Brisbane,County,We are creating a practical product design with a fresh and thoughtful design.,1
812,1,118,3897.97,2019-02-07,2019-03-24,45,USD,US,Publishing,Nonfiction,Los Angeles,City,We are creating a new nonfiction book and bringing the project to readers.,1
813,48,101,6223.93,2020-09-21,2020-10-22,31,USD,US,Design,Graphic Design,Austin,County,We are creating a practical graphic design with a fresh and thoughtful design.,1
814,16,115,17345.23,2019-11-16,2019-12-31,45,CAD,CA,Fashion,Apparel,Vancouver,City,"A new apparel collection focused on creativity, quality and original ideas.",1
815,17,116,34746.5,2021-02-19,2021-03-28,37,CAD,CA,Crafts,Candles,Vancouver,City,A new candles project making useful and creative handmade products.,0
816,13,124,8156.26,2020-07-22,2020-08-11,20,USD,US,Food,Restaurants,Chicago,City,We are developing a new restaurants project for people who love great food.,1
817,39,78,916.27,2018-01-21,2018-03-06,44,EUR,DE,Publishing,Nonfiction,Berlin,City,We are creating a new nonfiction book and bringing the project to readers.,0
818,57,141,22343.04,2019-10-07,2019-10-28,21,GBP,GB,Art,Painting,London,City,"A new painting project exploring creative ideas, materials and visual storytelling.",1
819,33,138,18153.03,2019-06-06,2019-07-30,54,AUD,AU,Fashion,Footwear,Melbourne,City,"A new footwear collection focused on creativity, quality and original ideas.",1
820,42,139,25219.68,2018-07-31,2018-09-25,56,EUR,ES,Dance,Performances,Seville,Town,"A new performances project combining movement, performance and original ideas.",1
821,43,56,45262.49,2020-02-12,2020-04-12,60,USD,US,Art,Painting,Los Angeles,City,"A new painting project exploring creative ideas, materials and visual storytelling.",1
822,46,142,40049.75,2019-07-19,2019-08-13,25,USD,US,Theater,Plays,Austin,City,A new plays production bringing an original story to the stage.,0
823,20,97,98905.88,2018-11-26,2019-01-13,48,EUR,FR,Film & Video,Short Film,Marseille,City,Help us bring this original short film story to life for a wider audience.,1
824,59,124,12540.38,2019-09-13,2019-10-09,26,CAD,CA,Games,Mobile Games,Montreal,Town,"A new mobile games experience built for players, families and communities.",1
825,30,49,6143.65,2021-01-16,2021-03-16,59,EUR,DE,Publishing,Nonfiction,Berlin,City,We are creating a new nonfiction book and bringing the project to readers.,1
826,39,88,60232.37,2018-12-01,2019-01-11,41,EUR,ES,Dance,Dance Training,Seville,County,"A new dance training project combining movement, performance and original ideas.",0
827,33,133,49050.9,2020-05-24,2020-06-19,26,EUR,IT,Dance,Performances,Milan,City,"A new performances project combining movement, performance and original ideas.",1
828,28,124,8364.42,2019-02-14,2019-03-13,27,USD,IN,Fashion,Accessories,Mumbai,City,"A new accessories collection focused on creativity, quality and original ideas.",1
829,49,76,66621.66,2019-03-11,2019-04-02,22,GBP,GB,Photography,Photobooks,Manchester,Town,"A new photobooks project documenting people, places and memorable stories.",1
830,45,128,13469.47,2018-08-23,2018-09-22,30,GBP,GB,Theater,Experimental Theater,Bristol,City,A new experimental theater production bringing an original story to the stage.,1
831,2,84,86765.35,2018-06-26,2018-08-08,43,USD,US,Crafts,Candles,Austin,City,A new candles project making useful and creative handmade products.,1
832,41,100,175070.74,2019-08-31,2019-10-19,49,USD,US,Publishing,Nonfiction,Chicago,Suburb,We are creating a new nonfiction book and bringing the project to readers.,0
833,66,73,719508.16,2021-01-06,2021-02-18,43,CAD,CA,Photography,Fine Art,Calgary,LocalAdmin,"A new fine art project documenting people, places and memorable stories.",0
834,38,118,13215.29,2019-05-02,2019-06-16,45,USD,US,Fashion,Apparel,Seattle,City,"A new apparel collection focused on creativity, quality and original ideas.",0
835,27,141,107643.46,2020-11-28,2020-12-25,27,EUR,IE,Film & Video,Documentary,Cork,Suburb,Help us bring this original documentary story to life for a wider audience.,1
836,29,135,45076.83,2020-03-13,2020-04-08,26,CAD,CA,Music,Pop,Montreal,City,Support our new pop project and help us share the music with listeners.,1
837,27,81,52075.63,2018-05-22,2018-06-07,16,CAD,CA,Journalism,Audio,Vancouver,City,A new audio project focused on independent stories and community voices.,1
838,18,107,23168.09,2020-08-01,2020-09-17,47,USD,US,Journalism,Investigative,Austin,Town,A new investigative project focused on independent stories and community voices.,0
839,32,61,52411.12,2020-09-02,2020-09-24,22,USD,US,Crafts,DIY,San Francisco,City,A new diy project making useful and creative handmade products.,1
840,32,149,1426.29,2018-12-06,2019-01-30,55,USD,US,Film & Video,Webseries,New York,City,Help us bring this original webseries story to life for a wider audience.,1
841,44,109,11475.35,2018-09-28,2018-11-21,54,USD,US,Technology,Hardware,San Francisco,City,Introducing a new hardware project designed to make everyday work easier.,1
842,27,127,4357.99,2018-11-12,2019-01-06,55,USD,US,Crafts,DIY,San Francisco,City,A new diy project making useful and creative handmade products.,1
843,65,114,3828.13,2021-01-27,2021-03-14,46,CAD,CA,Publishing,Children's Books,Vancouver,Suburb,We are creating a new children's books book and bringing the project to readers.,0
844,21,89,1296.77,2018-09-15,2018-11-06,52,EUR,NL,Publishing,Fiction,Utrecht,County,We are creating a new fiction book and bringing the project to readers.,1
845,37,91,5304.2,2019-08-18,2019-09-29,42,SEK,SE,Comics,Webcomics,Malmo,City,"A new webcomics project featuring original characters, artwork and storytelling.",1
846,24,122,9161.17,2019-04-13,2019-05-12,29,AUD,AU,Photography,Nature,Sydney,City,"A new nature project documenting people, places and memorable stories.",1
847,27,151,15967.99,2019-07-06,2019-08-12,37,USD,US,Technology,Apps,New York,City,Introducing a new apps project designed to make everyday work easier.,1
848,31,98,11771.04,2018-07-20,2018-08-27,38,EUR,NL,Journalism,Print,Rotterdam,Zip,A new print project focused on independent stories and community voices.,0
849,38,143,61315.44,2019-07-11,2019-08-07,27,SEK,SE,Dance,Experimental,Gothenburg,Suburb,"A new experimental project combining movement, performance and original ideas.",1
850,47,136,2992.48,2020-10-19,2020-11-23,35,USD,US,Photography,Nature,Chicago,City,"A new nature project documenting people, places and memorable stories.",1
851,28,98,589.92,2020-12-18,2021-01-13,26,EUR,DE,Food,Drinks,Hamburg,City,We are developing a new drinks project for people who love great food.,1
852,13,141,27348.32,2018-12-06,2019-01-02,27,USD,US,Publishing,Nonfiction,Portland,LocalAdmin,We are creating a new nonfiction book and bringing the project to readers.,0
853,56,139,11161.58,2019-02-07,2019-04-01,53,EUR,IT,Theater,Musicals,Rome,City,A new musicals production bringing an original story to the stage.,1
854,20,44,10808.1,2018-07-14,2018-08-20,37,USD,IN,Games,Video Games,Bengaluru,City,"A new video games experience built for players, families and communities.",0
855,31,129,3975.26,2018-07-14,2018-09-12,60,USD,US,Film & Video,Feature Film,San Francisco,Suburb,Help us bring this original feature film story to life for a wider audience.,1
856,36,146,49110.31,2021-01-30,2021-03-28,57,SEK,SE,Art,Illustration,Stockholm,City,"A new illustration project exploring creative ideas, materials and visual storytelling.",1
857,33,73,6267.37,2019-05-21,2019-07-02,42,CAD,CA,Crafts,Crochet,Calgary,City,A new crochet project making useful and creative handmade products.,0
858,14,69,3050.69,2019-01-16,2019-02-13,28,USD,IN,Publishing,Children's Books,Mumbai,City,We are creating a new children's books book and bringing the project to readers.,0
859,48,114,160775.87,2020-05-06,2020-06-06,31,GBP,GB,Photography,Photobooks,London,Suburb,"A new photobooks project documenting people, places and memorable stories.",1
860,1,151,35052.48,2018-10-15,2018-11-22,38,EUR,ES,Technology,Hardware,Barcelona,City,Introducing a new hardware project designed to make everyday work easier.,1
861,50,75,11275.83,2021-01-13,2021-03-02,48,USD,US,Games,Video Games,San Francisco,City,"A new video games experience built for players, families and communities.",1
862,52,61,272.8,2020-09-28,2020-11-03,36,USD,US,Theater,Plays,Los Angeles,Suburb,A new plays production bringing an original story to the stage.,1
863,49,94,8331.12,2021-02-22,2021-03-18,24,USD,US,Photography,Nature,Boston,Suburb,"A new nature project documenting people, places and memorable stories.",1
864,30,90,11604.59,2018-02-25,2018-03-19,22,USD,IN,Art,Painting,Bengaluru,City,"A new painting project exploring creative ideas, materials and visual storytelling.",0
865,37,58,116002.73,2020-09-15,2020-10-20,35,EUR,IT,Games,Tabletop Games,Turin,City,"A new tabletop games experience built for players, families and communities.",1
866,25,90,796.48,2019-12-15,2020-02-04,51,EUR,ES,Food,Restaurants,Seville,Town,We are developing a new restaurants project for people who love great food.,1
867,36,118,134734.3,2020-04-13,2020-05-04,21,DKK,DK,Art,Sculpture,Odense,City,"A new sculpture project exploring creative ideas, materials and visual storytelling.",1
868,44,151,23621.4,2019-01-09,2019-02-18,40,USD,US,Fashion,Accessories,Seattle,City,"A new accessories collection focused on creativity, quality and original ideas.",1
869,19,125,1846.24,2020-05-09,2020-06-05,27,USD,US,Design,Architecture,Seattle,Town,We are creating a practical architecture with a fresh and thoughtful design.,1
870,33,132,50084.98,2020-07-29,2020-08-28,30,USD,US,Fashion,Accessories,Austin,City,"A new accessories collection focused on creativity, quality and original ideas.",1
871,28,75,8222.74,2020-11-08,2020-12-22,44,USD,US,Journalism,Investigative,New York,LocalAdmin,A new investigative project focused on independent stories and community voices.,1
872,53,105,913.01,2018-08-21,2018-10-05,45,USD,US,Photography,Nature,Los Angeles,LocalAdmin,"A new nature project documenting people, places and memorable stories.",1
873,21,101,6025.84,2018-09-27,2018-10-16,19,GBP,GB,Publishing,Children's Books,Bristol,City,We are creating a new children's books book and bringing the project to readers.,0
874,44,118,17814.5,2020-11-19,2021-01-04,46,USD,US,Publishing,Nonfiction,Austin,City,We are creating a new nonfiction book and bringing the project to readers.,1
875,34,126,13209.14,2019-12-18,2020-01-17,30,USD,US,Publishing,Children's Books,Seattle,City,We are creating a new children's books book and bringing the project to readers.,1
876,33,137,32534.39,2020-06-10,2020-07-03,23,USD,US,Theater,Plays,Seattle,Town,A new plays production bringing an original story to the stage.,1
877,45,109,65754.24,2019-03-18,2019-04-23,36,USD,US,Design,Architecture,Los Angeles,Suburb,We are creating a practical architecture with a fresh and thoughtful design.,0
878,29,92,2186.12,2020-03-09,2020-05-06,58,USD,IN,Fashion,Apparel,Hyderabad,County,"A new apparel collection focused on creativity, quality and original ideas.",1
879,37,145,11617.41,2019-12-01,2020-01-24,54,EUR,FR,Design,Graphic Design,Paris,LocalAdmin,We are creating a practical graphic design with a fresh and thoughtful design.,1
880,52,130,4662.13,2020-05-22,2020-07-20,59,USD,IN,Music,Pop,Mumbai,Island,Support our new pop project and help us share the music with listeners.,0
881,23,127,1731.63,2018-12-31,2019-02-20,51,USD,US,Photography,Nature,New York,LocalAdmin,"A new nature project documenting people, places and memorable stories.",1
882,39,107,11073.51,2019-09-12,2019-10-10,28,USD,US,Design,Architecture,Portland,Town,We are creating a practical architecture with a fresh and thoughtful design.,1
883,48,144,23429.34,2019-02-20,2019-03-22,30,EUR,IT,Dance,Experimental,Milan,Zip,"A new experimental project combining movement, performance and original ideas.",1
884,42,70,25673.42,2019-02-06,2019-04-04,57,USD,US,Crafts,Crochet,San Francisco,City,A new crochet project making useful and creative handmade products.,0
885,54,135,6503.42,2020-05-17,2020-06-20,34,USD,US,Crafts,Woodworking,Portland,LocalAdmin,A new woodworking project making useful and creative handmade products.,1
886,33,135,2516.1,2018-10-08,2018-12-05,58,USD,US,Dance,Dance Training,Seattle,City,"A new dance training project combining movement, performance and original ideas.",1
887,45,81,4418.19,2019-09-10,2019-10-09,29,USD,US,Games,Tabletop Games,Boston,City,"A new tabletop games experience built for players, families and communities.",0
888,52,88,654.3,2020-01-13,2020-03-11,58,USD,US,Comics,Comic Books,Boston,Town,"A new comic books project featuring original characters, artwork and storytelling.",1
889,10,69,1899.3,2019-04-22,2019-06-01,40,USD,US,Theater,Experimental Theater,New York,Town,A new experimental theater production bringing an original story to the stage.,0
890,29,123,2172.42,2021-01-06,2021-01-29,23,AUD,AU,Games,Mobile Games,Perth,Suburb,"A new mobile games experience built for players, families and communities.",1
891,41,31,44483.99,2019-04-01,2019-04-16,15,USD,US,Art,Painting,Chicago,Island,"A new painting project exploring creative ideas, materials and visual storytelling.",0
892,49,115,44421.89,2020-04-17,2020-06-05,49,USD,US,Technology,Software,New York,City,Introducing a new software project designed to make everyday work easier.,0
893,39,85,325578.36,2020-04-03,2020-05-31,58,EUR,IT,Theater,Plays,Turin,Town,A new plays production bringing an original story to the stage.,1
894,56,78,17416.42,2019-10-20,2019-11-23,34,USD,US,Theater,Experimental Theater,Los Angeles,City,A new experimental theater production bringing an original story to the stage.,1
895,27,52,5668.27,2019-10-16,2019-12-14,59,USD,US,Art,Sculpture,Los Angeles,City,"A new sculpture project exploring creative ideas, materials and visual storytelling.",0
896,16,81,12224.76,2020-02-07,2020-02-27,20,EUR,NL,Design,Product Design,Rotterdam,City,We are creating a practical product design with a fresh and thoughtful design.,1
897,47,151,9231.35,2020-08-07,2020-10-02,56,USD,US,Fashion,Footwear,Seattle,Town,"A new footwear collection focused on creativity, quality and original ideas.",1
898,33,86,4507.5,2019-01-18,2019-02-11,24,USD,US,Fashion,Footwear,Austin,City,"A new footwear collection focused on creativity, quality and original ideas.",1
899,22,121,19703.3,2020-08-21,2020-10-07,47,GBP,GB,Crafts,Woodworking,London,LocalAdmin,A new woodworking project making useful and creative handmade products.,0
900,61,75,16193.46,2018-03-03,2018-04-02,30,USD,US,Film & Video,Documentary,New York,LocalAdmin,Help us bring this original documentary story to life for a wider audience.,1
901,46,139,10558.23,2019-06-12,2019-08-01,50,CAD,CA,Games,Video Games,Montreal,City,"A new video games experience built for players, families and communities.",0
902,45,126,7604.64,2018-09-10,2018-09-30,20,EUR,IT,Music,Hip-Hop,Florence,Zip,Support our new hip-hop project and help us share the music with listeners.,1
903,59,101,31955.81,2021-03-06,2021-04-08,33,USD,US,Photography,Photobooks,Chicago,City,"A new photobooks project documenting people, places and memorable stories.",1
904,29,115,5086.59,2020-11-04,2020-12-19,45,CAD,CA,Journalism,Investigative,Calgary,Suburb,A new investigative project focused on independent stories and community voices.,1
905,56,118,6423.81,2020-03-12,2020-03-28,16,GBP,GB,Food,Restaurants,Manchester,City,We are developing a new restaurants project for people who love great food.,1
906,41,78,25060.3,2018-10-18,2018-11-19,32,USD,US,Fashion,Apparel,Chicago,Town,"A new apparel collection focused on creativity, quality and original ideas.",1
907,26,84,57552.65,2019-11-22,2020-01-17,56,CAD,CA,Photography,Photobooks,Vancouver,City,"A new photobooks project documenting people, places and memorable stories.",1
908,35,136,49954.88,2020-12-04,2021-01-15,42,USD,US,Food,Food,Austin,Zip,We are developing a new food project for people who love great food.,1
909,38,151,8024.89,2019-08-17,2019-09-04,18,GBP,GB,Photography,Fine Art,Bristol,Town,"A new fine art project documenting people, places and memorable stories.",1
910,52,112,1690.74,2020-01-30,2020-02-14,15,USD,US,Design,Architecture,Chicago,City,We are creating a practical architecture with a fresh and thoughtful design.,1
911,15,129,7661.41,2018-03-09,2018-05-04,56,GBP,GB,Food,Food,Manchester,Zip,We are developing a new food project for people who love great food.,1
912,9,144,13448.13,2019-07-29,2019-08-28,30,USD,US,Journalism,Print,Seattle,Town,A new print project focused on independent stories and community voices.,0
913,23,98,2133.71,2020-05-16,2020-07-14,59,EUR,IT,Photography,Fine Art,Turin,City,"A new fine art project documenting people, places and memorable stories.",1
914,34,106,7443.62,2019-07-02,2019-07-18,16,USD,US,Dance,Performances,San Francisco,LocalAdmin,"A new performances project combining movement, performance and original ideas.",1
915,46,129,77937.73,2019-02-23,2019-04-14,50,USD,US,Journalism,Audio,Chicago,Island,A new audio project focused on independent stories and community voices.,1
916,28,151,15081.96,2018-05-24,2018-06-08,15,GBP,GB,Food,Food,Edinburgh,Zip,We are developing a new food project for people who love great food.,0
917,41,130,5191.34,2018-06-14,2018-08-06,53,EUR,DE,Journalism,Audio,Munich,City,A new audio project focused on independent stories and community voices.,0
918,59,117,12548.57,2018-01-08,2018-02-14,37,CAD,CA,Photography,Photobooks,Toronto,Town,"A new photobooks project documenting people, places and memorable stories.",1
919,10,90,13663.31,2018-03-09,2018-04-18,40,AUD,AU,Comics,Graphic Novels,Sydney,County,"A new graphic novels project featuring original characters, artwork and storytelling.",1
920,33,106,6727.56,2020-12-28,2021-01-22,25,EUR,FR,Photography,Photobooks,Toulouse,Suburb,"A new photobooks project documenting people, places and memorable stories.",1
921,71,129,39729.56,2020-02-07,2020-04-03,56,EUR,NL,Photography,Photobooks,Amsterdam,City,"A new photobooks project documenting people, places and memorable stories.",0
922,24,125,705.31,2019-06-13,2019-06-28,15,USD,US,Design,Architecture,Los Angeles,LocalAdmin,We are creating a practical architecture with a fresh and thoughtful design.,1
923,23,90,24931.61,2021-03-16,2021-04-10,25,GBP,GB,Games,Video Games,Bristol,LocalAdmin,"A new video games experience built for players, families and communities.",1
924,43,147,4935.87,2018-12-17,2019-01-24,38,EUR,ES,Dance,Experimental,Valencia,Suburb,"A new experimental project combining movement, performance and original ideas.",1
925,27,147,60688.16,2019-11-09,2019-12-03,24,USD,IN,Music,Classical,Chennai,City,Support our new classical project and help us share the music with listeners.,1
926,51,105,1663.98,2019-05-14,2019-06-11,28,SEK,SE,Fashion,Apparel,Malmo,Town,"A new apparel collection focused on creativity, quality and original ideas.",1
927,72,116,51403.16,2019-02-05,2019-03-05,28,USD,US,Theater,Musicals,San Francisco,City,A new musicals production bringing an original story to the stage.,0
928,36,89,3530.86,2018-01-14,2018-02-04,21,USD,US,Art,Painting,New York,City,"A new painting project exploring creative ideas, materials and visual storytelling.",0
929,76,84,19766.43,2020-08-29,2020-10-05,37,GBP,GB,Games,Tabletop Games,Bristol,City,"A new tabletop games experience built for players, families and communities.",1
930,28,118,5836.65,2020-08-21,2020-10-17,57,EUR,DE,Art,Illustration,Munich,City,"A new illustration project exploring creative ideas, materials and visual storytelling.",1
931,32,85,68860.43,2019-12-03,2020-01-08,36,GBP,GB,Design,Product Design,Edinburgh,Suburb,We are creating a practical product design with a fresh and thoughtful design.,1
932,21,127,8923.89,2020-12-13,2021-02-01,50,GBP,GB,Dance,Dance Training,Bristol,Suburb,"A new dance training project combining movement, performance and original ideas.",1
933,28,96,3912.45,2019-03-14,2019-04-24,41,EUR,ES,Publishing,Nonfiction,Seville,City,We are creating a new nonfiction book and bringing the project to readers.,1
934,31,140,104952.86,2018-01-22,2018-02-07,16,USD,US,Photography,Photobooks,Portland,City,"A new photobooks project documenting people, places and memorable stories.",0
935,41,105,7773.16,2020-09-16,2020-11-08,53,EUR,NL,Publishing,Fiction,Utrecht,City,We are creating a new fiction book and bringing the project to readers.,1
936,16,50,26941.53,2020-11-12,2021-01-11,60,USD,US,Publishing,Children's Books,Chicago,City,We are creating a new children's books book and bringing the project to readers.,1
937,27,97,51440.48,2018-05-24,2018-06-26,33,USD,US,Technology,Gadgets,Boston,City,Introducing a new gadgets project designed to make everyday work easier.,1
938,28,111,3070.05,2020-07-29,2020-08-19,21,GBP,GB,Crafts,Candles,Bristol,City,A new candles project making useful and creative handmade products.,0
939,48,56,23079.01,2018-10-11,2018-11-06,26,EUR,FR,Publishing,Children's Books,Paris,City,We are creating a new children's books book and bringing the project to readers.,0
940,37,59,28461.24,2020-06-01,2020-06-18,17,USD,US,Fashion,Accessories,Austin,City,"A new accessories collection focused on creativity, quality and original ideas.",1
941,37,102,1090.15,2018-08-06,2018-08-25,19,USD,US,Comics,Webcomics,Austin,LocalAdmin,"A new webcomics project featuring original characters, artwork and storytelling.",1
942,36,138,19799.34,2018-07-12,2018-08-03,22,NOK,NO,Crafts,Crochet,Trondheim,Town,A new crochet project making useful and creative handmade products.,0
943,9,127,6933.37,2020-06-14,2020-07-12,28,USD,US,Design,Product Design,Austin,Suburb,We are creating a practical product design with a fresh and thoughtful design.,1
944,59,108,147848.94,2020-07-27,2020-09-15,50,CAD,CA,Theater,Plays,Toronto,Town,A new plays production bringing an original story to the stage.,1
945,21,82,45942.56,2019-02-22,2019-03-15,21,CAD,CA,Games,Tabletop Games,Toronto,City,"A new tabletop games experience built for players, families and communities.",0
946,48,81,23700.01,2018-04-26,2018-05-17,21,GBP,GB,Comics,Graphic Novels,London,City,"A new graphic novels project featuring original characters, artwork and storytelling.",0
947,32,127,507.05,2020-04-14,2020-06-13,60,AUD,AU,Journalism,Investigative,Melbourne,LocalAdmin,A new investigative project focused on independent stories and community voices.,1
948,26,114,23918.09,2018-02-08,2018-03-26,46,USD,US,Food,Food,Seattle,City,We are developing a new food project for people who love great food.,1
949,51,134,3689.15,2020-02-27,2020-03-20,22,GBP,GB,Technology,Hardware,London,Island,Introducing a new hardware project designed to make everyday work easier.,1
950,17,144,46473.2,2018-02-27,2018-03-25,26,USD,US,Comics,Comic Books,Austin,County,"A new comic books project featuring original characters, artwork and storytelling.",0
951,18,94,9365.52,2019-01-11,2019-02-04,24,AUD,AU,Music,Pop,Brisbane,Suburb,Support our new pop project and help us share the music with listeners.,0
952,37,121,5367.29,2018-10-22,2018-11-19,28,USD,US,Publishing,Fiction,San Francisco,City,We are creating a new fiction book and bringing the project to readers.,0
953,38,125,6099.15,2020-08-11,2020-09-03,23,CAD,CA,Design,Graphic Design,Vancouver,LocalAdmin,We are creating a practical graphic design with a fresh and thoughtful design.,1
954,47,87,6760.29,2020-04-30,2020-06-21,52,USD,US,Film & Video,Documentary,Boston,City,Help us bring this original documentary story to life for a wider audience.,0
955,46,89,1486.92,2021-01-28,2021-03-13,44,USD,US,Food,Food,Boston,City,We are developing a new food project for people who love great food.,1
956,34,130,1822.26,2020-05-18,2020-06-06,19,USD,US,Art,Illustration,Seattle,City,"A new illustration project exploring creative ideas, materials and visual storytelling.",0
957,37,108,7134.25,2019-02-25,2019-03-12,15,USD,US,Fashion,Footwear,Seattle,City,"A new footwear collection focused on creativity, quality and original ideas.",1
958,33,82,133669.25,2018-08-31,2018-09-15,15,EUR,IT,Art,Painting,Rome,City,"A new painting project exploring creative ideas, materials and visual storytelling.",0
959,56,83,36318.4,2018-05-03,2018-06-06,34,USD,US,Comics,Webcomics,Chicago,LocalAdmin,"A new webcomics project featuring original characters, artwork and storytelling.",1
960,20,69,41725.57,2019-05-26,2019-06-20,25,EUR,IE,Theater,Experimental Theater,Dublin,County,A new experimental theater production bringing an original story to the stage.,1
961,35,97,76754.36,2019-10-30,2019-12-09,40,USD,IN,Art,Painting,Delhi,City,"A new painting project exploring creative ideas, materials and visual storytelling.",1
962,47,77,18553.08,2019-09-20,2019-11-17,58,CAD,CA,Music,Pop,Montreal,City,Support our new pop project and help us share the music with listeners.,1
963,52,111,5912.44,2018-07-12,2018-07-29,17,USD,US,Design,Architecture,Boston,County,We are creating a practical architecture with a fresh and thoughtful design.,1
964,25,151,6346.36,2018-10-13,2018-11-02,20,USD,US,Journalism,Print,Seattle,City,A new print project focused on independent stories and community voices.,1
965,20,122,3336.8,2019-11-30,2020-01-26,57,EUR,FR,Theater,Musicals,Marseille,City,A new musicals production bringing an original story to the stage.,1
966,16,140,42180.97,2020-02-09,2020-04-08,59,USD,US,Games,Mobile Games,Boston,City,"A new mobile games experience built for players, families and communities.",1
967,30,120,2811.53,2018-01-12,2018-02-06,25,USD,US,Fashion,Footwear,New York,City,"A new footwear collection focused on creativity, quality and original ideas.",1
968,39,59,306414.67,2020-01-29,2020-02-20,22,GBP,GB,Music,Classical,Bristol,City,Support our new classical project and help us share the music with listeners.,1
969,28,112,2960.62,2021-02-22,2021-04-06,43,EUR,ES,Music,Pop,Valencia,Zip,Support our new pop project and help us share the music with listeners.,1
970,45,88,79870.67,2018-05-11,2018-06-04,24,EUR,FR,Art,Sculpture,Toulouse,Zip,"A new sculpture project exploring creative ideas, materials and visual storytelling.",1
971,34,83,80541.51,2020-04-23,2020-06-10,48,USD,US,Publishing,Nonfiction,San Francisco,City,We are creating a new nonfiction book and bringing the project to readers.,1
972,44,101,31584.14,2019-05-24,2019-07-01,38,AUD,AU,Art,Mixed Media,Brisbane,City,"A new mixed media project exploring creative ideas, materials and visual storytelling.",0
973,37,127,147938.02,2019-07-15,2019-09-13,60,USD,US,Comics,Webcomics,Chicago,County,"A new webcomics project featuring original characters, artwork and storytelling.",1
974,10,99,8852.88,2021-02-01,2021-03-04,31,USD,US,Games,Tabletop Games,Portland,Suburb,"A new tabletop games experience built for players, families and communities.",1
975,18,134,14639.47,2019-09-20,2019-11-05,46,EUR,NL,Crafts,DIY,Amsterdam,Town,A new diy project making useful and creative handmade products.,0
976,52,113,16992.43,2018-06-11,2018-07-06,25,USD,US,Theater,Plays,San Francisco,City,A new plays production bringing an original story to the stage.,0
977,21,118,29951.91,2019-02-01,2019-03-21,48,USD,US,Art,Painting,Los Angeles,City,"A new painting project exploring creative ideas, materials and visual storytelling.",1
978,48,106,715.7,2020-10-16,2020-11-23,38,USD,US,Design,Product Design,Portland,Zip,We are creating a practical product design with a fresh and thoughtful design.,0
979,37,147,10179.69,2019-03-26,2019-04-14,19,EUR,NL,Film & Video,Webseries,Rotterdam,Suburb,Help us bring this original webseries story to life for a wider audience.,1
980,20,87,45384.59,2019-08-13,2019-09-25,43,EUR,FR,Fashion,Accessories,Lyon,Town,"A new accessories collection focused on creativity, quality and original ideas.",1
981,46,89,6742.54,2019-02-25,2019-04-14,48,CAD,CA,Photography,Photobooks,Vancouver,LocalAdmin,"A new photobooks project documenting people, places and memorable stories.",0
982,28,98,250197.4,2020-08-11,2020-09-10,30,EUR,DE,Art,Sculpture,Cologne,LocalAdmin,"A new sculpture project exploring creative ideas, materials and visual storytelling.",1
983,37,123,14634.11,2018-02-15,2018-03-26,39,USD,US,Design,Graphic Design,San Francisco,City,We are creating a practical graphic design with a fresh and thoughtful design.,1
984,32,127,26640.04,2018-10-01,2018-11-21,51,GBP,GB,Theater,Plays,London,City,A new plays production bringing an original story to the stage.,0
985,1,91,132814.18,2018-10-05,2018-10-27,22,USD,US,Design,Graphic Design,Los Angeles,Suburb,We are creating a practical graphic design with a fresh and thoughtful design.,0
986,45,135,14665.94,2019-07-17,2019-08-29,43,USD,US,Fashion,Accessories,Boston,Suburb,"A new accessories collection focused on creativity, quality and original ideas.",1
987,47,79,129492.67,2020-07-11,2020-09-09,60,GBP,GB,Crafts,Candles,Edinburgh,Suburb,A new candles project making useful and creative handmade products.,0
988,28,129,29629.88,2018-02-26,2018-04-06,39,NZD,NZ,Design,Architecture,Wellington,City,We are creating a practical architecture with a fresh and thoughtful design.,1
989,45,119,29718.86,2018-10-23,2018-12-18,56,USD,US,Film & Video,Documentary,Austin,Zip,Help us bring this original documentary story to life for a wider audience.,1
990,22,109,3024.38,2018-02-23,2018-04-01,37,USD,US,Design,Graphic Design,Chicago,City,We are creating a practical graphic design with a fresh and thoughtful design.,1
991,22,122,66680.99,2018-10-27,2018-12-14,48,USD,US,Design,Graphic Design,Portland,City,We are creating a practical graphic design with a fresh and thoughtful design.,1
992,39,104,4687.98,2019-09-23,2019-10-10,17,USD,US,Design,Graphic Design,Boston,Town,We are creating a practical graphic design with a fresh and thoughtful design.,1
993,25,116,8989.08,2018-02-10,2018-03-26,44,NZD,NZ,Journalism,Print,Auckland,Town,A new print project focused on independent stories and community voices.,1
994,33,151,84492.62,2019-10-16,2019-12-03,48,GBP,GB,Journalism,Audio,Edinburgh,City,A new audio project focused on independent stories and community voices.,0
995,21,135,6796.84,2018-08-07,2018-09-22,46,GBP,GB,Crafts,Candles,Bristol,City,A new candles project making useful and creative handmade products.,0
996,16,92,20573.02,2018-09-08,2018-10-21,43,EUR,FR,Art,Sculpture,Marseille,LocalAdmin,"A new sculpture project exploring creative ideas, materials and visual storytelling.",1
997,38,99,11038.67,2020-11-16,2020-12-09,23,USD,US,Design,Product Design,Los Angeles,LocalAdmin,We are creating a practical product design with a fresh and thoughtful design.,1
998,38,144,11651.77,2019-08-25,2019-09-10,16,GBP,GB,Technology,Hardware,Edinburgh,County,Introducing a new hardware project designed to make everyday work easier.,1
999,35,96,9518.56,2018-02-01,2018-03-26,53,USD,US,Games,Tabletop Games,Boston,LocalAdmin,"A new tabletop games experience built for players, families and communities.",0
1000,31,151,2408.09,2019-09-14,2019-10-05,21,CAD,CA,Technology,Gadgets,Calgary,City,Introducing a new gadgets project designed to make everyday work easier.,1
1001,24,131,27934.95,2019-06-30,2019-08-29,60,USD,IN,Art,Painting,Hyderabad,City,"A new painting project exploring creative ideas, materials and visual storytelling.",1
1002,19,67,32065.97,2020-09-28,2020-10-17,19,EUR,FR,Crafts,DIY,Toulouse,City,A new diy project making useful and creative handmade products.,0
1003,18,134,4868.7,2019-11-05,2019-11-27,22,USD,US,Publishing,Children's Books,Chicago,Town,We are creating a new children's books book and bringing the project to readers.,1
1004,26,43,6045.77,2020-12-21,2021-02-05,46,EUR,IT,Publishing,Children's Books,Milan,LocalAdmin,We are creating a new children's books book and bringing the project to readers.,1
1005,50,98,49404.58,2020-06-30,2020-08-01,32,USD,US,Dance,Experimental,Austin,City,"A new experimental project combining movement, performance and original ideas.",1
1006,38,134,7972.8,2019-01-14,2019-03-07,52,USD,US,Technology,Software,Portland,City,Introducing a new software project designed to make everyday work easier.,1
1007,40,52,13852.04,2018-11-25,2019-01-24,60,USD,US,Art,Mixed Media,Los Angeles,City,"A new mixed media project exploring creative ideas, materials and visual storytelling.",0
1008,16,151,3060.05,2019-03-30,2019-05-01,32,USD,US,Art,Mixed Media,Boston,City,"A new mixed media project exploring creative ideas, materials and visual storytelling.",0
1009,38,137,10875.62,2018-07-13,2018-09-06,55,GBP,GB,Food,Food,London,Town,We are developing a new food project for people who love great food.,1
1010,40,79,3085.86,2018-03-27,2018-05-25,59,CAD,CA,Comics,Graphic Novels,Montreal,City,"A new graphic novels project featuring original characters, artwork and storytelling.",1
1011,59,151,4698.27,2019-11-09,2019-12-09,30,NZD,NZ,Photography,Fine Art,Christchurch,Suburb,"A new fine art project documenting people, places and memorable stories.",1
1012,35,51,3670.86,2019-12-11,2020-01-15,35,GBP,GB,Theater,Plays,Manchester,LocalAdmin,A new plays production bringing an original story to the stage.,1
1013,29,78,45741.06,2018-01-25,2018-02-18,24,GBP,GB,Food,Food,London,LocalAdmin,We are developing a new food project for people who love great food.,1
1014,24,66,1528.13,2020-08-12,2020-10-07,56,USD,US,Film & Video,Webseries,Austin,City,Help us bring this original webseries story to life for a wider audience.,0
1015,36,49,18142.61,2019-05-28,2019-06-15,18,USD,US,Journalism,Print,New York,City,A new print project focused on independent stories and community voices.,0
1016,32,98,8491.48,2019-07-07,2019-09-03,58,GBP,GB,Journalism,Investigative,London,LocalAdmin,A new investigative project focused on independent stories and community voices.,1
1017,52,114,104492.31,2019-12-09,2019-12-31,22,USD,US,Comics,Comic Books,Chicago,County,"A new comic books project featuring original characters, artwork and storytelling.",0
1018,49,113,40168.58,2019-02-09,2019-03-14,33,EUR,ES,Fashion,Apparel,Barcelona,City,"A new apparel collection focused on creativity, quality and original ideas.",0
1019,20,112,1755.86,2021-01-12,2021-03-07,54,USD,US,Fashion,Accessories,Los Angeles,County,"A new accessories collection focused on creativity, quality and original ideas.",0
1020,35,110,5033.4,2018-03-31,2018-05-24,54,USD,US,Crafts,DIY,Austin,City,A new diy project making useful and creative handmade products.,1
1021,72,73,11743.99,2020-01-19,2020-02-11,23,GBP,GB,Music,Classical,London,City,Support our new classical project and help us share the music with listeners.,1
1022,13,93,5031.82,2020-06-29,2020-08-12,44,USD,US,Comics,Graphic Novels,New York,Island,"A new graphic novels project featuring original characters, artwork and storytelling.",1
1023,32,25,49044.61,2018-11-05,2018-12-06,31,USD,US,Photography,Nature,New York,City,"A new nature project documenting people, places and memorable stories.",1
1024,46,140,15616.32,2021-01-13,2021-03-08,54,EUR,DE,Art,Mixed Media,Hamburg,Suburb,"A new mixed media project exploring creative ideas, materials and visual storytelling.",1
1025,31,111,8892.61,2020-01-13,2020-03-11,58,USD,US,Fashion,Footwear,Boston,City,"A new footwear collection focused on creativity, quality and original ideas.",1
1026,30,110,54888.16,2021-01-03,2021-02-01,29,CAD,CA,Photography,Nature,Toronto,City,"A new nature project documenting people, places and memorable stories.",0
1027,28,131,1934.79,2018-07-10,2018-07-28,18,USD,US,Design,Graphic Design,Seattle,City,We are creating a practical graphic design with a fresh and thoughtful design.,0
1028,19,134,7951.51,2018-08-13,2018-09-02,20,USD,US,Technology,Hardware,Los Angeles,Town,Introducing a new hardware project designed to make everyday work easier.,1
1029,32,97,17624.77,2018-08-06,2018-09-05,30,USD,US,Technology,Software,San Francisco,Town,Introducing a new software project designed to make everyday work easier.,0
1030,50,104,9639.5,2020-09-19,2020-10-29,40,EUR,IT,Music,Hip-Hop,Florence,City,Support our new hip-hop project and help us share the music with listeners.,0
1031,16,151,97.57,2020-07-13,2020-09-02,51,USD,US,Games,Tabletop Games,Chicago,City,"A new tabletop games experience built for players, families and communities.",1
1032,39,90,20295.38,2020-01-14,2020-02-20,37,EUR,DE,Art,Mixed Media,Hamburg,Zip,"A new mixed media project exploring creative ideas, materials and visual storytelling.",1
1033,51,151,26157.46,2018-10-25,2018-11-21,27,USD,US,Theater,Plays,Boston,County,A new plays production bringing an original story to the stage.,1
1034,35,97,2497.92,2018-03-20,2018-04-20,31,EUR,FR,Theater,Experimental Theater,Marseille,Town,A new experimental theater production bringing an original story to the stage.,0
1035,29,51,407.1,2021-03-21,2021-05-01,41,USD,US,Film & Video,Webseries,Seattle,County,Help us bring this original webseries story to life for a wider audience.,0
1036,45,111,4197.2,2020-02-20,2020-03-27,36,AUD,AU,Theater,Musicals,Brisbane,City,A new musicals production bringing an original story to the stage.,1
1037,21,97,8753.99,2019-05-24,2019-07-14,51,CAD,CA,Design,Graphic Design,Vancouver,Suburb,We are creating a practical graphic design with a fresh and thoughtful design.,1
1038,41,68,10110.59,2019-06-04,2019-07-07,33,EUR,IE,Design,Graphic Design,Galway,City,We are creating a practical graphic design with a fresh and thoughtful design.,1
1039,33,106,568.87,2018-10-13,2018-12-05,53,USD,US,Technology,Hardware,San Francisco,City,Introducing a new hardware project designed to make everyday work easier.,1
1040,36,93,16442.92,2019-05-26,2019-07-14,49,USD,US,Comics,Webcomics,San Francisco,LocalAdmin,"A new webcomics project featuring original characters, artwork and storytelling.",1
1041,60,151,59125.69,2019-05-26,2019-06-22,27,USD,US,Music,Rock,Los Angeles,City,Support our new rock project and help us share the music with listeners.,1
1042,52,137,52876.39,2018-09-07,2018-10-05,28,EUR,IT,Crafts,Candles,Milan,City,A new candles project making useful and creative handmade products.,1
1043,57,79,79739.4,2020-08-12,2020-09-26,45,GBP,GB,Film & Video,Documentary,Edinburgh,City,Help us bring this original documentary story to life for a wider audience.,1
1044,23,86,1830.88,2019-04-26,2019-06-24,59,EUR,FR,Fashion,Apparel,Marseille,City,"A new apparel collection focused on creativity, quality and original ideas.",0
1045,20,138,46873.53,2020-08-17,2020-09-02,16,USD,US,Photography,Fine Art,Seattle,Suburb,"A new fine art project documenting people, places and memorable stories.",1
1046,42,144,2822.11,2020-06-14,2020-08-13,60,USD,US,Comics,Webcomics,Los Angeles,LocalAdmin,"A new webcomics project featuring original characters, artwork and storytelling.",1
1047,40,98,40781.5,2018-02-05,2018-03-30,53,USD,US,Fashion,Footwear,Austin,Suburb,"A new footwear collection focused on creativity, quality and original ideas.",1
1048,5,94,3826.74,2018-02-09,2018-04-01,51,USD,IN,Comics,Comic Books,Delhi,County,"A new comic books project featuring original characters, artwork and storytelling.",1
1049,40,104,20708.46,2019-01-26,2019-02-23,28,AUD,AU,Comics,Comic Books,Sydney,County,"A new comic books project featuring original characters, artwork and storytelling.",0
1050,66,117,129599.19,2019-04-23,2019-05-16,23,EUR,IE,Comics,Comic Books,Cork,Town,"A new comic books project featuring original characters, artwork and storytelling.",0
1051,63,130,50955.77,2020-03-31,2020-04-24,24,USD,US,Technology,Gadgets,New York,City,Introducing a new gadgets project designed to make everyday work easier.,1
1052,25,131,2873.06,2020-04-04,2020-04-25,21,CAD,CA,Theater,Musicals,Toronto,City,A new musicals production bringing an original story to the stage.,1
1053,46,76,2053.69,2019-09-16,2019-10-28,42,AUD,AU,Music,Rock,Sydney,City,Support our new rock project and help us share the music with listeners.,1
1054,22,97,39974.2,2019-05-18,2019-07-17,60,USD,US,Crafts,Crochet,San Francisco,Suburb,A new crochet project making useful and creative handmade products.,1
1055,34,45,92766.15,2018-12-05,2019-01-13,39,EUR,ES,Theater,Plays,Madrid,Town,A new plays production bringing an original story to the stage.,0
1056,23,107,23361.65,2018-08-07,2018-10-06,60,DKK,DK,Comics,Webcomics,Copenhagen,City,"A new webcomics project featuring original characters, artwork and storytelling.",1
1057,17,66,5433.53,2019-03-12,2019-04-23,42,SEK,SE,Dance,Experimental,Malmo,City,"A new experimental project combining movement, performance and original ideas.",1
1058,48,86,12804.61,2018-12-29,2019-01-14,16,EUR,DE,Games,Mobile Games,Cologne,City,"A new mobile games experience built for players, families and communities.",1
1059,39,141,23457.61,2020-07-24,2020-08-24,31,USD,US,Fashion,Accessories,Austin,City,"A new accessories collection focused on creativity, quality and original ideas.",0
1060,42,120,10444.71,2020-04-30,2020-05-18,18,USD,US,Art,Illustration,San Francisco,Island,"A new illustration project exploring creative ideas, materials and visual storytelling.",1
1061,44,118,2877.5,2020-11-24,2020-12-21,27,USD,IN,Food,Drinks,Chennai,City,We are developing a new drinks project for people who love great food.,1
1062,38,108,62408.5,2018-02-09,2018-03-13,32,USD,US,Theater,Experimental Theater,Seattle,Suburb,A new experimental theater production bringing an original story to the stage.,1
1063,19,150,220577.74,2018-11-18,2018-12-05,17,EUR,DE,Photography,Photobooks,Hamburg,Town,"A new photobooks project documenting people, places and memorable stories.",1
1064,38,89,109515.56,2020-05-18,2020-07-08,51,EUR,DE,Technology,Software,Berlin,Town,Introducing a new software project designed to make everyday work easier.,1
1065,32,113,414.62,2019-01-21,2019-03-09,47,CAD,CA,Film & Video,Documentary,Toronto,Town,Help us bring this original documentary story to life for a wider audience.,0
1066,32,111,72000.91,2018-11-22,2019-01-16,55,USD,IN,Journalism,Audio,Chennai,City,A new audio project focused on independent stories and community voices.,1
1067,21,98,29403.57,2019-07-25,2019-09-01,38,USD,US,Crafts,Candles,Los Angeles,City,A new candles project making useful and creative handmade products.,0
1068,12,151,4332.4,2018-09-21,2018-10-13,22,USD,US,Art,Painting,Portland,Town,"A new painting project exploring creative ideas, materials and visual storytelling.",0
1069,26,71,573.23,2020-05-18,2020-07-06,49,USD,US,Design,Architecture,San Francisco,City,We are creating a practical architecture with a fresh and thoughtful design.,1
1070,43,53,10062.04,2018-04-29,2018-05-15,16,USD,US,Publishing,Fiction,San Francisco,Town,We are creating a new fiction book and bringing the project to readers.,1
1071,34,111,21086.08,2019-06-15,2019-08-01,47,USD,US,Dance,Dance Training,Seattle,Suburb,"A new dance training project combining movement, performance and original ideas.",0
1072,62,90,2158.22,2018-10-06,2018-11-01,26,USD,US,Journalism,Audio,Seattle,City,A new audio project focused on independent stories and community voices.,1
1073,34,38,81036.99,2018-09-06,2018-10-12,36,EUR,ES,Food,Restaurants,Madrid,County,We are developing a new restaurants project for people who love great food.,0
1074,38,119,78049.0,2019-05-04,2019-05-31,27,EUR,IE,Art,Painting,Galway,City,"A new painting project exploring creative ideas, materials and visual storytelling.",1
1075,35,115,24783.46,2019-01-22,2019-02-15,24,USD,US,Journalism,Print,Austin,City,A new print project focused on independent stories and community voices.,1
1076,19,142,1429.1,2019-08-15,2019-09-15,31,USD,US,Art,Mixed Media,San Francisco,City,"A new mixed media project exploring creative ideas, materials and visual storytelling.",1
1077,35,91,7993.99,2020-09-20,2020-11-16,57,EUR,IE,Photography,Fine Art,Galway,Town,"A new fine art project documenting people, places and memorable stories.",0
1078,19,52,36841.71,2020-09-10,2020-09-29,19,USD,US,Dance,Experimental,San Francisco,Suburb,"A new experimental project combining movement, performance and original ideas.",0
1079,34,80,33261.65,2020-01-14,2020-02-06,23,USD,US,Food,Restaurants,Austin,City,We are developing a new restaurants project for people who love great food.,0
1080,9,50,4060.93,2018-08-15,2018-09-11,27,USD,US,Design,Graphic Design,Portland,Island,We are creating a practical graphic design with a fresh and thoughtful design.,0
1081,34,151,5097.25,2018-09-12,2018-10-19,37,CAD,CA,Comics,Graphic Novels,Calgary,Zip,"A new graphic novels project featuring original characters, artwork and storytelling.",0
1082,37,138,3901.82,2020-01-16,2020-02-29,44,USD,US,Fashion,Accessories,Los Angeles,County,"A new accessories collection focused on creativity, quality and original ideas.",1
1083,38,147,7740.22,2021-03-07,2021-05-03,57,USD,IN,Design,Product Design,Mumbai,Zip,We are creating a practical product design with a fresh and thoughtful design.,1
1084,13,128,5643.69,2019-11-15,2019-12-03,18,GBP,GB,Comics,Comic Books,London,City,"A new comic books project featuring original characters, artwork and storytelling.",0
1085,42,66,4254.87,2020-06-18,2020-07-23,35,GBP,GB,Publishing,Children's Books,Edinburgh,Town,We are creating a new children's books book and bringing the project to readers.,1
1086,45,96,9694.89,2018-09-13,2018-11-09,57,USD,US,Technology,Apps,Chicago,Town,Introducing a new apps project designed to make everyday work easier.,1
1087,21,132,12767.38,2021-01-12,2021-02-04,23,GBP,GB,Music,Rock,Bristol,County,Support our new rock project and help us share the music with listeners.,0
1088,50,57,64705.0,2018-11-15,2018-12-06,21,AUD,AU,Music,Pop,Melbourne,City,Support our new pop project and help us share the music with listeners.,1
1089,38,121,758.76,2019-02-06,2019-03-08,30,EUR,DE,Music,Hip-Hop,Berlin,Town,Support our new hip-hop project and help us share the music with listeners.,1
1090,34,131,79421.16,2020-02-08,2020-03-16,37,EUR,DE,Crafts,Candles,Cologne,City,A new candles project making useful and creative handmade products.,1
1091,44,151,3768.09,2021-02-14,2021-03-23,37,CAD,CA,Theater,Experimental Theater,Montreal,City,A new experimental theater production bringing an original story to the stage.,1
1092,59,137,214582.03,2020-08-09,2020-09-23,45,NZD,NZ,Games,Tabletop Games,Christchurch,City,"A new tabletop games experience built for players, families and communities.",1
1093,33,122,34068.12,2020-06-06,2020-06-25,19,EUR,IT,Film & Video,Webseries,Turin,City,Help us bring this original webseries story to life for a wider audience.,1
1094,28,109,28030.15,2020-11-11,2020-12-01,20,EUR,DE,Film & Video,Documentary,Berlin,Suburb,Help us bring this original documentary story to life for a wider audience.,1
1095,66,124,10213.23,2019-07-12,2019-07-27,15,USD,US,Theater,Musicals,Boston,City,A new musicals production bringing an original story to the stage.,1
1096,32,126,293710.32,2019-02-21,2019-04-04,42,USD,US,Music,Pop,Austin,City,Support our new pop project and help us share the music with listeners.,1
1097,40,46,11444.04,2019-02-06,2019-03-10,32,USD,US,Fashion,Footwear,Austin,Town,"A new footwear collection focused on creativity, quality and original ideas.",0
1098,32,114,124965.49,2020-05-30,2020-07-07,38,AUD,AU,Food,Drinks,Perth,LocalAdmin,We are developing a new drinks project for people who love great food.,0
1099,11,29,4925.28,2020-06-25,2020-07-22,27,USD,US,Dance,Experimental,Los Angeles,City,"A new experimental project combining movement, performance and original ideas.",1
1100,30,40,36438.53,2020-06-14,2020-07-31,47,USD,US,Food,Drinks,Portland,City,We are developing a new drinks project for people who love great food.,0
1101,52,109,227485.58,2019-11-21,2019-12-15,24,SEK,SE,Dance,Experimental,Stockholm,City,"A new experimental project combining movement, performance and original ideas.",0
1102,23,122,3223.76,2020-06-15,2020-07-06,21,SEK,SE,Food,Drinks,Stockholm,City,We are developing a new drinks project for people who love great food.,0
1103,55,68,25696.63,2020-05-09,2020-06-29,51,NZD,NZ,Games,Video Games,Auckland,City,"A new video games experience built for players, families and communities.",1
1104,46,141,4014.95,2021-01-17,2021-03-04,46,USD,US,Crafts,DIY,Portland,City,A new diy project making useful and creative handmade products.,0
1105,20,151,23356.69,2020-05-05,2020-07-03,59,AUD,AU,Crafts,Candles,Perth,City,A new candles project making useful and creative handmade products.,0
1106,17,132,226012.17,2021-02-23,2021-03-31,36,USD,US,Music,Pop,Austin,Town,Support our new pop project and help us share the music with listeners.,1
1107,17,107,2823.87,2018-12-12,2019-01-11,30,USD,US,Publishing,Fiction,San Francisco,Zip,We are creating a new fiction book and bringing the project to readers.,1
1108,29,117,15282.66,2020-10-18,2020-11-25,38,USD,US,Comics,Graphic Novels,Austin,City,"A new graphic novels project featuring original characters, artwork and storytelling.",0
1109,19,111,3291.94,2020-05-17,2020-06-14,28,USD,US,Publishing,Nonfiction,Los Angeles,City,We are creating a new nonfiction book and bringing the project to readers.,1
1110,53,114,9820.98,2019-08-10,2019-09-04,25,USD,US,Journalism,Investigative,Los Angeles,City,A new investigative project focused on independent stories and community voices.,1
1111,17,77,31431.4,2018-02-22,2018-03-27,33,EUR,ES,Crafts,Candles,Barcelona,City,A new candles project making useful and creative handmade products.,0
1112,22,97,7559.05,2020-05-24,2020-06-30,37,USD,US,Crafts,Crochet,San Francisco,City,A new crochet project making useful and creative handmade products.,1
1113,58,110,137616.84,2020-07-30,2020-09-16,48,EUR,DE,Design,Architecture,Munich,County,We are creating a practical architecture with a fresh and thoughtful design.,1
1114,31,118,25383.24,2020-07-17,2020-09-09,54,GBP,GB,Design,Architecture,Manchester,LocalAdmin,We are creating a practical architecture with a fresh and thoughtful design.,1
1115,41,126,1542.83,2018-12-02,2018-12-29,27,USD,US,Comics,Webcomics,Portland,Suburb,"A new webcomics project featuring original characters, artwork and storytelling.",1
1116,42,78,19699.4,2018-04-17,2018-06-09,53,GBP,GB,Photography,Photobooks,Bristol,Island,"A new photobooks project documenting people, places and memorable stories.",1
1117,13,103,115542.6,2020-05-17,2020-07-14,58,USD,US,Journalism,Investigative,Los Angeles,LocalAdmin,A new investigative project focused on independent stories and community voices.,1
1118,47,100,27817.04,2020-02-27,2020-04-09,42,CAD,CA,Publishing,Nonfiction,Vancouver,City,We are creating a new nonfiction book and bringing the project to readers.,1
1119,44,151,17976.88,2018-02-13,2018-04-08,54,USD,US,Fashion,Footwear,Chicago,LocalAdmin,"A new footwear collection focused on creativity, quality and original ideas.",1
1120,45,115,7566.51,2019-02-22,2019-03-24,30,USD,US,Design,Architecture,Los Angeles,City,We are creating a practical architecture with a fresh and thoughtful design.,1
1121,25,128,10324.45,2019-09-12,2019-10-24,42,USD,US,Fashion,Footwear,Austin,City,"A new footwear collection focused on creativity, quality and original ideas.",1
1122,39,138,12203.36,2020-09-22,2020-10-10,18,GBP,GB,Art,Painting,Manchester,County,"A new painting project exploring creative ideas, materials and visual storytelling.",1
1123,32,134,270.82,2018-08-28,2018-10-09,42,NZD,NZ,Design,Graphic Design,Wellington,City,We are creating a practical graphic design with a fresh and thoughtful design.,0
1124,36,47,24621.98,2019-11-19,2019-12-15,26,USD,US,Games,Tabletop Games,Seattle,City,"A new tabletop games experience built for players, families and communities.",1
1125,23,103,56249.0,2020-05-17,2020-06-16,30,EUR,DE,Photography,Fine Art,Munich,City,"A new fine art project documenting people, places and memorable stories.",1
1126,32,128,3764.5,2019-05-27,2019-07-16,50,AUD,AU,Journalism,Print,Sydney,County,A new print project focused on independent stories and community voices.,1
1127,50,112,17205.97,2019-03-26,2019-04-29,34,EUR,IE,Technology,Apps,Cork,Town,Introducing a new apps project designed to make everyday work easier.,1
1128,6,58,20759.51,2020-02-08,2020-03-19,40,EUR,IT,Comics,Comic Books,Milan,City,"A new comic books project featuring original characters, artwork and storytelling.",1
1129,30,77,42134.52,2018-07-30,2018-09-08,40,CAD,CA,Art,Sculpture,Calgary,City,"A new sculpture project exploring creative ideas, materials and visual storytelling.",1
1130,45,81,12231.8,2018-02-14,2018-03-22,36,AUD,AU,Technology,Gadgets,Brisbane,City,Introducing a new gadgets project designed to make everyday work easier.,0
1131,19,118,27697.55,2020-03-12,2020-04-04,23,SEK,SE,Journalism,Print,Malmo,City,A new print project focused on independent stories and community voices.,1
1132,41,115,1982.65,2020-08-14,2020-09-02,19,USD,US,Publishing,Children's Books,San Francisco,City,We are creating a new children's books book and bringing the project to readers.,1
1133,42,151,2491.31,2019-01-01,2019-02-01,31,USD,US,Music,Classical,Portland,Zip,Support our new classical project and help us share the music with listeners.,1
1134,33,108,23410.5,2018-04-25,2018-06-12,48,USD,US,Games,Video Games,Seattle,Town,"A new video games experience built for players, families and communities.",1
1135,40,114,8406.76,2018-04-09,2018-04-25,16,EUR,IT,Journalism,Audio,Rome,LocalAdmin,A new audio project focused on independent stories and community voices.,1
1136,59,68,1035.42,2019-09-18,2019-10-09,21,EUR,IT,Games,Video Games,Milan,City,"A new video games experience built for players, families and communities.",0
1137,25,103,20563.69,2020-03-26,2020-05-15,50,USD,US,Theater,Plays,Seattle,City,A new plays production bringing an original story to the stage.,1
1138,14,151,1663.69,2020-11-30,2020-12-27,27,CAD,CA,Games,Video Games,Montreal,Suburb,"A new video games experience built for players, families and communities.",1
1139,29,118,791518.51,2019-04-26,2019-05-30,34,GBP,GB,Fashion,Apparel,London,LocalAdmin,"A new apparel collection focused on creativity, quality and original ideas.",1
1140,20,91,411.44,2019-07-29,2019-09-11,44,USD,US,Theater,Plays,Boston,Town,A new plays production bringing an original story to the stage.,1
1141,41,120,13020.93,2019-12-04,2020-01-17,44,USD,IN,Food,Food,Bengaluru,Suburb,We are developing a new food project for people who love great food.,1
1142,28,139,2127.35,2019-10-11,2019-11-05,25,USD,US,Technology,Apps,Chicago,Town,Introducing a new apps project designed to make everyday work easier.,1
1143,44,123,49625.41,2019-02-27,2019-04-13,45,USD,US,Music,Rock,San Francisco,City,Support our new rock project and help us share the music with listeners.,1
1144,39,133,6426.54,2019-12-10,2019-12-27,17,CAD,CA,Theater,Experimental Theater,Vancouver,Suburb,A new experimental theater production bringing an original story to the stage.,0
1145,25,137,57673.48,2019-06-29,2019-07-15,16,EUR,DE,Publishing,Children's Books,Cologne,City,We are creating a new children's books book and bringing the project to readers.,1
1146,21,113,39420.25,2019-04-07,2019-04-24,17,USD,US,Art,Painting,New York,Suburb,"A new painting project exploring creative ideas, materials and visual storytelling.",1
1147,14,118,2293.07,2019-12-07,2020-01-05,29,AUD,AU,Journalism,Audio,Melbourne,City,A new audio project focused on independent stories and community voices.,0
1148,51,90,3886.63,2020-08-19,2020-09-19,31,GBP,GB,Dance,Performances,Manchester,City,"A new performances project combining movement, performance and original ideas.",0
1149,43,90,7035.03,2019-07-06,2019-07-27,21,USD,US,Art,Painting,New York,Suburb,"A new painting project exploring creative ideas, materials and visual storytelling.",1
1150,29,106,10807.42,2019-07-07,2019-07-26,19,USD,US,Food,Food,Los Angeles,City,We are developing a new food project for people who love great food.,1
1151,44,68,8849.87,2018-10-13,2018-11-30,48,CAD,CA,Art,Sculpture,Toronto,Town,"A new sculpture project exploring creative ideas, materials and visual storytelling.",1
1152,18,119,37094.86,2019-11-17,2020-01-03,47,USD,US,Crafts,Crochet,San Francisco,City,A new crochet project making useful and creative handmade products.,1
1153,22,84,17245.17,2018-07-27,2018-09-24,59,DKK,DK,Publishing,Fiction,Odense,LocalAdmin,We are creating a new fiction book and bringing the project to readers.,1
1154,20,113,4642.71,2018-05-20,2018-06-19,30,EUR,IT,Dance,Experimental,Florence,Island,"A new experimental project combining movement, performance and original ideas.",1
1155,39,124,2917.14,2018-04-09,2018-05-30,51,USD,IN,Theater,Experimental Theater,Bengaluru,City,A new experimental theater production bringing an original story to the stage.,1
1156,26,68,3388.11,2019-09-10,2019-09-27,17,USD,US,Theater,Musicals,New York,City,A new musicals production bringing an original story to the stage.,0
1157,13,120,20013.28,2019-04-15,2019-06-11,57,USD,IN,Theater,Plays,Mumbai,Suburb,A new plays production bringing an original story to the stage.,1
1158,36,46,8896.38,2020-05-26,2020-06-30,35,USD,US,Food,Restaurants,New York,City,We are developing a new restaurants project for people who love great food.,1
1159,44,126,301688.11,2018-10-11,2018-12-05,55,USD,US,Fashion,Footwear,Los Angeles,City,"A new footwear collection focused on creativity, quality and original ideas.",1
1160,33,126,11995.47,2019-08-01,2019-08-23,22,USD,US,Technology,Software,Chicago,Suburb,Introducing a new software project designed to make everyday work easier.,1
1161,52,128,16077.79,2020-01-05,2020-02-10,36,USD,US,Journalism,Investigative,Austin,Town,A new investigative project focused on independent stories and community voices.,0
1162,47,118,735.87,2018-07-13,2018-08-01,19,AUD,AU,Photography,Fine Art,Sydney,LocalAdmin,"A new fine art project documenting people, places and memorable stories.",1
1163,52,92,1508.2,2020-02-24,2020-03-26,31,GBP,GB,Film & Video,Webseries,Bristol,City,Help us bring this original webseries story to life for a wider audience.,0
1164,47,94,2110.1,2021-01-03,2021-02-23,51,USD,US,Technology,Software,New York,City,Introducing a new software project designed to make everyday work easier.,1
1165,39,90,5252.53,2020-11-07,2020-12-05,28,CAD,CA,Food,Drinks,Montreal,City,We are developing a new drinks project for people who love great food.,0
1166,16,139,1206.16,2021-03-19,2021-05-11,53,USD,US,Comics,Graphic Novels,Austin,City,"A new graphic novels project featuring original characters, artwork and storytelling.",1
1167,30,151,2003.24,2020-06-08,2020-08-02,55,CAD,CA,Publishing,Fiction,Toronto,City,We are creating a new fiction book and bringing the project to readers.,0
1168,27,111,33634.74,2020-10-27,2020-12-08,42,USD,US,Journalism,Audio,Seattle,Suburb,A new audio project focused on independent stories and community voices.,1
1169,22,78,3164.89,2020-11-15,2020-12-30,45,EUR,IT,Technology,Software,Milan,City,Introducing a new software project designed to make everyday work easier.,1
1170,26,100,11260.91,2019-04-17,2019-05-18,31,EUR,IT,Music,Classical,Milan,City,Support our new classical project and help us share the music with listeners.,1
1171,13,137,30045.84,2019-04-18,2019-06-06,49,GBP,GB,Food,Restaurants,London,City,We are developing a new restaurants project for people who love great food.,1
1172,48,125,52048.06,2019-07-21,2019-09-13,54,USD,US,Crafts,Candles,San Francisco,City,A new candles project making useful and creative handmade products.,0
1173,19,109,18884.08,2020-09-20,2020-10-26,36,USD,US,Film & Video,Webseries,Boston,Town,Help us bring this original webseries story to life for a wider audience.,1
1174,47,100,20731.53,2019-12-02,2020-01-30,59,EUR,IT,Crafts,Woodworking,Rome,Suburb,A new woodworking project making useful and creative handmade products.,1
1175,55,57,54581.01,2018-08-21,2018-10-03,43,USD,US,Theater,Musicals,Seattle,City,A new musicals production bringing an original story to the stage.,1
1176,24,102,22805.89,2019-09-03,2019-09-27,24,USD,US,Film & Video,Feature Film,Chicago,Suburb,Help us bring this original feature film story to life for a wider audience.,1
1177,27,96,59728.9,2019-07-27,2019-08-28,32,USD,US,Technology,Hardware,San Francisco,Suburb,Introducing a new hardware project designed to make everyday work easier.,1
1178,42,95,432.86,2020-02-11,2020-03-31,49,GBP,GB,Music,Rock,Manchester,Suburb,Support our new rock project and help us share the music with listeners.,1
1179,28,116,10540.27,2019-02-20,2019-04-19,58,GBP,GB,Theater,Plays,Manchester,County,A new plays production bringing an original story to the stage.,1
1180,23,151,13081.8,2019-07-23,2019-08-22,30,EUR,ES,Photography,Photobooks,Valencia,City,"A new photobooks project documenting people, places and memorable stories.",1
1181,42,109,9996.01,2018-07-25,2018-08-15,21,USD,US,Publishing,Nonfiction,Seattle,Zip,We are creating a new nonfiction book and bringing the project to readers.,1
1182,24,126,14524.94,2020-09-05,2020-10-19,44,USD,US,Comics,Webcomics,Los Angeles,Town,"A new webcomics project featuring original characters, artwork and storytelling.",1
1183,67,106,6372.49,2018-05-19,2018-06-21,33,EUR,IT,Journalism,Print,Rome,City,A new print project focused on independent stories and community voices.,1
1184,43,106,40764.92,2021-02-03,2021-03-12,37,EUR,IT,Fashion,Apparel,Milan,City,"A new apparel collection focused on creativity, quality and original ideas.",1
1185,45,142,5231.9,2019-06-21,2019-07-13,22,USD,US,Crafts,Crochet,Los Angeles,Suburb,A new crochet project making useful and creative handmade products.,1
1186,34,119,8562.61,2018-06-25,2018-07-26,31,GBP,GB,Crafts,Crochet,London,County,A new crochet project making useful and creative handmade products.,1
1187,63,131,112523.83,2018-08-12,2018-09-16,35,USD,US,Theater,Plays,New York,County,A new plays production bringing an original story to the stage.,1
1188,24,145,90630.17,2019-07-05,2019-08-14,40,EUR,IE,Games,Video Games,Cork,City,"A new video games experience built for players, families and communities.",0
1189,46,119,15321.24,2020-05-29,2020-07-10,42,USD,US,Film & Video,Documentary,Portland,City,Help us bring this original documentary story to life for a wider audience.,1
1190,15,115,4471.53,2018-11-23,2019-01-15,53,EUR,IE,Design,Product Design,Galway,Suburb,We are creating a practical product design with a fresh and thoughtful design.,1
1191,69,130,952.93,2020-12-26,2021-02-11,47,AUD,AU,Photography,Fine Art,Brisbane,LocalAdmin,"A new fine art project documenting people, places and memorable stories.",1
1192,47,89,9789.53,2020-11-24,2021-01-17,54,GBP,GB,Journalism,Audio,Bristol,City,A new audio project focused on independent stories and community voices.,1
1193,21,89,26379.44,2020-06-06,2020-07-09,33,USD,US,Film & Video,Documentary,Chicago,LocalAdmin,Help us bring this original documentary story to life for a wider audience.,1
1194,43,85,3923.98,2018-05-15,2018-06-27,43,GBP,GB,Games,Tabletop Games,London,City,"A new tabletop games experience built for players, families and communities.",1
1195,51,93,12110.78,2018-06-06,2018-07-10,34,USD,US,Art,Illustration,Los Angeles,Suburb,"A new illustration project exploring creative ideas, materials and visual storytelling.",1
1196,22,72,6992.42,2018-02-02,2018-03-08,34,USD,US,Film & Video,Feature Film,Portland,City,Help us bring this original feature film story to life for a wider audience.,1
1197,28,58,831.52,2021-02-02,2021-02-26,24,AUD,AU,Fashion,Accessories,Perth,County,"A new accessories collection focused on creativity, quality and original ideas.",0
1198,20,83,14389.72,2020-03-09,2020-04-04,26,USD,IN,Journalism,Investigative,Chennai,Zip,A new investigative project focused on independent stories and community voices.,0
1199,42,37,23554.0,2020-07-20,2020-09-05,47,CAD,CA,Technology,Gadgets,Toronto,City,Introducing a new gadgets project designed to make everyday work easier.,1
1200,38,117,15363.69,2020-12-20,2021-01-28,39,EUR,DE,Photography,Photobooks,Munich,City,"A new photobooks project documenting people, places and memorable stories.",1
1201,35,111,146098.08,2019-06-22,2019-07-31,39,USD,US,Games,Mobile Games,New York,LocalAdmin,"A new mobile games experience built for players, families and communities.",0
1202,23,130,7286.42,2020-11-20,2020-12-08,18,USD,US,Art,Illustration,Austin,City,"A new illustration project exploring creative ideas, materials and visual storytelling.",1
1203,32,80,6442.18,2020-06-07,2020-06-25,18,USD,US,Publishing,Fiction,Los Angeles,City,We are creating a new fiction book and bringing the project to readers.,0
1204,24,123,344784.62,2018-12-26,2019-01-18,23,CAD,CA,Dance,Experimental,Vancouver,City,"A new experimental project combining movement, performance and original ideas.",0
1205,42,84,1732.14,2021-02-06,2021-03-07,29,DKK,DK,Games,Video Games,Copenhagen,City,"A new video games experience built for players, families and communities.",1
1206,19,131,4591.4,2018-12-13,2019-01-22,40,AUD,AU,Dance,Experimental,Melbourne,City,"A new experimental project combining movement, performance and original ideas.",1
1207,23,53,20998.07,2019-01-28,2019-02-26,29,USD,US,Journalism,Audio,San Francisco,City,A new audio project focused on independent stories and community voices.,0
1208,47,101,68653.81,2018-11-19,2018-12-29,40,USD,US,Crafts,Candles,New York,City,A new candles project making useful and creative handmade products.,0
1209,28,96,51106.01,2020-04-16,2020-05-28,42,GBP,GB,Games,Video Games,Edinburgh,City,"A new video games experience built for players, families and communities.",1
1210,61,132,2394.3,2018-05-02,2018-05-23,21,USD,US,Publishing,Nonfiction,Los Angeles,Suburb,We are creating a new nonfiction book and bringing the project to readers.,1
1211,38,131,149568.84,2019-11-28,2020-01-13,46,EUR,ES,Comics,Webcomics,Seville,City,"A new webcomics project featuring original characters, artwork and storytelling.",1
1212,8,145,24635.79,2018-05-03,2018-05-29,26,EUR,IT,Theater,Experimental Theater,Milan,LocalAdmin,A new experimental theater production bringing an original story to the stage.,1
1213,15,48,3369.9,2019-09-17,2019-11-05,49,CAD,CA,Dance,Experimental,Calgary,City,"A new experimental project combining movement, performance and original ideas.",0
1214,26,151,3839.51,2018-05-12,2018-06-27,46,USD,US,Theater,Experimental Theater,San Francisco,City,A new experimental theater production bringing an original story to the stage.,1
1215,46,80,13407.36,2018-03-16,2018-04-08,23,USD,US,Fashion,Footwear,Chicago,City,"A new footwear collection focused on creativity, quality and original ideas.",0
1216,45,151,337312.13,2020-11-18,2020-12-16,28,USD,US,Comics,Graphic Novels,Los Angeles,Town,"A new graphic novels project featuring original characters, artwork and storytelling.",0
1217,28,151,16679.85,2018-04-02,2018-04-29,27,USD,US,Theater,Plays,Portland,Suburb,A new plays production bringing an original story to the stage.,1
1218,53,144,332555.58,2018-02-24,2018-04-23,58,USD,US,Food,Restaurants,Portland,Island,We are developing a new restaurants project for people who love great food.,0
1219,40,82,46802.76,2018-11-12,2018-12-29,47,AUD,AU,Food,Drinks,Sydney,City,We are developing a new drinks project for people who love great food.,1
1220,30,71,1696.12,2020-06-11,2020-07-27,46,AUD,AU,Art,Sculpture,Sydney,City,"A new sculpture project exploring creative ideas, materials and visual storytelling.",1
1221,53,87,106330.03,2018-10-07,2018-11-09,33,USD,US,Photography,Photobooks,San Francisco,County,"A new photobooks project documenting people, places and memorable stories.",1
1222,23,125,2777.28,2019-01-18,2019-03-03,44,USD,US,Crafts,Candles,Boston,Suburb,A new candles project making useful and creative handmade products.,1
1223,43,76,4625.03,2019-03-29,2019-04-28,30,USD,US,Journalism,Investigative,New York,Suburb,A new investigative project focused on independent stories and community voices.,1
1224,45,52,18399.51,2018-01-01,2018-01-27,26,USD,US,Games,Video Games,Chicago,Zip,"A new video games experience built for players, families and communities.",0
1225,44,140,11482.59,2020-10-07,2020-10-31,24,EUR,IT,Design,Product Design,Milan,City,We are creating a practical product design with a fresh and thoughtful design.,0
1226,33,90,47927.96,2018-11-13,2018-11-29,16,USD,US,Fashion,Apparel,Austin,City,"A new apparel collection focused on creativity, quality and original ideas.",1
1227,48,135,26116.72,2020-02-12,2020-03-15,32,USD,US,Dance,Experimental,Austin,Town,"A new experimental project combining movement, performance and original ideas.",1
1228,63,131,9995.33,2018-01-18,2018-02-14,27,USD,US,Journalism,Audio,New York,City,A new audio project focused on independent stories and community voices.,0
1229,33,114,167041.48,2020-10-23,2020-12-05,43,EUR,NL,Comics,Webcomics,Amsterdam,Suburb,"A new webcomics project featuring original characters, artwork and storytelling.",0
1230,36,133,5750.99,2020-10-04,2020-11-11,38,GBP,GB,Music,Rock,London,City,Support our new rock project and help us share the music with listeners.,1
1231,49,151,2546.88,2019-12-24,2020-02-14,52,USD,US,Food,Food,Austin,Town,We are developing a new food project for people who love great food.,1
1232,31,131,24606.74,2019-02-13,2019-03-11,26,GBP,GB,Music,Hip-Hop,Bristol,LocalAdmin,Support our new hip-hop project and help us share the music with listeners.,0
1233,31,132,11666.51,2019-06-09,2019-07-22,43,EUR,DE,Publishing,Children's Books,Berlin,City,We are creating a new children's books book and bringing the project to readers.,1
1234,18,120,17553.26,2019-09-15,2019-10-21,36,NOK,NO,Fashion,Footwear,Bergen,City,"A new footwear collection focused on creativity, quality and original ideas.",1
1235,9,95,37677.27,2019-10-15,2019-12-04,50,USD,US,Design,Architecture,San Francisco,Town,We are creating a practical architecture with a fresh and thoughtful design.,1
1236,18,117,9007.1,2020-10-08,2020-10-23,15,SEK,SE,Games,Tabletop Games,Gothenburg,City,"A new tabletop games experience built for players, families and communities.",0
1237,48,114,213951.73,2020-05-27,2020-07-23,57,EUR,IE,Art,Mixed Media,Cork,City,"A new mixed media project exploring creative ideas, materials and visual storytelling.",1
1238,20,123,18095.0,2020-08-05,2020-09-28,54,NZD,NZ,Design,Architecture,Christchurch,LocalAdmin,We are creating a practical architecture with a fresh and thoughtful design.,1
1239,42,118,5970.3,2019-04-03,2019-05-21,48,CAD,CA,Fashion,Accessories,Toronto,LocalAdmin,"A new accessories collection focused on creativity, quality and original ideas.",1
1240,57,94,29926.8,2019-08-08,2019-09-25,48,CAD,CA,Design,Architecture,Vancouver,City,We are creating a practical architecture with a fresh and thoughtful design.,1
1241,37,142,10510.88,2019-01-11,2019-02-27,47,USD,US,Fashion,Apparel,Seattle,City,"A new apparel collection focused on creativity, quality and original ideas.",1
1242,22,92,14303.68,2020-04-22,2020-05-10,18,EUR,DE,Fashion,Footwear,Cologne,Suburb,"A new footwear collection focused on creativity, quality and original ideas.",0
1243,33,120,2160.63,2020-12-01,2021-01-22,52,GBP,GB,Film & Video,Documentary,London,City,Help us bring this original documentary story to life for a wider audience.,1
1244,41,123,2575.59,2020-02-19,2020-04-03,44,AUD,AU,Dance,Performances,Perth,City,"A new performances project combining movement, performance and original ideas.",1
1245,41,77,62201.04,2018-07-09,2018-09-07,60,USD,US,Technology,Apps,Los Angeles,Zip,Introducing a new apps project designed to make everyday work easier.,0
1246,37,151,1771.19,2018-09-25,2018-10-29,34,EUR,DE,Music,Pop,Hamburg,Suburb,Support our new pop project and help us share the music with listeners.,0
1247,44,107,9926.65,2021-02-11,2021-03-23,40,EUR,IT,Technology,Hardware,Milan,City,Introducing a new hardware project designed to make everyday work easier.,1
1248,50,78,19885.19,2019-07-04,2019-08-02,29,USD,US,Technology,Gadgets,San Francisco,City,Introducing a new gadgets project designed to make everyday work easier.,1
1249,28,108,107242.97,2019-10-17,2019-11-07,21,EUR,ES,Technology,Gadgets,Barcelona,City,Introducing a new gadgets project designed to make everyday work easier.,1
1250,56,79,5691.23,2018-04-25,2018-05-16,21,GBP,GB,Theater,Musicals,Bristol,City,A new musicals production bringing an original story to the stage.,1
1251,40,91,38908.04,2018-07-18,2018-08-30,43,EUR,ES,Food,Food,Madrid,City,We are developing a new food project for people who love great food.,1
1252,2,90,9955.18,2020-05-04,2020-06-10,37,USD,US,Film & Video,Feature Film,Austin,City,Help us bring this original feature film story to life for a wider audience.,1
1253,32,104,408.9,2019-03-31,2019-05-18,48,USD,US,Games,Tabletop Games,Seattle,City,"A new tabletop games experience built for players, families and communities.",1
1254,32,149,12888.35,2020-12-09,2021-01-12,34,NZD,NZ,Film & Video,Webseries,Christchurch,Zip,Help us bring this original webseries story to life for a wider audience.,0
1255,51,111,10817.88,2018-08-07,2018-09-05,29,USD,US,Crafts,Candles,Boston,Town,A new candles project making useful and creative handmade products.,0
1256,26,113,23192.88,2018-08-29,2018-10-15,47,EUR,ES,Crafts,DIY,Valencia,City,A new diy project making useful and creative handmade products.,1
1257,37,94,4431.77,2021-02-18,2021-03-21,31,GBP,GB,Theater,Plays,Edinburgh,Zip,A new plays production bringing an original story to the stage.,1
1258,14,116,5228.21,2019-01-24,2019-02-27,34,GBP,GB,Food,Restaurants,Edinburgh,City,We are developing a new restaurants project for people who love great food.,1
1259,23,107,77212.73,2018-07-03,2018-07-30,27,USD,US,Design,Graphic Design,Los Angeles,City,We are creating a practical graphic design with a fresh and thoughtful design.,0
1260,47,105,7126.92,2021-01-05,2021-03-04,58,CAD,CA,Dance,Experimental,Calgary,Zip,"A new experimental project combining movement, performance and original ideas.",1
1261,17,129,618.22,2020-01-28,2020-03-06,38,USD,US,Food,Food,Chicago,County,We are developing a new food project for people who love great food.,1
1262,49,80,25664.16,2020-05-05,2020-06-25,51,USD,US,Theater,Experimental Theater,Austin,Suburb,A new experimental theater production bringing an original story to the stage.,1
1263,52,146,45690.11,2019-10-29,2019-11-19,21,USD,US,Fashion,Apparel,Seattle,City,"A new apparel collection focused on creativity, quality and original ideas.",1
1264,54,27,45071.06,2018-07-15,2018-08-06,22,USD,US,Comics,Webcomics,Chicago,City,"A new webcomics project featuring original characters, artwork and storytelling.",1
1265,58,105,4623.45,2018-01-07,2018-02-13,37,USD,IN,Dance,Experimental,Mumbai,City,"A new experimental project combining movement, performance and original ideas.",1
1266,47,149,12004.26,2018-02-02,2018-03-02,28,USD,IN,Photography,Nature,Mumbai,Suburb,"A new nature project documenting people, places and memorable stories.",0
1267,41,144,27340.99,2018-11-19,2018-12-07,18,USD,US,Music,Classical,Austin,Town,Support our new classical project and help us share the music with listeners.,1
1268,44,113,53462.01,2019-10-09,2019-11-13,35,EUR,DE,Dance,Experimental,Cologne,City,"A new experimental project combining movement, performance and original ideas.",0
1269,36,84,26131.23,2018-08-06,2018-10-05,60,USD,US,Theater,Musicals,Austin,City,A new musicals production bringing an original story to the stage.,1
1270,29,104,39929.82,2020-10-17,2020-11-10,24,AUD,AU,Fashion,Footwear,Brisbane,City,"A new footwear collection focused on creativity, quality and original ideas.",1
1271,47,151,3857.73,2018-11-02,2018-12-08,36,EUR,IT,Fashion,Footwear,Florence,LocalAdmin,"A new footwear collection focused on creativity, quality and original ideas.",1
1272,42,129,344.82,2018-09-29,2018-11-12,44,DKK,DK,Art,Mixed Media,Aarhus,Suburb,"A new mixed media project exploring creative ideas, materials and visual storytelling.",1
1273,48,57,61444.49,2021-01-27,2021-03-12,44,USD,US,Technology,Gadgets,Seattle,City,Introducing a new gadgets project designed to make everyday work easier.,1
1274,32,110,2769.26,2018-09-26,2018-10-26,30,EUR,FR,Food,Drinks,Lyon,County,We are developing a new drinks project for people who love great food.,1
1275,33,90,9200.01,2018-10-02,2018-10-27,25,USD,US,Fashion,Apparel,Chicago,City,"A new apparel collection focused on creativity, quality and original ideas.",1
1276,38,70,41974.54,2018-01-12,2018-02-17,36,USD,IN,Crafts,Crochet,Delhi,Zip,A new crochet project making useful and creative handmade products.,1
1277,33,122,12506.77,2018-05-19,2018-07-01,43,USD,US,Technology,Apps,Los Angeles,County,Introducing a new apps project designed to make everyday work easier.,1
1278,78,79,35660.56,2021-01-06,2021-02-14,39,CAD,CA,Games,Video Games,Vancouver,County,"A new video games experience built for players, families and communities.",1
1279,64,151,539119.14,2019-06-03,2019-07-01,28,AUD,AU,Comics,Webcomics,Brisbane,City,"A new webcomics project featuring original characters, artwork and storytelling.",1
1280,35,148,28212.25,2019-07-10,2019-08-07,28,AUD,AU,Theater,Musicals,Brisbane,City,A new musicals production bringing an original story to the stage.,1
1281,33,86,3878.78,2019-04-12,2019-04-28,16,USD,US,Music,Classical,Austin,City,Support our new classical project and help us share the music with listeners.,1
1282,42,84,1273.44,2021-03-18,2021-04-14,27,DKK,DK,Food,Food,Copenhagen,City,We are developing a new food project for people who love great food.,1
1283,29,128,34252.54,2020-01-27,2020-02-13,17,USD,US,Journalism,Investigative,San Francisco,Suburb,A new investigative project focused on independent stories and community voices.,1
1284,28,139,13615.96,2018-03-23,2018-05-06,44,CAD,CA,Crafts,DIY,Calgary,City,A new diy project making useful and creative handmade products.,1
1285,36,100,1415.55,2018-02-06,2018-03-10,32,USD,US,Publishing,Fiction,Boston,City,We are creating a new fiction book and bringing the project to readers.,1
1286,29,137,74624.26,2021-03-03,2021-04-22,50,USD,US,Photography,Photobooks,Los Angeles,City,"A new photobooks project documenting people, places and memorable stories.",1
1287,38,151,36867.74,2020-08-29,2020-10-03,35,GBP,GB,Design,Product Design,London,City,We are creating a practical product design with a fresh and thoughtful design.,1
1288,41,118,11786.43,2019-08-06,2019-09-08,33,USD,US,Fashion,Apparel,San Francisco,City,"A new apparel collection focused on creativity, quality and original ideas.",0
1289,1,77,355831.29,2020-11-15,2020-12-15,30,USD,US,Journalism,Investigative,Austin,LocalAdmin,A new investigative project focused on independent stories and community voices.,1
1290,6,132,58605.0,2019-12-25,2020-02-05,42,USD,US,Fashion,Accessories,Portland,City,"A new accessories collection focused on creativity, quality and original ideas.",1
1291,22,112,2584.18,2019-05-16,2019-06-03,18,USD,US,Dance,Experimental,Chicago,City,"A new experimental project combining movement, performance and original ideas.",1
1292,39,98,73883.26,2019-01-09,2019-02-07,29,EUR,DE,Crafts,Woodworking,Berlin,Suburb,A new woodworking project making useful and creative handmade products.,0
1293,23,131,17814.9,2019-01-31,2019-02-15,15,SEK,SE,Dance,Performances,Gothenburg,City,"A new performances project combining movement, performance and original ideas.",0
1294,70,144,225774.1,2021-01-28,2021-02-27,30,USD,US,Art,Mixed Media,Portland,Suburb,"A new mixed media project exploring creative ideas, materials and visual storytelling.",1
1295,48,114,51755.56,2019-10-24,2019-11-27,34,USD,US,Dance,Dance Training,New York,County,"A new dance training project combining movement, performance and original ideas.",0
1296,64,40,25421.11,2020-08-17,2020-10-03,47,USD,US,Art,Painting,Austin,LocalAdmin,"A new painting project exploring creative ideas, materials and visual storytelling.",0
1297,49,112,23274.14,2018-06-08,2018-07-09,31,USD,US,Photography,Nature,Seattle,City,"A new nature project documenting people, places and memorable stories.",0
1298,11,115,1901.71,2021-01-21,2021-02-09,19,AUD,AU,Theater,Experimental Theater,Sydney,City,A new experimental theater production bringing an original story to the stage.,0
1299,18,151,5426.37,2018-07-21,2018-08-09,19,CAD,CA,Art,Sculpture,Montreal,Suburb,"A new sculpture project exploring creative ideas, materials and visual storytelling.",1
1300,27,112,16574.3,2019-02-21,2019-04-15,53,USD,US,Journalism,Investigative,Portland,County,A new investigative project focused on independent stories and community voices.,0
1301,17,103,1431.46,2021-03-22,2021-04-18,27,USD,US,Technology,Hardware,San Francisco,City,Introducing a new hardware project designed to make everyday work easier.,1
1302,51,129,24755.55,2019-06-21,2019-08-18,58,USD,US,Fashion,Accessories,San Francisco,City,"A new accessories collection focused on creativity, quality and original ideas.",1
1303,33,99,3791.74,2019-10-12,2019-12-01,50,EUR,ES,Design,Architecture,Seville,Suburb,We are creating a practical architecture with a fresh and thoughtful design.,1
1304,38,87,6523.94,2019-03-20,2019-05-03,44,USD,IN,Technology,Gadgets,Bengaluru,City,Introducing a new gadgets project designed to make everyday work easier.,1
1305,56,60,36107.2,2020-02-22,2020-03-11,18,USD,US,Music,Rock,Seattle,LocalAdmin,Support our new rock project and help us share the music with listeners.,0
1306,64,90,5069.21,2020-02-25,2020-04-02,37,USD,US,Theater,Plays,Chicago,City,A new plays production bringing an original story to the stage.,1
1307,31,51,24843.9,2020-01-15,2020-02-19,35,EUR,NL,Dance,Performances,Utrecht,LocalAdmin,"A new performances project combining movement, performance and original ideas.",1
1308,15,116,15023.42,2018-10-13,2018-11-17,35,EUR,IE,Publishing,Nonfiction,Galway,City,We are creating a new nonfiction book and bringing the project to readers.,0
1309,17,114,2325.74,2019-10-19,2019-11-08,20,USD,US,Music,Rock,Portland,City,Support our new rock project and help us share the music with listeners.,1
1310,52,129,47043.22,2019-01-16,2019-02-23,38,USD,US,Crafts,Crochet,Portland,City,A new crochet project making useful and creative handmade products.,1
1311,39,77,50941.31,2020-03-27,2020-05-11,45,USD,US,Art,Illustration,San Francisco,City,"A new illustration project exploring creative ideas, materials and visual storytelling.",1
1312,22,65,55418.76,2019-05-15,2019-06-17,33,CAD,CA,Fashion,Apparel,Toronto,LocalAdmin,"A new apparel collection focused on creativity, quality and original ideas.",1
1313,46,151,230860.04,2018-07-31,2018-09-21,52,USD,US,Comics,Graphic Novels,Chicago,Town,"A new graphic novels project featuring original characters, artwork and storytelling.",1
1314,19,106,6344.87,2018-10-17,2018-11-12,26,USD,US,Food,Food,Portland,City,We are developing a new food project for people who love great food.,0
1315,8,129,584.47,2019-09-12,2019-10-10,28,CAD,CA,Journalism,Audio,Toronto,City,A new audio project focused on independent stories and community voices.,0
1316,5,112,4334.24,2021-03-16,2021-04-11,26,USD,US,Design,Product Design,Seattle,City,We are creating a practical product design with a fresh and thoughtful design.,1
1317,13,130,53096.94,2020-02-25,2020-03-25,29,EUR,FR,Film & Video,Webseries,Lyon,City,Help us bring this original webseries story to life for a wider audience.,1
1318,52,115,10578.07,2018-05-07,2018-06-09,33,USD,US,Journalism,Audio,Portland,City,A new audio project focused on independent stories and community voices.,0
1319,32,84,1360.03,2020-03-19,2020-04-30,42,USD,US,Photography,Nature,Los Angeles,City,"A new nature project documenting people, places and memorable stories.",1
1320,34,124,883.03,2019-01-05,2019-02-28,54,CAD,CA,Comics,Webcomics,Vancouver,City,"A new webcomics project featuring original characters, artwork and storytelling.",1
1321,38,117,108468.19,2019-06-25,2019-08-19,55,USD,US,Publishing,Fiction,New York,LocalAdmin,We are creating a new fiction book and bringing the project to readers.,1
1322,20,58,30821.41,2019-01-18,2019-02-06,19,USD,IN,Food,Drinks,Bengaluru,City,We are developing a new drinks project for people who love great food.,0
1323,28,117,5557.09,2018-01-13,2018-02-01,19,GBP,GB,Comics,Webcomics,Manchester,City,"A new webcomics project featuring original characters, artwork and storytelling.",0
1324,29,96,222028.49,2019-06-24,2019-07-14,20,USD,US,Dance,Experimental,Boston,City,"A new experimental project combining movement, performance and original ideas.",1
1325,21,88,728295.78,2018-06-24,2018-07-31,37,EUR,DE,Art,Painting,Munich,County,"A new painting project exploring creative ideas, materials and visual storytelling.",0
1326,28,137,59675.2,2018-04-17,2018-05-04,17,USD,US,Theater,Plays,Boston,City,A new plays production bringing an original story to the stage.,1
1327,33,106,38694.16,2019-06-17,2019-08-07,51,NZD,NZ,Design,Architecture,Christchurch,City,We are creating a practical architecture with a fresh and thoughtful design.,1
1328,31,107,27213.13,2019-08-08,2019-09-24,47,USD,US,Games,Tabletop Games,Los Angeles,City,"A new tabletop games experience built for players, families and communities.",1
1329,41,111,45205.81,2020-10-02,2020-11-28,57,GBP,GB,Art,Illustration,London,City,"A new illustration project exploring creative ideas, materials and visual storytelling.",1
1330,28,107,249729.88,2020-07-10,2020-08-14,35,USD,US,Games,Mobile Games,Boston,City,"A new mobile games experience built for players, families and communities.",1
1331,58,105,2656.99,2020-08-03,2020-09-06,34,USD,US,Music,Hip-Hop,Boston,LocalAdmin,Support our new hip-hop project and help us share the music with listeners.,1
1332,20,151,7094.63,2020-05-30,2020-06-14,15,EUR,ES,Theater,Plays,Madrid,City,A new plays production bringing an original story to the stage.,1
1333,27,87,11143.27,2018-02-23,2018-04-17,53,EUR,IT,Food,Restaurants,Milan,Island,We are developing a new restaurants project for people who love great food.,1
1334,41,56,29226.76,2020-07-07,2020-08-07,31,USD,US,Fashion,Footwear,San Francisco,Island,"A new footwear collection focused on creativity, quality and original ideas.",1
1335,44,109,135818.09,2018-08-14,2018-09-26,43,USD,US,Film & Video,Documentary,Seattle,City,Help us bring this original documentary story to life for a wider audience.,1
1336,17,80,22755.16,2021-01-26,2021-02-17,22,EUR,IT,Crafts,DIY,Florence,Zip,A new diy project making useful and creative handmade products.,1
1337,33,75,31627.25,2019-03-17,2019-04-26,40,EUR,IE,Technology,Software,Galway,Town,Introducing a new software project designed to make everyday work easier.,1
1338,47,108,34254.52,2018-11-07,2018-12-19,42,USD,US,Theater,Plays,Seattle,Town,A new plays production bringing an original story to the stage.,0
1339,11,116,12437.17,2021-03-09,2021-04-26,48,GBP,GB,Art,Illustration,Bristol,City,"A new illustration project exploring creative ideas, materials and visual storytelling.",1
1340,34,103,6295.92,2019-07-29,2019-09-07,40,USD,US,Design,Architecture,Chicago,City,We are creating a practical architecture with a fresh and thoughtful design.,1
1341,13,94,13472.56,2019-08-23,2019-09-19,27,EUR,NL,Technology,Apps,Utrecht,City,Introducing a new apps project designed to make everyday work easier.,1
1342,23,102,4352.49,2019-12-29,2020-02-25,58,USD,US,Photography,Nature,Seattle,City,"A new nature project documenting people, places and memorable stories.",1
1343,36,106,4470.09,2019-08-25,2019-10-15,51,USD,US,Photography,Photobooks,Boston,Town,"A new photobooks project documenting people, places and memorable stories.",1
1344,32,108,21228.86,2020-10-17,2020-11-13,27,EUR,DE,Comics,Graphic Novels,Hamburg,City,"A new graphic novels project featuring original characters, artwork and storytelling.",1
1345,18,54,5718.22,2018-11-26,2019-01-17,52,USD,US,Technology,Gadgets,Austin,City,Introducing a new gadgets project designed to make everyday work easier.,1
1346,53,134,210040.15,2019-01-10,2019-02-18,39,GBP,GB,Design,Architecture,Manchester,Town,We are creating a practical architecture with a fresh and thoughtful design.,0
1347,30,64,15060.09,2018-05-14,2018-06-20,37,USD,US,Food,Drinks,Los Angeles,Suburb,We are developing a new drinks project for people who love great food.,1
1348,43,88,98666.79,2019-05-09,2019-06-14,36,USD,US,Music,Classical,Portland,Suburb,Support our new classical project and help us share the music with listeners.,1
1349,58,61,1741.96,2020-07-17,2020-08-21,35,USD,US,Games,Mobile Games,Portland,County,"A new mobile games experience built for players, families and communities.",1
1350,25,113,1826.59,2019-02-07,2019-03-23,44,GBP,GB,Comics,Webcomics,Manchester,Island,"A new webcomics project featuring original characters, artwork and storytelling.",1
1351,44,87,10102.17,2020-12-20,2021-01-14,25,USD,US,Photography,Fine Art,Portland,City,"A new fine art project documenting people, places and memorable stories.",1
1352,41,102,51259.2,2019-06-06,2019-06-24,18,CAD,CA,Crafts,DIY,Toronto,County,A new diy project making useful and creative handmade products.,1
1353,14,86,5614.3,2019-03-17,2019-05-03,47,EUR,IT,Crafts,Woodworking,Rome,City,A new woodworking project making useful and creative handmade products.,1
1354,53,76,10270.98,2020-11-03,2020-11-29,26,EUR,FR,Art,Mixed Media,Marseille,City,"A new mixed media project exploring creative ideas, materials and visual storytelling.",1
1355,37,33,56531.11,2019-06-09,2019-07-02,23,USD,US,Food,Food,Boston,City,We are developing a new food project for people who love great food.,1
1356,27,90,6576.24,2020-04-15,2020-05-31,46,USD,US,Fashion,Apparel,Chicago,City,"A new apparel collection focused on creativity, quality and original ideas.",0
1357,11,72,3708.97,2019-09-15,2019-10-10,25,USD,US,Photography,Nature,Austin,Suburb,"A new nature project documenting people, places and memorable stories.",0
1358,16,124,35978.26,2019-08-26,2019-10-16,51,USD,US,Publishing,Fiction,New York,County,We are creating a new fiction book and bringing the project to readers.,0
1359,33,151,1589.87,2020-11-22,2020-12-30,38,USD,US,Food,Food,Los Angeles,Suburb,We are developing a new food project for people who love great food.,1
1360,15,151,6724.3,2021-02-02,2021-02-23,21,AUD,AU,Music,Pop,Perth,Town,Support our new pop project and help us share the music with listeners.,1
1361,44,106,14325.41,2018-01-17,2018-02-08,22,USD,US,Games,Video Games,Portland,City,"A new video games experience built for players, families and communities.",0
1362,29,84,27245.44,2018-08-12,2018-09-28,47,USD,US,Design,Product Design,New York,City,We are creating a practical product design with a fresh and thoughtful design.,1
1363,12,50,42948.9,2020-01-21,2020-02-29,39,USD,US,Technology,Apps,Austin,City,Introducing a new apps project designed to make everyday work easier.,1
1364,25,95,54697.54,2020-09-25,2020-10-10,15,AUD,AU,Photography,Photobooks,Melbourne,Town,"A new photobooks project documenting people, places and memorable stories.",0
1365,19,81,7508.77,2019-04-27,2019-05-14,17,USD,US,Technology,Hardware,Seattle,Zip,Introducing a new hardware project designed to make everyday work easier.,0
1366,17,86,52934.34,2019-08-04,2019-09-27,54,AUD,AU,Crafts,DIY,Brisbane,Zip,A new diy project making useful and creative handmade products.,1
1367,2,59,26296.56,2018-12-22,2019-02-02,42,USD,US,Design,Product Design,Portland,County,We are creating a practical product design with a fresh and thoughtful design.,1
1368,36,129,36700.05,2021-01-23,2021-03-21,57,SEK,SE,Design,Graphic Design,Stockholm,Town,We are creating a practical graphic design with a fresh and thoughtful design.,1
1369,21,123,4493.11,2018-10-31,2018-12-17,47,SEK,SE,Design,Product Design,Stockholm,City,We are creating a practical product design with a fresh and thoughtful design.,1
1370,63,81,33643.64,2019-09-23,2019-11-22,60,USD,US,Crafts,Woodworking,Seattle,City,A new woodworking project making useful and creative handmade products.,0
1371,50,134,9470.14,2020-09-19,2020-10-04,15,USD,US,Music,Hip-Hop,Seattle,City,Support our new hip-hop project and help us share the music with listeners.,0
1372,59,110,12924.21,2018-12-09,2019-01-30,52,USD,US,Technology,Gadgets,Austin,Town,Introducing a new gadgets project designed to make everyday work easier.,1
1373,46,124,15500.56,2020-06-18,2020-07-29,41,USD,US,Journalism,Investigative,Seattle,City,A new investigative project focused on independent stories and community voices.,1
1374,26,131,317457.39,2019-10-06,2019-11-27,52,AUD,AU,Technology,Software,Melbourne,Suburb,Introducing a new software project designed to make everyday work easier.,1
1375,40,119,2906.3,2021-03-13,2021-05-01,49,EUR,IT,Dance,Performances,Florence,Zip,"A new performances project combining movement, performance and original ideas.",0
1376,30,83,75818.86,2020-05-16,2020-06-09,24,AUD,AU,Games,Mobile Games,Perth,City,"A new mobile games experience built for players, families and communities.",1
1377,40,139,110165.53,2019-05-10,2019-06-05,26,EUR,IT,Publishing,Fiction,Milan,Island,We are creating a new fiction book and bringing the project to readers.,1
1378,48,131,43145.13,2019-03-05,2019-03-29,24,USD,US,Journalism,Investigative,Seattle,Zip,A new investigative project focused on independent stories and community voices.,0
1379,44,132,5232.86,2018-08-19,2018-10-06,48,USD,US,Games,Tabletop Games,Boston,City,"A new tabletop games experience built for players, families and communities.",1
1380,35,68,166415.94,2019-06-08,2019-07-16,38,EUR,DE,Comics,Comic Books,Cologne,Suburb,"A new comic books project featuring original characters, artwork and storytelling.",0
1381,36,64,7172.72,2019-03-01,2019-04-12,42,USD,US,Food,Food,Portland,City,We are developing a new food project for people who love great food.,1
1382,38,151,34811.25,2019-07-30,2019-09-04,36,AUD,AU,Food,Food,Perth,City,We are developing a new food project for people who love great food.,1
1383,52,89,14473.57,2020-08-30,2020-10-28,59,USD,US,Film & Video,Webseries,Seattle,Town,Help us bring this original webseries story to life for a wider audience.,1
1384,28,116,6771.51,2018-11-16,2018-12-16,30,USD,US,Food,Restaurants,Seattle,Town,We are developing a new restaurants project for people who love great food.,1
1385,31,144,28001.75,2019-01-26,2019-02-22,27,USD,IN,Technology,Software,Delhi,LocalAdmin,Introducing a new software project designed to make everyday work easier.,1
1386,27,151,220962.59,2019-03-08,2019-04-27,50,USD,US,Crafts,Woodworking,San Francisco,LocalAdmin,A new woodworking project making useful and creative handmade products.,0
1387,37,125,17854.26,2021-01-04,2021-02-23,50,USD,IN,Publishing,Fiction,Chennai,City,We are creating a new fiction book and bringing the project to readers.,1
1388,45,92,257619.55,2020-04-02,2020-05-29,57,USD,IN,Fashion,Apparel,Chennai,City,"A new apparel collection focused on creativity, quality and original ideas.",1
1389,39,99,9032.42,2018-09-03,2018-10-10,37,EUR,FR,Art,Illustration,Lyon,City,"A new illustration project exploring creative ideas, materials and visual storytelling.",1
1390,34,119,13529.87,2018-04-24,2018-05-22,28,AUD,AU,Film & Video,Feature Film,Brisbane,City,Help us bring this original feature film story to life for a wider audience.,1
1391,51,113,1794.87,2018-04-17,2018-06-02,46,CAD,CA,Theater,Plays,Calgary,City,A new plays production bringing an original story to the stage.,1
1392,23,87,5054.39,2020-02-07,2020-02-24,17,EUR,NL,Theater,Musicals,Utrecht,County,A new musicals production bringing an original story to the stage.,1
1393,13,28,8554.29,2018-11-08,2018-12-19,41,USD,US,Art,Mixed Media,Boston,City,"A new mixed media project exploring creative ideas, materials and visual storytelling.",0
1394,40,86,7205.82,2020-06-09,2020-07-12,33,GBP,GB,Games,Tabletop Games,Edinburgh,Town,"A new tabletop games experience built for players, families and communities.",0
1395,34,102,2708.87,2018-02-16,2018-03-24,36,CAD,CA,Art,Painting,Vancouver,Suburb,"A new painting project exploring creative ideas, materials and visual storytelling.",1
1396,32,108,3684.18,2019-07-24,2019-08-08,15,USD,US,Art,Sculpture,Seattle,County,"A new sculpture project exploring creative ideas, materials and visual storytelling.",1
1397,15,151,7695.93,2019-11-10,2019-11-29,19,USD,US,Theater,Plays,New York,LocalAdmin,A new plays production bringing an original story to the stage.,0
1398,38,140,75493.11,2020-07-20,2020-09-05,47,USD,US,Film & Video,Documentary,New York,Suburb,Help us bring this original documentary story to life for a wider audience.,1
1399,62,94,1181.47,2019-08-25,2019-09-27,33,CAD,CA,Comics,Webcomics,Montreal,City,"A new webcomics project featuring original characters, artwork and storytelling.",1
1400,15,123,475.94,2020-01-01,2020-02-20,50,EUR,ES,Technology,Software,Seville,City,Introducing a new software project designed to make everyday work easier.,0
1401,33,28,783.19,2021-02-20,2021-03-12,20,USD,US,Design,Architecture,Austin,LocalAdmin,We are creating a practical architecture with a fresh and thoughtful design.,1
1402,36,145,3226.63,2020-01-13,2020-02-11,29,EUR,IE,Food,Drinks,Cork,City,We are developing a new drinks project for people who love great food.,1
1403,28,93,32207.85,2021-02-23,2021-04-14,50,AUD,AU,Food,Drinks,Melbourne,Zip,We are developing a new drinks project for people who love great food.,1
1404,37,114,6907.65,2019-09-28,2019-11-14,47,EUR,IT,Crafts,Candles,Rome,Town,A new candles project making useful and creative handmade products.,1
1405,28,109,6763.03,2019-09-02,2019-10-10,38,GBP,GB,Film & Video,Webseries,Bristol,Suburb,Help us bring this original webseries story to life for a wider audience.,1
1406,37,139,6531.73,2020-07-04,2020-08-14,41,EUR,FR,Crafts,Candles,Marseille,City,A new candles project making useful and creative handmade products.,1
1407,31,98,653.29,2018-03-07,2018-04-01,25,USD,US,Fashion,Accessories,Boston,County,"A new accessories collection focused on creativity, quality and original ideas.",0
1408,27,133,45609.44,2020-05-22,2020-06-28,37,EUR,IT,Fashion,Apparel,Milan,Town,"A new apparel collection focused on creativity, quality and original ideas.",0
1409,34,119,91488.99,2018-10-11,2018-11-27,47,USD,US,Crafts,DIY,Austin,City,A new diy project making useful and creative handmade products.,1
1410,42,112,7134.38,2019-12-28,2020-02-21,55,SEK,SE,Film & Video,Feature Film,Gothenburg,County,Help us bring this original feature film story to life for a wider audience.,1
1411,12,105,13699.67,2018-12-27,2019-02-25,60,USD,IN,Crafts,Candles,Mumbai,City,A new candles project making useful and creative handmade products.,1
1412,45,93,14424.44,2020-04-15,2020-05-28,43,USD,US,Food,Restaurants,Chicago,LocalAdmin,We are developing a new restaurants project for people who love great food.,1
1413,24,103,2292.82,2018-08-19,2018-10-03,45,USD,US,Journalism,Print,New York,City,A new print project focused on independent stories and community voices.,0
1414,44,97,6053.27,2019-01-11,2019-01-26,15,EUR,FR,Dance,Performances,Lyon,Zip,"A new performances project combining movement, performance and original ideas.",1
1415,25,121,191106.31,2019-11-22,2020-01-09,48,USD,US,Theater,Musicals,Los Angeles,Town,A new musicals production bringing an original story to the stage.,1
1416,46,74,11926.03,2018-01-25,2018-02-26,32,EUR,NL,Theater,Plays,Rotterdam,Suburb,A new plays production bringing an original story to the stage.,0
1417,34,110,16968.54,2019-09-06,2019-10-08,32,USD,US,Publishing,Fiction,Portland,LocalAdmin,We are creating a new fiction book and bringing the project to readers.,1
1418,21,151,4094.98,2019-07-31,2019-08-20,20,USD,US,Art,Painting,New York,City,"A new painting project exploring creative ideas, materials and visual storytelling.",1
1419,28,95,6162.43,2019-08-09,2019-10-02,54,USD,IN,Dance,Experimental,Delhi,Zip,"A new experimental project combining movement, performance and original ideas.",1
1420,53,121,32676.6,2019-02-17,2019-03-04,15,AUD,AU,Technology,Apps,Sydney,Suburb,Introducing a new apps project designed to make everyday work easier.,1
1421,36,38,3265.87,2020-10-18,2020-12-13,56,EUR,ES,Film & Video,Feature Film,Seville,City,Help us bring this original feature film story to life for a wider audience.,1
1422,28,61,147802.97,2019-11-08,2019-12-22,44,USD,US,Music,Hip-Hop,Portland,City,Support our new hip-hop project and help us share the music with listeners.,1
1423,52,104,979.9,2018-01-31,2018-02-18,18,AUD,AU,Dance,Experimental,Melbourne,LocalAdmin,"A new experimental project combining movement, performance and original ideas.",0
1424,48,106,4497.42,2019-12-24,2020-02-08,46,CAD,CA,Publishing,Nonfiction,Calgary,Zip,We are creating a new nonfiction book and bringing the project to readers.,1
1425,22,109,1210.58,2020-11-18,2020-12-12,24,CAD,CA,Fashion,Footwear,Vancouver,City,"A new footwear collection focused on creativity, quality and original ideas.",1
1426,32,151,93472.72,2019-03-31,2019-05-27,57,AUD,AU,Games,Tabletop Games,Perth,City,"A new tabletop games experience built for players, families and communities.",1
1427,9,91,11343.93,2020-08-26,2020-09-14,19,CAD,CA,Art,Mixed Media,Toronto,City,"A new mixed media project exploring creative ideas, materials and visual storytelling.",0
1428,48,111,7698.33,2019-12-08,2019-12-31,23,USD,US,Publishing,Fiction,San Francisco,City,We are creating a new fiction book and bringing the project to readers.,0
1429,35,87,22224.43,2021-03-14,2021-04-02,19,USD,US,Design,Product Design,San Francisco,City,We are creating a practical product design with a fresh and thoughtful design.,0
1430,45,130,104939.03,2020-12-19,2021-01-13,25,EUR,FR,Music,Rock,Marseille,City,Support our new rock project and help us share the music with listeners.,1
1431,6,73,16773.72,2018-10-08,2018-11-26,49,USD,US,Film & Video,Short Film,San Francisco,County,Help us bring this original short film story to life for a wider audience.,0
1432,31,87,70528.38,2019-05-03,2019-06-13,41,AUD,AU,Art,Sculpture,Sydney,City,"A new sculpture project exploring creative ideas, materials and visual storytelling.",1
1433,38,81,7612.33,2018-02-22,2018-03-12,18,USD,US,Technology,Software,Portland,City,Introducing a new software project designed to make everyday work easier.,1
1434,3,133,2704.27,2020-03-09,2020-04-02,24,CAD,CA,Dance,Experimental,Vancouver,Town,"A new experimental project combining movement, performance and original ideas.",1
1435,45,112,17198.78,2021-01-03,2021-02-25,53,EUR,DE,Fashion,Apparel,Cologne,Suburb,"A new apparel collection focused on creativity, quality and original ideas.",1
1436,30,117,4071.46,2021-02-24,2021-04-12,47,USD,US,Comics,Comic Books,New York,City,"A new comic books project featuring original characters, artwork and storytelling.",1
1437,9,102,34899.25,2020-03-17,2020-05-08,52,USD,US,Journalism,Investigative,Seattle,City,A new investigative project focused on independent stories and community voices.,1
1438,27,144,6362.67,2018-05-22,2018-06-13,22,USD,US,Design,Graphic Design,Austin,City,We are creating a practical graphic design with a fresh and thoughtful design.,1
1439,42,103,10526.18,2020-10-17,2020-11-24,38,CAD,CA,Music,Classical,Calgary,City,Support our new classical project and help us share the music with listeners.,0
1440,21,151,372.43,2020-06-04,2020-07-27,53,EUR,ES,Journalism,Print,Barcelona,City,A new print project focused on independent stories and community voices.,1
1441,34,146,9890.64,2019-02-02,2019-03-21,47,USD,US,Art,Painting,Boston,County,"A new painting project exploring creative ideas, materials and visual storytelling.",1
1442,29,64,8239.17,2019-08-19,2019-10-13,55,EUR,DE,Fashion,Accessories,Munich,City,"A new accessories collection focused on creativity, quality and original ideas.",0
1443,5,127,72784.32,2020-06-16,2020-08-12,57,USD,US,Fashion,Footwear,Boston,LocalAdmin,"A new footwear collection focused on creativity, quality and original ideas.",1
1444,44,146,46227.41,2019-06-24,2019-07-27,33,GBP,GB,Publishing,Nonfiction,Manchester,City,We are creating a new nonfiction book and bringing the project to readers.,1
1445,47,96,12459.02,2018-05-06,2018-05-22,16,EUR,IE,Theater,Musicals,Cork,City,A new musicals production bringing an original story to the stage.,1
1446,52,120,958.61,2020-11-18,2020-12-13,25,USD,US,Theater,Plays,Chicago,City,A new plays production bringing an original story to the stage.,1
1447,35,64,6065.07,2018-02-18,2018-04-08,49,GBP,GB,Dance,Experimental,Bristol,Suburb,"A new experimental project combining movement, performance and original ideas.",1
1448,42,78,72904.03,2019-05-18,2019-06-18,31,USD,US,Publishing,Fiction,New York,City,We are creating a new fiction book and bringing the project to readers.,0
1449,11,100,8822.54,2018-01-21,2018-03-18,56,USD,US,Food,Drinks,Chicago,County,We are developing a new drinks project for people who love great food.,1
1450,39,67,2296.6,2018-10-29,2018-11-15,17,USD,US,Dance,Performances,San Francisco,City,"A new performances project combining movement, performance and original ideas.",0
1451,30,110,71538.35,2019-06-07,2019-07-13,36,USD,US,Food,Restaurants,San Francisco,Suburb,We are developing a new restaurants project for people who love great food.,1
1452,34,128,968.95,2018-08-06,2018-09-24,49,CAD,CA,Theater,Experimental Theater,Calgary,Island,A new experimental theater production bringing an original story to the stage.,0
1453,18,81,10072.96,2020-03-23,2020-04-27,35,USD,US,Publishing,Children's Books,New York,City,We are creating a new children's books book and bringing the project to readers.,1
1454,52,68,28500.92,2019-04-14,2019-05-23,39,GBP,GB,Food,Restaurants,Bristol,Zip,We are developing a new restaurants project for people who love great food.,1
1455,10,61,14589.33,2020-01-29,2020-03-22,53,USD,US,Design,Architecture,Austin,City,We are creating a practical architecture with a fresh and thoughtful design.,1
1456,39,144,1751.64,2020-04-23,2020-05-09,16,USD,US,Publishing,Fiction,Portland,Town,We are creating a new fiction book and bringing the project to readers.,1
1457,21,56,2842.43,2019-02-14,2019-03-01,15,AUD,AU,Theater,Experimental Theater,Perth,City,A new experimental theater production bringing an original story to the stage.,1
1458,67,117,4067.56,2018-08-08,2018-08-29,21,USD,IN,Dance,Performances,Delhi,City,"A new performances project combining movement, performance and original ideas.",1
1459,45,147,40481.07,2021-01-06,2021-02-09,34,USD,US,Photography,Photobooks,Austin,City,"A new photobooks project documenting people, places and memorable stories.",1
1460,35,79,15630.45,2020-11-10,2021-01-06,57,SEK,SE,Publishing,Fiction,Malmo,Town,We are creating a new fiction book and bringing the project to readers.,1
1461,20,83,6581.18,2020-12-17,2021-01-06,20,CAD,CA,Comics,Graphic Novels,Vancouver,City,"A new graphic novels project featuring original characters, artwork and storytelling.",1
1462,48,113,22617.37,2019-05-19,2019-07-08,50,CAD,CA,Music,Classical,Calgary,City,Support our new classical project and help us share the music with listeners.,0
1463,1,115,3751.35,2019-07-08,2019-08-12,35,GBP,GB,Theater,Plays,Manchester,Town,A new plays production bringing an original story to the stage.,1
1464,41,93,37689.96,2019-11-12,2020-01-11,60,USD,US,Crafts,Candles,San Francisco,City,A new candles project making useful and creative handmade products.,1
1465,43,99,24125.55,2021-01-16,2021-03-06,49,USD,US,Crafts,Crochet,Portland,Island,A new crochet project making useful and creative handmade products.,1
1466,42,111,8473.41,2019-08-12,2019-10-01,50,CAD,CA,Dance,Performances,Calgary,Island,"A new performances project combining movement, performance and original ideas.",1
1467,48,96,9331.48,2021-03-25,2021-04-16,22,USD,US,Dance,Dance Training,Seattle,County,"A new dance training project combining movement, performance and original ideas.",0
1468,27,97,7064.49,2020-11-06,2020-11-24,18,NZD,NZ,Journalism,Print,Christchurch,Town,A new print project focused on independent stories and community voices.,1
1469,43,151,56183.14,2021-03-11,2021-05-07,57,USD,US,Music,Hip-Hop,Boston,Town,Support our new hip-hop project and help us share the music with listeners.,1
1470,25,138,16774.32,2018-03-13,2018-04-12,30,USD,US,Music,Hip-Hop,Boston,Town,Support our new hip-hop project and help us share the music with listeners.,0
1471,23,141,8579.3,2020-10-11,2020-10-28,17,EUR,DE,Design,Product Design,Berlin,City,We are creating a practical product design with a fresh and thoughtful design.,0
1472,20,98,2666.92,2018-12-11,2019-01-01,21,USD,US,Dance,Dance Training,Austin,Zip,"A new dance training project combining movement, performance and original ideas.",0
1473,31,56,29922.73,2020-02-21,2020-03-08,16,GBP,GB,Music,Pop,Edinburgh,LocalAdmin,Support our new pop project and help us share the music with listeners.,1
1474,52,151,27831.74,2019-10-02,2019-10-17,15,AUD,AU,Technology,Software,Melbourne,City,Introducing a new software project designed to make everyday work easier.,1
1475,61,89,5313.02,2018-04-02,2018-04-17,15,SEK,SE,Journalism,Investigative,Gothenburg,City,A new investigative project focused on independent stories and community voices.,1
1476,31,117,6256.77,2018-08-30,2018-10-21,52,EUR,FR,Food,Drinks,Marseille,County,We are developing a new drinks project for people who love great food.,0
1477,25,132,10009.5,2021-03-08,2021-03-29,21,AUD,AU,Fashion,Accessories,Sydney,Suburb,"A new accessories collection focused on creativity, quality and original ideas.",1
1478,55,91,2007.29,2020-10-04,2020-11-11,38,AUD,AU,Fashion,Footwear,Melbourne,City,"A new footwear collection focused on creativity, quality and original ideas.",0
1479,42,135,13452.33,2019-07-03,2019-07-22,19,DKK,DK,Food,Food,Aarhus,City,We are developing a new food project for people who love great food.,0
1480,35,108,936.58,2018-12-20,2019-01-24,35,USD,US,Film & Video,Feature Film,Chicago,City,Help us bring this original feature film story to life for a wider audience.,1
1481,18,100,1651.57,2019-08-20,2019-10-01,42,USD,US,Theater,Plays,San Francisco,City,A new plays production bringing an original story to the stage.,0
1482,56,91,5446.84,2018-02-02,2018-03-06,32,USD,US,Journalism,Investigative,Portland,County,A new investigative project focused on independent stories and community voices.,1
1483,36,78,4531.48,2018-12-29,2019-02-05,38,USD,US,Technology,Gadgets,Chicago,City,Introducing a new gadgets project designed to make everyday work easier.,1
1484,35,52,24156.72,2018-01-12,2018-02-27,46,AUD,AU,Music,Rock,Brisbane,City,Support our new rock project and help us share the music with listeners.,0
1485,43,151,18607.27,2018-10-20,2018-12-18,59,CAD,CA,Photography,Nature,Toronto,City,"A new nature project documenting people, places and memorable stories.",1
1486,35,151,101359.54,2018-09-19,2018-11-05,47,CAD,CA,Journalism,Audio,Calgary,Town,A new audio project focused on independent stories and community voices.,1
1487,57,111,13857.42,2019-04-08,2019-05-02,24,USD,US,Publishing,Fiction,San Francisco,City,We are creating a new fiction book and bringing the project to readers.,0
1488,50,151,16517.3,2019-09-15,2019-10-08,23,EUR,DE,Food,Restaurants,Hamburg,City,We are developing a new restaurants project for people who love great food.,1
1489,27,151,1978.17,2020-03-01,2020-04-17,47,USD,US,Technology,Hardware,Seattle,City,Introducing a new hardware project designed to make everyday work easier.,1
1490,36,126,1984.55,2021-03-24,2021-05-10,47,AUD,AU,Comics,Graphic Novels,Melbourne,Suburb,"A new graphic novels project featuring original characters, artwork and storytelling.",1
1491,26,98,13260.21,2018-10-08,2018-10-29,21,GBP,GB,Games,Video Games,Edinburgh,Town,"A new video games experience built for players, families and communities.",1
1492,63,140,13620.28,2018-04-13,2018-05-01,18,USD,US,Art,Mixed Media,Boston,City,"A new mixed media project exploring creative ideas, materials and visual storytelling.",0
1493,24,135,18798.4,2018-05-09,2018-06-20,42,USD,US,Theater,Experimental Theater,San Francisco,City,A new experimental theater production bringing an original story to the stage.,1
1494,33,132,85870.41,2019-03-21,2019-04-27,37,USD,US,Food,Food,Chicago,Town,We are developing a new food project for people who love great food.,0
1495,40,98,2125.18,2020-07-15,2020-08-30,46,EUR,ES,Photography,Nature,Seville,City,"A new nature project documenting people, places and memorable stories.",1
1496,43,119,164723.82,2020-07-19,2020-09-15,58,NZD,NZ,Music,Hip-Hop,Christchurch,City,Support our new hip-hop project and help us share the music with listeners.,1
1497,45,116,1191.71,2019-11-01,2019-12-01,30,AUD,AU,Photography,Nature,Perth,City,"A new nature project documenting people, places and memorable stories.",1
1498,47,97,21390.87,2019-04-26,2019-06-25,60,USD,US,Photography,Nature,Portland,City,"A new nature project documenting people, places and memorable stories.",1
1499,45,119,1738.56,2019-01-29,2019-02-22,24,USD,US,Dance,Performances,Los Angeles,Suburb,"A new performances project combining movement, performance and original ideas.",1
1500,29,146,36867.09,2020-07-14,2020-08-11,28,EUR,DE,Dance,Performances,Munich,Zip,"A new performances project combining movement, performance and original ideas.",1
1501,27,151,1203.17,2018-05-17,2018-07-09,53,EUR,FR,Design,Product Design,Lyon,City,We are creating a practical product design with a fresh and thoughtful design.,1
1502,36,123,173.7,2020-06-17,2020-08-06,50,USD,US,Food,Drinks,San Francisco,Suburb,We are developing a new drinks project for people who love great food.,0
1503,27,103,15044.39,2019-02-05,2019-03-25,48,USD,US,Design,Product Design,Seattle,County,We are creating a practical product design with a fresh and thoughtful design.,1
1504,25,134,9886.67,2018-06-12,2018-07-20,38,EUR,DE,Food,Restaurants,Munich,Zip,We are developing a new restaurants project for people who love great food.,1
1505,29,82,66640.72,2020-11-05,2020-12-07,32,USD,US,Theater,Plays,San Francisco,City,A new plays production bringing an original story to the stage.,0
1506,67,97,13539.33,2019-06-21,2019-07-21,30,USD,US,Journalism,Investigative,Portland,City,A new investigative project focused on independent stories and community voices.,0
1507,58,146,3782.49,2019-04-25,2019-06-19,55,USD,US,Art,Sculpture,New York,Town,"A new sculpture project exploring creative ideas, materials and visual storytelling.",1
1508,31,151,5197.62,2020-07-22,2020-09-11,51,GBP,GB,Photography,Nature,London,City,"A new nature project documenting people, places and memorable stories.",0
1509,4,142,1754146.88,2018-12-11,2019-02-04,55,EUR,ES,Theater,Plays,Madrid,LocalAdmin,A new plays production bringing an original story to the stage.,0
1510,26,106,3093.54,2018-09-15,2018-10-24,39,NOK,NO,Journalism,Audio,Bergen,City,A new audio project focused on independent stories and community voices.,1
1511,48,42,27057.33,2018-07-30,2018-08-21,22,CAD,CA,Games,Tabletop Games,Vancouver,City,"A new tabletop games experience built for players, families and communities.",1
1512,12,132,22383.33,2018-10-20,2018-11-27,38,GBP,GB,Fashion,Apparel,Manchester,City,"A new apparel collection focused on creativity, quality and original ideas.",1
1513,44,124,28052.88,2018-09-08,2018-10-12,34,USD,US,Crafts,DIY,Boston,City,A new diy project making useful and creative handmade products.,1
1514,43,125,24718.16,2019-04-25,2019-06-08,44,GBP,GB,Publishing,Children's Books,Bristol,City,We are creating a new children's books book and bringing the project to readers.,1
1515,35,65,7925.61,2018-04-13,2018-05-17,34,USD,US,Technology,Gadgets,Austin,Zip,Introducing a new gadgets project designed to make everyday work easier.,1
1516,34,98,781.71,2019-12-21,2020-01-22,32,CAD,CA,Food,Restaurants,Toronto,Suburb,We are developing a new restaurants project for people who love great food.,1
1517,21,151,15273.73,2019-05-19,2019-06-06,18,USD,US,Games,Video Games,San Francisco,City,"A new video games experience built for players, families and communities.",1
1518,45,77,11763.89,2018-09-05,2018-10-25,50,USD,US,Fashion,Accessories,New York,City,"A new accessories collection focused on creativity, quality and original ideas.",1
1519,40,125,14541.42,2021-01-30,2021-02-19,20,USD,US,Music,Hip-Hop,New York,City,Support our new hip-hop project and help us share the music with listeners.,0
1520,28,88,28818.46,2020-11-26,2020-12-13,17,USD,US,Film & Video,Feature Film,Seattle,Town,Help us bring this original feature film story to life for a wider audience.,1
1521,23,123,6320.51,2018-02-24,2018-03-28,32,USD,US,Art,Illustration,Seattle,City,"A new illustration project exploring creative ideas, materials and visual storytelling.",1
1522,17,102,4588.05,2019-07-21,2019-09-13,54,USD,US,Technology,Apps,Portland,City,Introducing a new apps project designed to make everyday work easier.,1
1523,41,144,48483.01,2018-11-18,2018-12-20,32,USD,IN,Design,Architecture,Bengaluru,City,We are creating a practical architecture with a fresh and thoughtful design.,1
1524,32,109,7208.02,2019-08-13,2019-09-19,37,GBP,GB,Design,Graphic Design,London,City,We are creating a practical graphic design with a fresh and thoughtful design.,1
1525,32,138,5582.54,2020-11-13,2021-01-01,49,GBP,GB,Journalism,Print,Manchester,City,A new print project focused on independent stories and community voices.,1
1526,12,151,4881.88,2018-07-15,2018-08-04,20,EUR,NL,Technology,Apps,Amsterdam,Suburb,Introducing a new apps project designed to make everyday work easier.,1
1527,19,138,30159.15,2020-08-22,2020-10-01,40,USD,IN,Dance,Experimental,Chennai,LocalAdmin,"A new experimental project combining movement, performance and original ideas.",1
1528,17,125,8669.14,2020-11-04,2020-12-09,35,CAD,CA,Fashion,Apparel,Montreal,Town,"A new apparel collection focused on creativity, quality and original ideas.",1
1529,47,143,370464.91,2021-02-11,2021-03-21,38,EUR,IT,Film & Video,Short Film,Turin,City,Help us bring this original short film story to life for a wider audience.,0
1530,38,125,13117.55,2019-07-19,2019-08-17,29,USD,US,Games,Tabletop Games,Boston,County,"A new tabletop games experience built for players, families and communities.",1
1531,31,90,1849.05,2020-11-17,2020-12-28,41,USD,US,Art,Painting,Chicago,County,"A new painting project exploring creative ideas, materials and visual storytelling.",1
1532,52,83,6096.73,2019-05-04,2019-06-19,46,USD,US,Theater,Musicals,Los Angeles,City,A new musicals production bringing an original story to the stage.,1
1533,49,129,33137.11,2020-07-12,2020-08-07,26,AUD,AU,Fashion,Accessories,Melbourne,Suburb,"A new accessories collection focused on creativity, quality and original ideas.",1
1534,52,89,4733.39,2018-01-25,2018-02-13,19,AUD,AU,Film & Video,Feature Film,Perth,Town,Help us bring this original feature film story to life for a wider audience.,1
1535,31,86,11683.97,2020-03-15,2020-04-05,21,USD,US,Crafts,DIY,Seattle,County,A new diy project making useful and creative handmade products.,0
1536,14,102,54680.79,2018-03-19,2018-04-24,36,USD,US,Food,Restaurants,Portland,County,We are developing a new restaurants project for people who love great food.,0
1537,61,56,69037.61,2018-12-17,2019-01-27,41,CAD,CA,Theater,Experimental Theater,Montreal,Suburb,A new experimental theater production bringing an original story to the stage.,1
1538,43,88,5323.12,2019-02-22,2019-03-23,29,USD,US,Design,Product Design,New York,LocalAdmin,We are creating a practical product design with a fresh and thoughtful design.,0
1539,43,86,8059.33,2018-10-27,2018-12-19,53,CAD,CA,Theater,Plays,Calgary,Town,A new plays production bringing an original story to the stage.,1
1540,45,151,13943.1,2018-10-06,2018-12-04,59,AUD,AU,Games,Mobile Games,Melbourne,City,"A new mobile games experience built for players, families and communities.",1
1541,76,131,96111.85,2020-05-22,2020-07-10,49,EUR,DE,Design,Architecture,Cologne,City,We are creating a practical architecture with a fresh and thoughtful design.,0
1542,33,95,2181.93,2019-07-28,2019-09-06,40,EUR,DE,Games,Mobile Games,Munich,City,"A new mobile games experience built for players, families and communities.",1
1543,57,85,20957.15,2019-08-11,2019-09-17,37,EUR,NL,Journalism,Audio,Utrecht,County,A new audio project focused on independent stories and community voices.,1
1544,22,35,13076.8,2020-10-18,2020-11-14,27,GBP,GB,Dance,Performances,London,Suburb,"A new performances project combining movement, performance and original ideas.",0
1545,47,64,2987.76,2018-04-14,2018-05-24,40,EUR,DE,Games,Tabletop Games,Berlin,County,"A new tabletop games experience built for players, families and communities.",1
1546,62,58,81677.71,2018-09-28,2018-10-15,17,CAD,CA,Design,Product Design,Montreal,City,We are creating a practical product design with a fresh and thoughtful design.,0
1547,34,79,55697.44,2019-12-10,2020-01-22,43,USD,US,Journalism,Investigative,Los Angeles,Suburb,A new investigative project focused on independent stories and community voices.,1
1548,6,108,130221.33,2021-02-20,2021-03-08,16,USD,US,Games,Mobile Games,Austin,City,"A new mobile games experience built for players, families and communities.",1
1549,44,102,74755.35,2020-06-13,2020-07-25,42,USD,US,Crafts,DIY,Boston,City,A new diy project making useful and creative handmade products.,1
1550,32,81,12191.22,2018-08-11,2018-09-17,37,USD,US,Theater,Experimental Theater,Seattle,City,A new experimental theater production bringing an original story to the stage.,1
1551,48,106,31343.75,2020-10-21,2020-12-10,50,CAD,CA,Dance,Experimental,Calgary,Town,"A new experimental project combining movement, performance and original ideas.",1
1552,28,65,20070.46,2019-01-28,2019-02-17,20,EUR,ES,Games,Video Games,Seville,Island,"A new video games experience built for players, families and communities.",1
1553,71,121,2941.53,2020-09-28,2020-10-23,25,USD,US,Journalism,Investigative,Boston,City,A new investigative project focused on independent stories and community voices.,1
1554,37,131,1588.96,2021-01-04,2021-02-25,52,USD,US,Music,Rock,Los Angeles,City,Support our new rock project and help us share the music with listeners.,1
1555,47,123,21260.94,2018-06-22,2018-08-09,48,USD,IN,Fashion,Footwear,Chennai,County,"A new footwear collection focused on creativity, quality and original ideas.",1
1556,20,141,13935.5,2018-12-02,2019-01-02,31,USD,US,Comics,Comic Books,Portland,City,"A new comic books project featuring original characters, artwork and storytelling.",1
1557,17,62,7123.97,2019-04-05,2019-04-22,17,GBP,GB,Film & Video,Feature Film,Edinburgh,City,Help us bring this original feature film story to life for a wider audience.,1
1558,16,109,10399.26,2020-05-09,2020-07-06,58,CAD,CA,Comics,Webcomics,Toronto,City,"A new webcomics project featuring original characters, artwork and storytelling.",1
1559,16,79,186340.49,2018-12-03,2019-02-01,60,GBP,GB,Music,Rock,Bristol,City,Support our new rock project and help us share the music with listeners.,0
1560,45,73,409.23,2019-08-15,2019-10-02,48,USD,US,Comics,Comic Books,Portland,City,"A new comic books project featuring original characters, artwork and storytelling.",1
1561,26,66,32354.27,2020-06-16,2020-07-22,36,USD,US,Music,Rock,Boston,Island,Support our new rock project and help us share the music with listeners.,0
1562,16,151,44292.46,2018-07-22,2018-09-03,43,USD,US,Art,Painting,Austin,Island,"A new painting project exploring creative ideas, materials and visual storytelling.",0
1563,25,135,53778.78,2018-05-19,2018-07-01,43,CAD,CA,Music,Pop,Toronto,City,Support our new pop project and help us share the music with listeners.,1
1564,46,151,1416.88,2019-12-19,2020-01-07,19,GBP,GB,Music,Rock,Edinburgh,City,Support our new rock project and help us share the music with listeners.,1
1565,45,119,7617.57,2019-05-13,2019-06-06,24,USD,US,Photography,Nature,Los Angeles,County,"A new nature project documenting people, places and memorable stories.",1
1566,50,83,7050.05,2019-03-26,2019-04-19,24,CAD,CA,Music,Classical,Calgary,Suburb,Support our new classical project and help us share the music with listeners.,0
1567,31,128,18868.33,2018-10-22,2018-11-14,23,EUR,IT,Crafts,Candles,Rome,LocalAdmin,A new candles project making useful and creative handmade products.,1
1568,65,151,2084.08,2018-12-14,2019-01-18,35,USD,US,Fashion,Apparel,Boston,Suburb,"A new apparel collection focused on creativity, quality and original ideas.",1
1569,51,124,21575.25,2020-08-11,2020-09-07,27,GBP,GB,Food,Drinks,Edinburgh,Zip,We are developing a new drinks project for people who love great food.,1
1570,17,105,3045.06,2020-11-06,2020-11-30,24,AUD,AU,Games,Video Games,Sydney,LocalAdmin,"A new video games experience built for players, families and communities.",1
1571,47,116,7565.95,2020-06-15,2020-08-06,52,USD,US,Film & Video,Feature Film,Seattle,LocalAdmin,Help us bring this original feature film story to life for a wider audience.,1
1572,35,141,96518.9,2019-05-24,2019-06-18,25,USD,US,Dance,Dance Training,Los Angeles,City,"A new dance training project combining movement, performance and original ideas.",1
1573,33,108,44267.24,2020-07-01,2020-07-19,18,CAD,CA,Fashion,Accessories,Vancouver,City,"A new accessories collection focused on creativity, quality and original ideas.",1
1574,35,104,14539.06,2021-01-06,2021-03-07,60,SEK,SE,Design,Product Design,Malmo,Suburb,We are creating a practical product design with a fresh and thoughtful design.,0
1575,25,88,1386.67,2019-12-13,2020-01-27,45,EUR,IT,Food,Food,Florence,Town,We are developing a new food project for people who love great food.,1
1576,50,119,20087.47,2019-02-20,2019-04-09,48,CAD,CA,Art,Sculpture,Toronto,City,"A new sculpture project exploring creative ideas, materials and visual storytelling.",1
1577,26,70,22293.08,2020-05-07,2020-07-02,56,EUR,DE,Art,Sculpture,Munich,Island,"A new sculpture project exploring creative ideas, materials and visual storytelling.",0
1578,27,96,463.39,2020-04-05,2020-05-24,49,USD,US,Publishing,Fiction,Los Angeles,City,We are creating a new fiction book and bringing the project to readers.,0
1579,46,104,20670.81,2020-10-27,2020-12-19,53,AUD,AU,Theater,Plays,Perth,City,A new plays production bringing an original story to the stage.,1
1580,68,76,2263.71,2018-05-03,2018-06-25,53,GBP,GB,Music,Pop,Edinburgh,City,Support our new pop project and help us share the music with listeners.,1
1581,28,107,1211.14,2020-06-27,2020-08-13,47,USD,US,Fashion,Apparel,Austin,City,"A new apparel collection focused on creativity, quality and original ideas.",0
1582,16,137,2108.2,2020-06-16,2020-07-08,22,EUR,DE,Journalism,Investigative,Cologne,Suburb,A new investigative project focused on independent stories and community voices.,1
1583,52,151,420.89,2019-01-22,2019-03-09,46,GBP,GB,Photography,Nature,Bristol,LocalAdmin,"A new nature project documenting people, places and memorable stories.",1
1584,38,101,6379.87,2018-05-01,2018-06-17,47,USD,US,Comics,Comic Books,Austin,County,"A new comic books project featuring original characters, artwork and storytelling.",0
1585,43,94,2526.22,2019-07-13,2019-08-04,22,NZD,NZ,Design,Product Design,Wellington,City,We are creating a practical product design with a fresh and thoughtful design.,1
1586,36,100,70302.83,2019-12-13,2020-02-11,60,USD,US,Art,Painting,New York,City,"A new painting project exploring creative ideas, materials and visual storytelling.",1
1587,44,127,6878.23,2018-07-11,2018-08-08,28,USD,US,Film & Video,Short Film,New York,City,Help us bring this original short film story to life for a wider audience.,1
1588,40,89,3932.1,2019-12-08,2020-01-25,48,USD,US,Art,Illustration,Seattle,Town,"A new illustration project exploring creative ideas, materials and visual storytelling.",1
1589,27,89,1015.88,2019-03-30,2019-04-21,22,EUR,FR,Dance,Experimental,Marseille,Suburb,"A new experimental project combining movement, performance and original ideas.",0
1590,46,116,6181.85,2020-12-20,2021-02-14,56,EUR,DE,Games,Video Games,Berlin,City,"A new video games experience built for players, families and communities.",1
1591,43,124,97783.17,2018-01-26,2018-02-16,21,USD,US,Art,Illustration,Portland,City,"A new illustration project exploring creative ideas, materials and visual storytelling.",1
1592,29,114,132059.31,2020-01-08,2020-02-04,27,AUD,AU,Dance,Dance Training,Brisbane,City,"A new dance training project combining movement, performance and original ideas.",1
1593,32,112,6817.95,2018-11-22,2018-12-27,35,USD,US,Fashion,Accessories,Seattle,City,"A new accessories collection focused on creativity, quality and original ideas.",0
1594,23,93,10774.35,2020-04-20,2020-06-05,46,EUR,DE,Fashion,Footwear,Hamburg,County,"A new footwear collection focused on creativity, quality and original ideas.",1
1595,42,109,35673.42,2019-04-11,2019-05-06,25,GBP,GB,Photography,Photobooks,Edinburgh,City,"A new photobooks project documenting people, places and memorable stories.",0
1596,42,37,2448.11,2019-05-27,2019-06-24,28,USD,US,Theater,Experimental Theater,San Francisco,City,A new experimental theater production bringing an original story to the stage.,0
1597,34,151,21262.65,2018-02-16,2018-03-13,25,EUR,IE,Publishing,Nonfiction,Galway,Town,We are creating a new nonfiction book and bringing the project to readers.,1
1598,18,113,470284.14,2019-10-26,2019-11-11,16,USD,US,Food,Restaurants,Austin,City,We are developing a new restaurants project for people who love great food.,1
1599,5,151,39284.62,2020-10-20,2020-12-07,48,USD,US,Art,Painting,New York,City,"A new painting project exploring creative ideas, materials and visual storytelling.",1
1600,32,147,37389.65,2020-03-28,2020-05-25,58,CAD,CA,Film & Video,Documentary,Toronto,Suburb,Help us bring this original documentary story to life for a wider audience.,1
1601,39,84,96333.58,2018-06-23,2018-07-24,31,USD,IN,Art,Mixed Media,Delhi,Suburb,"A new mixed media project exploring creative ideas, materials and visual storytelling.",1
1602,45,97,48704.53,2021-03-19,2021-04-16,28,USD,US,Publishing,Children's Books,Chicago,Town,We are creating a new children's books book and bringing the project to readers.,1
1603,52,75,8109.5,2019-04-27,2019-06-05,39,USD,US,Technology,Software,San Francisco,City,Introducing a new software project designed to make everyday work easier.,1
1604,30,88,1927.49,2020-04-03,2020-05-14,41,USD,US,Film & Video,Documentary,Los Angeles,LocalAdmin,Help us bring this original documentary story to life for a wider audience.,0
1605,11,61,9757.06,2020-04-14,2020-05-06,22,GBP,GB,Crafts,DIY,London,County,A new diy project making useful and creative handmade products.,1
1606,27,80,2669.52,2018-10-11,2018-11-11,31,USD,US,Music,Classical,Boston,City,Support our new classical project and help us share the music with listeners.,1
1607,68,77,7752.34,2018-05-06,2018-05-25,19,AUD,AU,Food,Food,Perth,City,We are developing a new food project for people who love great food.,1
1608,60,134,3109.53,2018-10-08,2018-11-03,26,USD,IN,Crafts,Crochet,Mumbai,City,A new crochet project making useful and creative handmade products.,1
1609,41,59,6557.48,2019-11-25,2020-01-16,52,GBP,GB,Technology,Software,Edinburgh,Suburb,Introducing a new software project designed to make everyday work easier.,1
1610,29,151,1200.4,2021-03-01,2021-04-02,32,USD,US,Technology,Apps,Portland,Island,Introducing a new apps project designed to make everyday work easier.,1
1611,34,98,4097.06,2019-11-28,2020-01-07,40,USD,US,Publishing,Fiction,Austin,City,We are creating a new fiction book and bringing the project to readers.,0
1612,61,148,22498.58,2018-03-16,2018-04-30,45,USD,US,Art,Painting,San Francisco,Town,"A new painting project exploring creative ideas, materials and visual storytelling.",1
1613,38,79,33271.81,2019-08-24,2019-10-14,51,SEK,SE,Publishing,Nonfiction,Malmo,Suburb,We are creating a new nonfiction book and bringing the project to readers.,0
1614,29,131,23768.71,2019-03-26,2019-04-15,20,USD,US,Publishing,Children's Books,Chicago,Island,We are creating a new children's books book and bringing the project to readers.,0
1615,55,64,6700.18,2018-11-09,2019-01-03,55,USD,US,Technology,Software,Austin,City,Introducing a new software project designed to make everyday work easier.,1
1616,6,64,14561.51,2018-09-27,2018-10-26,29,AUD,AU,Food,Drinks,Sydney,Island,We are developing a new drinks project for people who love great food.,1
1617,20,141,244216.52,2019-02-04,2019-04-01,56,USD,US,Crafts,Candles,Austin,Suburb,A new candles project making useful and creative handmade products.,1
1618,23,104,3926.49,2020-04-20,2020-05-30,40,AUD,AU,Comics,Webcomics,Brisbane,City,"A new webcomics project featuring original characters, artwork and storytelling.",0
1619,50,102,144392.3,2019-01-12,2019-02-07,26,USD,US,Art,Illustration,Seattle,City,"A new illustration project exploring creative ideas, materials and visual storytelling.",0
1620,27,78,1280.08,2020-09-24,2020-11-18,55,EUR,IT,Technology,Apps,Florence,City,Introducing a new apps project designed to make everyday work easier.,1
1621,8,82,848.92,2020-11-04,2020-12-02,28,DKK,DK,Crafts,Woodworking,Aarhus,Suburb,A new woodworking project making useful and creative handmade products.,1
1622,25,60,9550.76,2019-04-08,2019-04-23,15,AUD,AU,Theater,Plays,Brisbane,City,A new plays production bringing an original story to the stage.,0
1623,28,92,11323.29,2020-09-15,2020-10-16,31,NOK,NO,Comics,Graphic Novels,Trondheim,City,"A new graphic novels project featuring original characters, artwork and storytelling.",1
1624,34,116,2080.13,2019-06-30,2019-08-16,47,USD,US,Comics,Comic Books,Los Angeles,City,"A new comic books project featuring original characters, artwork and storytelling.",1
1625,37,110,7205.04,2020-11-02,2020-12-15,43,GBP,GB,Fashion,Accessories,Bristol,LocalAdmin,"A new accessories collection focused on creativity, quality and original ideas.",1
1626,50,111,22397.85,2020-02-08,2020-04-07,59,CAD,CA,Photography,Nature,Montreal,City,"A new nature project documenting people, places and memorable stories.",0
1627,30,46,2648.15,2020-11-11,2020-12-26,45,CAD,CA,Art,Sculpture,Montreal,City,"A new sculpture project exploring creative ideas, materials and visual storytelling.",1
1628,26,114,57949.41,2018-12-25,2019-01-16,22,USD,US,Comics,Webcomics,Los Angeles,Town,"A new webcomics project featuring original characters, artwork and storytelling.",1
1629,36,98,68642.2,2018-07-25,2018-09-07,44,USD,US,Technology,Hardware,San Francisco,City,Introducing a new hardware project designed to make everyday work easier.,1
1630,39,84,82660.08,2020-10-15,2020-11-11,27,USD,US,Fashion,Accessories,Portland,LocalAdmin,"A new accessories collection focused on creativity, quality and original ideas.",1
1631,26,71,2937.8,2020-01-06,2020-02-05,30,USD,US,Crafts,DIY,New York,City,A new diy project making useful and creative handmade products.,1
1632,9,128,3593.81,2019-07-30,2019-08-15,16,USD,US,Theater,Experimental Theater,Austin,City,A new experimental theater production bringing an original story to the stage.,1
1633,28,44,9179.32,2020-07-30,2020-09-27,59,EUR,DE,Dance,Experimental,Cologne,City,"A new experimental project combining movement, performance and original ideas.",1
1634,47,71,7869.0,2018-06-17,2018-07-19,32,USD,US,Art,Sculpture,New York,City,"A new sculpture project exploring creative ideas, materials and visual storytelling.",0
1635,34,112,7243.37,2018-11-17,2019-01-05,49,USD,US,Food,Food,New York,City,We are developing a new food project for people who love great food.,1
1636,54,93,38719.05,2018-11-16,2019-01-14,59,GBP,GB,Publishing,Children's Books,London,City,We are creating a new children's books book and bringing the project to readers.,1
1637,43,119,30969.31,2018-09-27,2018-10-30,33,CAD,CA,Film & Video,Webseries,Vancouver,City,Help us bring this original webseries story to life for a wider audience.,1
1638,27,111,3093.59,2020-12-18,2021-01-14,27,EUR,NL,Film & Video,Documentary,Utrecht,LocalAdmin,Help us bring this original documentary story to life for a wider audience.,1
1639,57,88,2046.44,2018-07-16,2018-08-03,18,CAD,CA,Crafts,Crochet,Calgary,Suburb,A new crochet project making useful and creative handmade products.,1
1640,22,57,1758.29,2020-02-12,2020-03-16,33,USD,US,Journalism,Print,Seattle,Zip,A new print project focused on independent stories and community voices.,1
1641,10,131,3072.12,2018-06-11,2018-07-20,39,EUR,IT,Journalism,Print,Florence,City,A new print project focused on independent stories and community voices.,1
1642,40,103,44524.32,2018-12-25,2019-02-15,52,GBP,GB,Crafts,Woodworking,Bristol,City,A new woodworking project making useful and creative handmade products.,1
1643,23,69,14985.25,2018-05-22,2018-07-06,45,USD,US,Technology,Gadgets,Boston,Suburb,Introducing a new gadgets project designed to make everyday work easier.,1
1644,34,45,50399.08,2021-03-04,2021-04-23,50,CAD,CA,Comics,Comic Books,Calgary,City,"A new comic books project featuring original characters, artwork and storytelling.",1
1645,19,118,860.6,2018-11-26,2018-12-14,18,NZD,NZ,Photography,Fine Art,Christchurch,Suburb,"A new fine art project documenting people, places and memorable stories.",1
1646,35,89,18332.27,2019-01-31,2019-03-25,53,USD,US,Art,Mixed Media,New York,City,"A new mixed media project exploring creative ideas, materials and visual storytelling.",1
1647,42,74,17972.14,2020-02-29,2020-03-21,21,USD,US,Film & Video,Documentary,Seattle,City,Help us bring this original documentary story to life for a wider audience.,1
1648,44,143,77122.88,2018-01-24,2018-02-23,30,USD,US,Film & Video,Webseries,Boston,City,Help us bring this original webseries story to life for a wider audience.,1
1649,18,52,6364.99,2018-06-12,2018-07-01,19,USD,US,Photography,Nature,Seattle,City,"A new nature project documenting people, places and memorable stories.",1
1650,15,101,5704.05,2019-03-07,2019-04-13,37,USD,US,Comics,Comic Books,Seattle,County,"A new comic books project featuring original characters, artwork and storytelling.",1
1651,41,130,123962.73,2018-02-19,2018-04-10,50,CAD,CA,Film & Video,Webseries,Vancouver,Island,Help us bring this original webseries story to life for a wider audience.,1
1652,29,123,9205.82,2018-09-27,2018-11-12,46,USD,US,Publishing,Nonfiction,Boston,City,We are creating a new nonfiction book and bringing the project to readers.,0
1653,27,69,15794.73,2019-04-04,2019-05-12,38,DKK,DK,Food,Restaurants,Copenhagen,City,We are developing a new restaurants project for people who love great food.,0
1654,33,148,25107.58,2018-10-07,2018-11-15,39,EUR,DE,Art,Sculpture,Cologne,County,"A new sculpture project exploring creative ideas, materials and visual storytelling.",1
1655,32,151,904.73,2021-03-13,2021-05-11,59,CAD,CA,Games,Mobile Games,Calgary,City,"A new mobile games experience built for players, families and communities.",1
1656,41,139,12789.38,2019-02-27,2019-04-10,42,EUR,ES,Film & Video,Short Film,Barcelona,Town,Help us bring this original short film story to life for a wider audience.,0
1657,42,82,1741.84,2018-05-04,2018-06-06,33,USD,US,Crafts,Crochet,San Francisco,City,A new crochet project making useful and creative handmade products.,1
1658,50,101,10475.94,2019-06-26,2019-07-17,21,GBP,GB,Food,Food,Edinburgh,City,We are developing a new food project for people who love great food.,0
1659,31,146,7601.4,2019-07-27,2019-09-23,58,CAD,CA,Film & Video,Short Film,Calgary,County,Help us bring this original short film story to life for a wider audience.,0
1660,50,121,5474.14,2020-04-02,2020-05-27,55,EUR,ES,Music,Pop,Barcelona,Zip,Support our new pop project and help us share the music with listeners.,0
1661,44,89,31697.86,2018-10-11,2018-11-11,31,EUR,FR,Theater,Plays,Toulouse,LocalAdmin,A new plays production bringing an original story to the stage.,1
1662,48,102,13955.47,2020-09-19,2020-10-05,16,USD,US,Publishing,Fiction,Seattle,Zip,We are creating a new fiction book and bringing the project to readers.,1
1663,18,62,2317.54,2020-12-13,2021-01-12,30,DKK,DK,Food,Drinks,Copenhagen,City,We are developing a new drinks project for people who love great food.,1
1664,33,142,2198.77,2019-10-23,2019-12-15,53,USD,US,Fashion,Accessories,Boston,City,"A new accessories collection focused on creativity, quality and original ideas.",1
1665,63,105,44130.02,2018-04-07,2018-05-09,32,EUR,NL,Games,Video Games,Utrecht,City,"A new video games experience built for players, families and communities.",1
1666,14,151,11317.5,2020-11-07,2020-12-30,53,USD,IN,Theater,Plays,Delhi,City,A new plays production bringing an original story to the stage.,0
1667,62,53,1319.89,2018-11-10,2018-11-25,15,USD,US,Design,Graphic Design,Seattle,City,We are creating a practical graphic design with a fresh and thoughtful design.,1
1668,61,79,6292.37,2019-03-25,2019-04-11,17,EUR,DE,Crafts,DIY,Berlin,City,A new diy project making useful and creative handmade products.,1
1669,46,106,9401.42,2019-07-08,2019-08-12,35,USD,US,Crafts,DIY,Portland,LocalAdmin,A new diy project making useful and creative handmade products.,1
1670,15,151,1772.39,2020-03-26,2020-05-09,44,USD,US,Art,Illustration,Los Angeles,City,"A new illustration project exploring creative ideas, materials and visual storytelling.",1
1671,32,110,4471.29,2018-07-16,2018-08-10,25,GBP,GB,Photography,Nature,Edinburgh,City,"A new nature project documenting people, places and memorable stories.",1
1672,47,85,49778.4,2019-09-03,2019-10-09,36,CAD,CA,Theater,Experimental Theater,Montreal,City,A new experimental theater production bringing an original story to the stage.,0
1673,15,109,568971.56,2021-01-07,2021-02-15,39,EUR,IE,Food,Restaurants,Galway,Zip,We are developing a new restaurants project for people who love great food.,1
1674,45,88,19183.17,2019-08-07,2019-08-24,17,AUD,AU,Comics,Webcomics,Sydney,Town,"A new webcomics project featuring original characters, artwork and storytelling.",1
1675,37,136,1469.4,2020-09-30,2020-11-13,44,GBP,GB,Crafts,Crochet,Edinburgh,Zip,A new crochet project making useful and creative handmade products.,1
1676,26,134,8563.73,2019-12-18,2020-01-25,38,EUR,IT,Food,Food,Milan,Zip,We are developing a new food project for people who love great food.,0
1677,18,151,14498.61,2019-10-23,2019-12-21,59,DKK,DK,Technology,Apps,Odense,City,Introducing a new apps project designed to make everyday work easier.,0
1678,57,59,40598.83,2020-05-26,2020-07-15,50,USD,US,Food,Drinks,Los Angeles,LocalAdmin,We are developing a new drinks project for people who love great food.,0
1679,47,54,42114.6,2018-01-27,2018-03-05,37,USD,IN,Technology,Apps,Hyderabad,Town,Introducing a new apps project designed to make everyday work easier.,0
1680,33,101,99434.43,2018-02-22,2018-03-16,22,USD,US,Music,Rock,San Francisco,City,Support our new rock project and help us share the music with listeners.,0
1681,36,132,11971.19,2018-03-19,2018-04-06,18,EUR,IT,Dance,Experimental,Turin,City,"A new experimental project combining movement, performance and original ideas.",0
1682,31,139,12333.37,2018-02-26,2018-04-20,53,USD,US,Dance,Experimental,Chicago,LocalAdmin,"A new experimental project combining movement, performance and original ideas.",1
1683,8,115,643.14,2018-03-28,2018-05-24,57,USD,US,Design,Architecture,Seattle,City,We are creating a practical architecture with a fresh and thoughtful design.,1
1684,54,132,2497.02,2020-07-06,2020-08-20,45,USD,US,Fashion,Accessories,Portland,City,"A new accessories collection focused on creativity, quality and original ideas.",1
1685,38,151,1452.69,2018-08-26,2018-10-08,43,AUD,AU,Design,Graphic Design,Melbourne,City,We are creating a practical graphic design with a fresh and thoughtful design.,1
1686,49,84,3260.6,2018-11-29,2019-01-18,50,USD,US,Technology,Hardware,New York,City,Introducing a new hardware project designed to make everyday work easier.,0
1687,28,151,2012.76,2020-11-22,2020-12-19,27,USD,US,Theater,Musicals,Boston,City,A new musicals production bringing an original story to the stage.,1
1688,36,151,2235.37,2019-12-13,2020-02-06,55,CAD,CA,Film & Video,Short Film,Montreal,Zip,Help us bring this original short film story to life for a wider audience.,0
1689,40,91,64928.58,2018-02-01,2018-02-24,23,NZD,NZ,Comics,Webcomics,Auckland,City,"A new webcomics project featuring original characters, artwork and storytelling.",0
1690,50,80,608.56,2018-10-13,2018-11-17,35,USD,US,Film & Video,Webseries,Boston,City,Help us bring this original webseries story to life for a wider audience.,1
1691,62,131,8823.88,2020-04-06,2020-04-23,17,USD,US,Journalism,Investigative,Los Angeles,Town,A new investigative project focused on independent stories and community voices.,1
1692,30,151,45803.04,2019-01-16,2019-02-24,39,USD,US,Film & Video,Short Film,Chicago,County,Help us bring this original short film story to life for a wider audience.,1
1693,30,83,7520.2,2018-02-18,2018-03-29,39,USD,US,Art,Sculpture,Seattle,Town,"A new sculpture project exploring creative ideas, materials and visual storytelling.",1
1694,31,151,93871.3,2019-03-24,2019-04-19,26,EUR,IT,Film & Video,Feature Film,Milan,Town,Help us bring this original feature film story to life for a wider audience.,1
1695,26,79,4737.79,2018-02-23,2018-04-07,43,EUR,IT,Design,Architecture,Turin,LocalAdmin,We are creating a practical architecture with a fresh and thoughtful design.,1
1696,75,101,181011.16,2018-02-05,2018-03-02,25,CAD,CA,Crafts,Crochet,Toronto,City,A new crochet project making useful and creative handmade products.,1
1697,10,74,1055.01,2018-04-02,2018-04-27,25,USD,US,Publishing,Children's Books,Seattle,Suburb,We are creating a new children's books book and bringing the project to readers.,1
1698,75,121,94143.37,2019-10-11,2019-11-20,40,EUR,IT,Crafts,Candles,Turin,LocalAdmin,A new candles project making useful and creative handmade products.,1
1699,45,112,3000.68,2019-08-03,2019-08-31,28,GBP,GB,Dance,Experimental,London,City,"A new experimental project combining movement, performance and original ideas.",0
1700,34,109,112674.06,2019-06-30,2019-07-30,30,EUR,IT,Publishing,Fiction,Rome,City,We are creating a new fiction book and bringing the project to readers.,1
1701,22,89,5808.93,2021-02-17,2021-03-13,24,CAD,CA,Photography,Nature,Calgary,City,"A new nature project documenting people, places and memorable stories.",0
1702,34,95,66488.09,2019-02-09,2019-03-26,45,EUR,FR,Comics,Comic Books,Marseille,City,"A new comic books project featuring original characters, artwork and storytelling.",1
1703,27,106,86426.81,2018-03-14,2018-04-28,45,CAD,CA,Comics,Webcomics,Vancouver,City,"A new webcomics project featuring original characters, artwork and storytelling.",1
1704,56,100,4899.24,2018-08-05,2018-09-24,50,USD,US,Art,Mixed Media,Austin,City,"A new mixed media project exploring creative ideas, materials and visual storytelling.",0
1705,44,107,58489.47,2020-02-07,2020-03-02,24,NOK,NO,Theater,Plays,Oslo,City,A new plays production bringing an original story to the stage.,0
1706,60,63,11490.94,2020-01-08,2020-02-17,40,GBP,GB,Design,Product Design,Manchester,City,We are creating a practical product design with a fresh and thoughtful design.,1
1707,31,43,1243.43,2020-09-18,2020-10-22,34,CAD,CA,Dance,Experimental,Vancouver,City,"A new experimental project combining movement, performance and original ideas.",0
1708,37,118,26384.76,2019-06-18,2019-08-15,58,USD,US,Music,Classical,Los Angeles,City,Support our new classical project and help us share the music with listeners.,1
1709,34,119,2482.39,2018-02-17,2018-03-12,23,CAD,CA,Journalism,Investigative,Montreal,City,A new investigative project focused on independent stories and community voices.,1
1710,29,115,4361.14,2021-01-04,2021-02-02,29,CAD,CA,Theater,Plays,Toronto,City,A new plays production bringing an original story to the stage.,1
1711,20,124,3007.45,2019-02-05,2019-02-28,23,USD,US,Comics,Graphic Novels,New York,County,"A new graphic novels project featuring original characters, artwork and storytelling.",0
1712,46,94,21566.55,2020-09-17,2020-10-08,21,USD,US,Crafts,Candles,Los Angeles,City,A new candles project making useful and creative handmade products.,0
1713,40,97,2604.55,2018-09-16,2018-10-26,40,CAD,CA,Film & Video,Webseries,Vancouver,Island,Help us bring this original webseries story to life for a wider audience.,1
1714,34,94,1793.3,2019-02-14,2019-03-24,38,EUR,FR,Film & Video,Feature Film,Marseille,City,Help us bring this original feature film story to life for a wider audience.,1
1715,43,54,2381.38,2020-07-22,2020-08-17,26,GBP,GB,Photography,Fine Art,Bristol,City,"A new fine art project documenting people, places and memorable stories.",1
1716,29,125,3993.82,2018-08-06,2018-09-09,34,USD,US,Dance,Dance Training,Boston,Island,"A new dance training project combining movement, performance and original ideas.",1
1717,35,132,25912.96,2020-11-02,2020-11-30,28,AUD,AU,Design,Architecture,Sydney,City,We are creating a practical architecture with a fresh and thoughtful design.,1
1718,48,136,49105.38,2019-01-26,2019-03-03,36,USD,US,Design,Product Design,Austin,City,We are creating a practical product design with a fresh and thoughtful design.,1
1719,50,99,48027.1,2018-07-06,2018-08-05,30,USD,US,Fashion,Footwear,Chicago,City,"A new footwear collection focused on creativity, quality and original ideas.",1
1720,58,86,11370.65,2019-11-27,2020-01-09,43,USD,US,Technology,Apps,New York,City,Introducing a new apps project designed to make everyday work easier.,1
1721,18,94,10924.87,2018-08-21,2018-10-06,46,USD,US,Games,Tabletop Games,Chicago,Suburb,"A new tabletop games experience built for players, families and communities.",0
1722,21,93,9026.22,2020-06-21,2020-07-24,33,USD,US,Comics,Graphic Novels,New York,City,"A new graphic novels project featuring original characters, artwork and storytelling.",0
1723,18,48,23887.19,2020-04-20,2020-06-08,49,USD,US,Design,Product Design,Los Angeles,City,We are creating a practical product design with a fresh and thoughtful design.,0
1724,25,117,68052.31,2021-02-19,2021-04-17,57,USD,US,Photography,Fine Art,Portland,Suburb,"A new fine art project documenting people, places and memorable stories.",1
1725,30,133,9494.43,2018-09-26,2018-11-11,46,USD,US,Crafts,DIY,Austin,Town,A new diy project making useful and creative handmade products.,1
1726,42,114,27398.6,2020-08-22,2020-09-25,34,GBP,GB,Dance,Dance Training,Manchester,County,"A new dance training project combining movement, performance and original ideas.",1
1727,52,109,1754.6,2018-04-10,2018-06-03,54,GBP,GB,Journalism,Audio,Bristol,Town,A new audio project focused on independent stories and community voices.,1
1728,29,89,44995.06,2019-10-14,2019-11-17,34,USD,US,Fashion,Apparel,Boston,City,"A new apparel collection focused on creativity, quality and original ideas.",1
1729,44,131,16773.7,2021-01-14,2021-02-05,22,EUR,ES,Photography,Fine Art,Seville,Zip,"A new fine art project documenting people, places and memorable stories.",1
1730,54,105,2421.54,2020-12-23,2021-02-10,49,USD,US,Food,Drinks,Chicago,Town,We are developing a new drinks project for people who love great food.,0
1731,28,71,62947.29,2019-07-23,2019-09-17,56,GBP,GB,Art,Sculpture,Bristol,County,"A new sculpture project exploring creative ideas, materials and visual storytelling.",0
1732,31,148,1752.46,2020-10-12,2020-11-08,27,USD,US,Journalism,Investigative,Portland,Suburb,A new investigative project focused on independent stories and community voices.,0
1733,36,127,353.03,2019-05-08,2019-07-02,55,USD,US,Technology,Gadgets,Seattle,City,Introducing a new gadgets project designed to make everyday work easier.,1
1734,10,151,44586.04,2019-10-31,2019-11-20,20,CAD,CA,Food,Restaurants,Toronto,City,We are developing a new restaurants project for people who love great food.,0
1735,43,143,21806.94,2019-09-16,2019-10-16,30,CAD,CA,Music,Pop,Montreal,City,Support our new pop project and help us share the music with listeners.,1
1736,17,89,1836.44,2020-12-22,2021-01-10,19,EUR,NL,Technology,Apps,Rotterdam,Suburb,Introducing a new apps project designed to make everyday work easier.,1
1737,47,99,20815.62,2019-09-13,2019-11-11,59,GBP,GB,Film & Video,Webseries,Manchester,Zip,Help us bring this original webseries story to life for a wider audience.,1
1738,29,138,73568.57,2018-10-30,2018-12-17,48,NOK,NO,Art,Illustration,Trondheim,Town,"A new illustration project exploring creative ideas, materials and visual storytelling.",1
1739,27,73,17988.49,2019-11-01,2019-11-21,20,USD,US,Comics,Comic Books,San Francisco,City,"A new comic books project featuring original characters, artwork and storytelling.",0
1740,20,151,525662.77,2018-05-07,2018-06-23,47,USD,US,Crafts,Woodworking,Austin,City,A new woodworking project making useful and creative handmade products.,0
1741,43,118,3208.6,2018-01-08,2018-02-06,29,USD,US,Art,Illustration,San Francisco,City,"A new illustration project exploring creative ideas, materials and visual storytelling.",1
1742,43,133,375.18,2018-10-21,2018-11-19,29,USD,US,Technology,Software,Seattle,Suburb,Introducing a new software project designed to make everyday work easier.,1
1743,28,118,1347.04,2020-05-12,2020-06-09,28,GBP,GB,Games,Tabletop Games,London,Suburb,"A new tabletop games experience built for players, families and communities.",1
1744,62,110,342.53,2020-11-07,2020-12-30,53,AUD,AU,Food,Restaurants,Sydney,City,We are developing a new restaurants project for people who love great food.,1
1745,36,99,330365.07,2020-11-22,2020-12-11,19,USD,US,Comics,Webcomics,New York,City,"A new webcomics project featuring original characters, artwork and storytelling.",0
1746,35,104,11908.46,2020-04-06,2020-05-16,40,DKK,DK,Publishing,Children's Books,Aarhus,City,We are creating a new children's books book and bringing the project to readers.,1
1747,36,28,242381.96,2018-08-10,2018-09-10,31,EUR,ES,Games,Video Games,Valencia,City,"A new video games experience built for players, families and communities.",1
1748,25,125,6926.46,2020-08-28,2020-10-24,57,USD,US,Film & Video,Short Film,Chicago,County,Help us bring this original short film story to life for a wider audience.,1
1749,20,151,2950.63,2021-02-15,2021-03-17,30,USD,US,Games,Mobile Games,Chicago,Town,"A new mobile games experience built for players, families and communities.",0
1750,29,83,821.43,2018-10-23,2018-12-11,49,USD,US,Fashion,Apparel,Boston,City,"A new apparel collection focused on creativity, quality and original ideas.",1
1751,45,64,6487.9,2020-07-04,2020-08-25,52,USD,US,Fashion,Accessories,San Francisco,City,"A new accessories collection focused on creativity, quality and original ideas.",1
1752,7,151,44408.46,2018-11-09,2018-12-16,37,USD,US,Music,Hip-Hop,San Francisco,City,Support our new hip-hop project and help us share the music with listeners.,0
1753,13,119,8471.92,2018-11-23,2018-12-20,27,GBP,GB,Technology,Software,London,City,Introducing a new software project designed to make everyday work easier.,0
1754,26,135,1008.81,2018-04-01,2018-05-18,47,USD,US,Dance,Dance Training,New York,LocalAdmin,"A new dance training project combining movement, performance and original ideas.",1
1755,8,123,33024.5,2019-12-20,2020-02-01,43,USD,US,Journalism,Audio,Los Angeles,Zip,A new audio project focused on independent stories and community voices.,1
1756,14,80,44037.56,2021-01-01,2021-03-02,60,USD,IN,Journalism,Print,Chennai,City,A new print project focused on independent stories and community voices.,0
1757,47,135,5278.45,2019-12-25,2020-02-11,48,AUD,AU,Publishing,Children's Books,Brisbane,City,We are creating a new children's books book and bringing the project to readers.,1
1758,28,93,4347.37,2021-02-18,2021-04-07,48,DKK,DK,Publishing,Nonfiction,Odense,LocalAdmin,We are creating a new nonfiction book and bringing the project to readers.,1
1759,22,83,848.25,2018-08-14,2018-09-24,41,USD,US,Comics,Webcomics,Los Angeles,Zip,"A new webcomics project featuring original characters, artwork and storytelling.",1
1760,37,127,31766.49,2019-08-14,2019-09-12,29,USD,US,Film & Video,Webseries,Boston,Suburb,Help us bring this original webseries story to life for a wider audience.,1
1761,37,113,5860.86,2020-10-26,2020-11-18,23,GBP,GB,Design,Architecture,Manchester,City,We are creating a practical architecture with a fresh and thoughtful design.,1
1762,52,120,188.77,2018-08-03,2018-09-12,40,USD,US,Music,Rock,Seattle,City,Support our new rock project and help us share the music with listeners.,1
1763,8,119,1200.84,2018-09-25,2018-10-12,17,USD,US,Fashion,Apparel,Portland,City,"A new apparel collection focused on creativity, quality and original ideas.",1
1764,21,133,28684.16,2018-08-06,2018-09-25,50,AUD,AU,Comics,Comic Books,Melbourne,City,"A new comic books project featuring original characters, artwork and storytelling.",1
1765,26,147,7063.5,2018-05-07,2018-05-26,19,AUD,AU,Design,Product Design,Melbourne,City,We are creating a practical product design with a fresh and thoughtful design.,1
1766,41,114,2064.62,2018-12-05,2019-01-08,34,USD,US,Journalism,Print,Seattle,Zip,A new print project focused on independent stories and community voices.,1
1767,78,151,13043.44,2018-11-01,2018-12-05,34,GBP,GB,Dance,Performances,Manchester,City,"A new performances project combining movement, performance and original ideas.",1
1768,44,142,3263.61,2018-04-20,2018-05-09,19,USD,US,Games,Video Games,Chicago,City,"A new video games experience built for players, families and communities.",0
1769,31,130,4430.92,2019-07-12,2019-08-05,24,USD,US,Fashion,Footwear,Seattle,City,"A new footwear collection focused on creativity, quality and original ideas.",1
1770,17,91,7902.16,2019-12-09,2020-01-08,30,USD,US,Comics,Comic Books,Boston,City,"A new comic books project featuring original characters, artwork and storytelling.",0
1771,15,137,163599.1,2020-09-12,2020-10-21,39,USD,US,Art,Illustration,Portland,City,"A new illustration project exploring creative ideas, materials and visual storytelling.",1
1772,49,121,162404.11,2018-11-11,2019-01-08,58,USD,US,Design,Architecture,Portland,City,We are creating a practical architecture with a fresh and thoughtful design.,0
1773,23,68,565.29,2019-08-08,2019-09-16,39,NOK,NO,Games,Tabletop Games,Oslo,City,"A new tabletop games experience built for players, families and communities.",1
1774,30,72,10856.48,2019-03-30,2019-05-13,44,CAD,CA,Fashion,Apparel,Montreal,City,"A new apparel collection focused on creativity, quality and original ideas.",0
1775,60,72,1263.63,2019-03-12,2019-04-09,28,EUR,DE,Journalism,Audio,Berlin,Suburb,A new audio project focused on independent stories and community voices.,1
1776,9,72,2309.17,2021-03-20,2021-04-25,36,USD,US,Photography,Nature,Portland,City,"A new nature project documenting people, places and memorable stories.",1
1777,39,75,672.76,2019-02-09,2019-04-07,57,USD,US,Film & Video,Documentary,Boston,City,Help us bring this original documentary story to life for a wider audience.,1
1778,21,133,3126.52,2019-07-03,2019-08-14,42,USD,US,Design,Architecture,Seattle,County,We are creating a practical architecture with a fresh and thoughtful design.,0
1779,60,110,1887.83,2019-02-28,2019-04-13,44,USD,US,Journalism,Audio,Portland,Suburb,A new audio project focused on independent stories and community voices.,1
1780,21,134,58820.74,2020-10-06,2020-11-08,33,USD,US,Fashion,Apparel,New York,City,"A new apparel collection focused on creativity, quality and original ideas.",0
1781,45,74,3254.1,2019-09-30,2019-11-21,52,EUR,FR,Design,Architecture,Marseille,Zip,We are creating a practical architecture with a fresh and thoughtful design.,1
1782,8,62,587.94,2019-04-21,2019-06-16,56,AUD,AU,Music,Pop,Sydney,City,Support our new pop project and help us share the music with listeners.,1
1783,58,82,11947.59,2018-06-04,2018-07-08,34,GBP,GB,Games,Video Games,Manchester,City,"A new video games experience built for players, families and communities.",1
1784,49,129,9121.81,2020-02-18,2020-04-07,49,GBP,GB,Theater,Plays,London,LocalAdmin,A new plays production bringing an original story to the stage.,1
1785,27,130,7975.75,2019-03-19,2019-04-24,36,EUR,IE,Fashion,Footwear,Dublin,LocalAdmin,"A new footwear collection focused on creativity, quality and original ideas.",1
1786,41,101,30889.14,2019-10-26,2019-11-24,29,USD,US,Music,Hip-Hop,Los Angeles,City,Support our new hip-hop project and help us share the music with listeners.,1
1787,49,118,80991.33,2020-12-30,2021-01-24,25,USD,US,Food,Restaurants,Portland,LocalAdmin,We are developing a new restaurants project for people who love great food.,1
1788,37,93,7797.1,2019-03-08,2019-04-25,48,USD,US,Comics,Comic Books,Austin,Town,"A new comic books project featuring original characters, artwork and storytelling.",0
1789,29,86,18114.56,2018-09-22,2018-10-30,38,EUR,FR,Photography,Nature,Lyon,County,"A new nature project documenting people, places and memorable stories.",1
1790,34,120,8110.8,2020-10-12,2020-11-01,20,USD,IN,Publishing,Children's Books,Hyderabad,City,We are creating a new children's books book and bringing the project to readers.,0
1791,37,128,26310.54,2020-11-12,2020-12-13,31,USD,US,Games,Mobile Games,Los Angeles,City,"A new mobile games experience built for players, families and communities.",1
1792,36,151,1229.84,2020-04-12,2020-05-24,42,EUR,NL,Design,Graphic Design,Rotterdam,City,We are creating a practical graphic design with a fresh and thoughtful design.,0
1793,42,78,31242.85,2018-08-16,2018-09-30,45,EUR,ES,Film & Video,Short Film,Madrid,LocalAdmin,Help us bring this original short film story to life for a wider audience.,1
1794,20,74,18607.96,2020-02-17,2020-04-07,50,USD,US,Journalism,Investigative,Seattle,County,A new investigative project focused on independent stories and community voices.,1
1795,25,93,2711.92,2019-06-08,2019-07-01,23,USD,US,Publishing,Nonfiction,Austin,Zip,We are creating a new nonfiction book and bringing the project to readers.,1
1796,29,126,367912.71,2019-08-29,2019-09-22,24,USD,US,Art,Painting,Boston,City,"A new painting project exploring creative ideas, materials and visual storytelling.",1
1797,42,151,1459.05,2018-10-06,2018-11-10,35,USD,IN,Journalism,Investigative,Hyderabad,City,A new investigative project focused on independent stories and community voices.,1
1798,12,112,20006.46,2018-08-22,2018-10-09,48,USD,US,Design,Product Design,Portland,Town,We are creating a practical product design with a fresh and thoughtful design.,0
1799,37,82,2721.63,2020-10-18,2020-12-02,45,EUR,IT,Photography,Nature,Florence,City,"A new nature project documenting people, places and memorable stories.",1
1800,47,74,29394.59,2019-06-15,2019-07-28,43,USD,US,Technology,Gadgets,Chicago,City,Introducing a new gadgets project designed to make everyday work easier.,1
1801,36,91,266227.01,2019-03-07,2019-05-03,57,EUR,DE,Journalism,Investigative,Hamburg,Suburb,A new investigative project focused on independent stories and community voices.,1
1802,36,115,39925.52,2020-01-05,2020-03-02,57,USD,US,Technology,Gadgets,Boston,County,Introducing a new gadgets project designed to make everyday work easier.,0
1803,30,129,10024.53,2020-07-11,2020-08-05,25,CAD,CA,Comics,Webcomics,Vancouver,City,"A new webcomics project featuring original characters, artwork and storytelling.",1
1804,36,115,50614.86,2019-10-06,2019-11-22,47,EUR,ES,Photography,Nature,Seville,Suburb,"A new nature project documenting people, places and memorable stories.",1
1805,28,86,4805.26,2018-07-25,2018-09-23,60,EUR,IT,Fashion,Accessories,Milan,County,"A new accessories collection focused on creativity, quality and original ideas.",1
1806,33,69,25605.88,2019-07-03,2019-07-18,15,EUR,NL,Music,Hip-Hop,Amsterdam,City,Support our new hip-hop project and help us share the music with listeners.,1
1807,28,128,13748.36,2020-11-11,2020-12-16,35,USD,US,Art,Painting,Austin,Suburb,"A new painting project exploring creative ideas, materials and visual storytelling.",1
1808,32,91,1820.67,2019-10-04,2019-11-10,37,AUD,AU,Crafts,Crochet,Melbourne,City,A new crochet project making useful and creative handmade products.,0
1809,30,94,169567.5,2020-09-19,2020-10-12,23,USD,US,Design,Graphic Design,Los Angeles,Zip,We are creating a practical graphic design with a fresh and thoughtful design.,1
1810,17,78,82502.71,2020-06-13,2020-06-28,15,USD,US,Dance,Performances,Seattle,Town,"A new performances project combining movement, performance and original ideas.",1
1811,12,61,3183.19,2018-04-27,2018-06-01,35,GBP,GB,Crafts,Candles,London,City,A new candles project making useful and creative handmade products.,0
1812,36,151,58832.35,2018-06-02,2018-07-08,36,USD,US,Journalism,Investigative,Seattle,City,A new investigative project focused on independent stories and community voices.,1
1813,44,88,1934.43,2018-06-03,2018-06-21,18,GBP,GB,Publishing,Nonfiction,Bristol,County,We are creating a new nonfiction book and bringing the project to readers.,1
1814,58,49,24592.44,2020-01-15,2020-01-30,15,USD,IN,Design,Graphic Design,Mumbai,City,We are creating a practical graphic design with a fresh and thoughtful design.,1
1815,51,113,12917.2,2018-11-14,2018-12-08,24,USD,US,Music,Classical,Boston,City,Support our new classical project and help us share the music with listeners.,1
1816,49,104,161809.32,2018-05-05,2018-06-03,29,AUD,AU,Food,Food,Melbourne,Suburb,We are developing a new food project for people who love great food.,1
1817,38,52,20072.53,2019-10-11,2019-11-30,50,USD,US,Music,Hip-Hop,Austin,City,Support our new hip-hop project and help us share the music with listeners.,0
1818,37,142,1094.07,2018-08-02,2018-09-14,43,USD,US,Dance,Experimental,San Francisco,City,"A new experimental project combining movement, performance and original ideas.",0
1819,23,128,58251.58,2020-12-12,2021-02-10,60,USD,US,Art,Painting,Austin,Town,"A new painting project exploring creative ideas, materials and visual storytelling.",1
1820,21,133,6061.8,2019-06-30,2019-07-19,19,DKK,DK,Music,Pop,Copenhagen,Town,Support our new pop project and help us share the music with listeners.,0
1821,38,116,5634.57,2020-06-09,2020-07-22,43,EUR,NL,Film & Video,Webseries,Rotterdam,Zip,Help us bring this original webseries story to life for a wider audience.,0
1822,22,69,12555.56,2019-05-04,2019-06-14,41,NZD,NZ,Food,Drinks,Christchurch,City,We are developing a new drinks project for people who love great food.,1
1823,34,106,4924.12,2020-04-19,2020-05-28,39,USD,IN,Crafts,DIY,Bengaluru,County,A new diy project making useful and creative handmade products.,1
1824,1,94,193808.53,2020-02-05,2020-03-06,30,USD,US,Fashion,Accessories,Chicago,City,"A new accessories collection focused on creativity, quality and original ideas.",1
1825,42,88,41802.14,2020-02-15,2020-03-16,30,USD,US,Comics,Comic Books,Boston,City,"A new comic books project featuring original characters, artwork and storytelling.",1
1826,19,151,2037.86,2019-04-25,2019-06-14,50,AUD,AU,Film & Video,Short Film,Sydney,City,Help us bring this original short film story to life for a wider audience.,1
1827,14,78,3885.3,2018-07-15,2018-08-23,39,GBP,GB,Theater,Experimental Theater,Bristol,Town,A new experimental theater production bringing an original story to the stage.,1
1828,46,94,1576.17,2018-01-20,2018-03-16,55,USD,US,Food,Restaurants,Chicago,County,We are developing a new restaurants project for people who love great food.,1
1829,49,109,53779.0,2020-11-02,2020-11-17,15,USD,US,Fashion,Accessories,New York,City,"A new accessories collection focused on creativity, quality and original ideas.",1
1830,34,120,10818.15,2019-07-16,2019-08-04,19,CAD,CA,Fashion,Footwear,Calgary,City,"A new footwear collection focused on creativity, quality and original ideas.",0
1831,24,151,2640.9,2020-02-24,2020-04-19,55,CAD,CA,Design,Graphic Design,Toronto,LocalAdmin,We are creating a practical graphic design with a fresh and thoughtful design.,1
1832,46,103,137171.19,2018-03-10,2018-04-13,34,USD,US,Food,Restaurants,Seattle,City,We are developing a new restaurants project for people who love great food.,0
1833,23,117,26244.82,2020-07-01,2020-07-20,19,GBP,GB,Art,Painting,Edinburgh,Island,"A new painting project exploring creative ideas, materials and visual storytelling.",1
1834,33,72,15998.13,2019-11-15,2020-01-04,50,GBP,GB,Journalism,Print,London,Town,A new print project focused on independent stories and community voices.,1
1835,55,125,14870.25,2020-05-01,2020-06-13,43,CAD,CA,Dance,Performances,Toronto,Zip,"A new performances project combining movement, performance and original ideas.",1
1836,41,151,1462.33,2020-12-08,2021-01-25,48,USD,US,Theater,Plays,New York,County,A new plays production bringing an original story to the stage.,1
1837,34,95,28557.12,2018-08-19,2018-09-20,32,EUR,DE,Dance,Dance Training,Munich,City,"A new dance training project combining movement, performance and original ideas.",1
1838,31,132,6269.21,2021-01-20,2021-02-05,16,USD,US,Crafts,Woodworking,New York,City,A new woodworking project making useful and creative handmade products.,1
1839,36,66,46266.35,2020-01-07,2020-02-06,30,USD,US,Crafts,Woodworking,New York,LocalAdmin,A new woodworking project making useful and creative handmade products.,1
1840,39,98,32320.99,2020-06-09,2020-07-22,43,EUR,FR,Dance,Experimental,Marseille,City,"A new experimental project combining movement, performance and original ideas.",0
1841,18,99,10916.1,2019-07-08,2019-08-24,47,CAD,CA,Music,Rock,Montreal,Town,Support our new rock project and help us share the music with listeners.,1
1842,53,119,9782.46,2018-06-04,2018-07-04,30,USD,US,Art,Sculpture,Chicago,LocalAdmin,"A new sculpture project exploring creative ideas, materials and visual storytelling.",1
1843,28,104,157000.53,2018-01-07,2018-02-25,49,AUD,AU,Technology,Hardware,Sydney,City,Introducing a new hardware project designed to make everyday work easier.,0
1844,32,142,1511.01,2018-11-23,2019-01-19,57,CAD,CA,Music,Classical,Calgary,City,Support our new classical project and help us share the music with listeners.,1
1845,47,93,4933.94,2020-09-07,2020-11-02,56,EUR,FR,Publishing,Nonfiction,Paris,Town,We are creating a new nonfiction book and bringing the project to readers.,0
1846,33,130,69862.77,2020-06-15,2020-07-16,31,EUR,DE,Music,Pop,Munich,City,Support our new pop project and help us share the music with listeners.,1
1847,48,113,119932.42,2021-03-29,2021-04-16,18,CAD,CA,Comics,Webcomics,Vancouver,County,"A new webcomics project featuring original characters, artwork and storytelling.",0
1848,34,76,9690.88,2018-12-07,2018-12-25,18,GBP,GB,Games,Video Games,Manchester,City,"A new video games experience built for players, families and communities.",0
1849,36,41,4059.1,2018-01-31,2018-03-11,39,USD,US,Journalism,Print,Los Angeles,Zip,A new print project focused on independent stories and community voices.,1
1850,38,112,4188.62,2020-09-07,2020-10-24,47,USD,US,Comics,Graphic Novels,Seattle,Suburb,"A new graphic novels project featuring original characters, artwork and storytelling.",1
1851,41,87,1298.93,2018-02-27,2018-03-27,28,USD,US,Design,Product Design,Portland,Island,We are creating a practical product design with a fresh and thoughtful design.,1
1852,43,116,267098.89,2018-05-10,2018-06-17,38,CAD,CA,Games,Tabletop Games,Toronto,City,"A new tabletop games experience built for players, families and communities.",1
1853,51,70,9539.26,2020-04-12,2020-05-07,25,GBP,GB,Games,Video Games,London,City,"A new video games experience built for players, families and communities.",1
1854,50,124,24666.92,2021-01-09,2021-02-17,39,USD,US,Food,Food,New York,City,We are developing a new food project for people who love great food.,1
1855,23,151,25058.12,2020-04-01,2020-05-13,42,USD,US,Art,Mixed Media,New York,City,"A new mixed media project exploring creative ideas, materials and visual storytelling.",1
1856,57,101,119683.29,2020-05-18,2020-06-08,21,GBP,GB,Art,Sculpture,Edinburgh,City,"A new sculpture project exploring creative ideas, materials and visual storytelling.",1
1857,9,48,6265.51,2019-07-02,2019-08-21,50,USD,US,Games,Video Games,Portland,Suburb,"A new video games experience built for players, families and communities.",0
1858,26,106,6988.96,2020-03-25,2020-04-18,24,EUR,DE,Publishing,Nonfiction,Hamburg,City,We are creating a new nonfiction book and bringing the project to readers.,0
1859,33,87,43502.95,2019-01-12,2019-03-03,50,USD,US,Music,Hip-Hop,Boston,Town,Support our new hip-hop project and help us share the music with listeners.,1
1860,18,80,742.89,2019-12-08,2020-01-22,45,CAD,CA,Food,Food,Toronto,Town,We are developing a new food project for people who love great food.,1
1861,39,102,120891.1,2018-03-20,2018-04-22,33,DKK,DK,Journalism,Print,Aarhus,City,A new print project focused on independent stories and community voices.,1
1862,46,138,177507.6,2018-06-19,2018-07-21,32,USD,US,Games,Tabletop Games,Portland,Suburb,"A new tabletop games experience built for players, families and communities.",1
1863,24,91,17564.37,2019-08-31,2019-09-20,20,GBP,GB,Film & Video,Documentary,Bristol,City,Help us bring this original documentary story to life for a wider audience.,1
1864,42,129,2805.0,2019-03-10,2019-04-21,42,USD,US,Crafts,DIY,Los Angeles,LocalAdmin,A new diy project making useful and creative handmade products.,1
1865,48,102,45026.32,2021-02-23,2021-03-16,21,CAD,CA,Crafts,DIY,Montreal,Suburb,A new diy project making useful and creative handmade products.,1
1866,6,105,8924.52,2020-04-18,2020-06-09,52,GBP,GB,Comics,Webcomics,Bristol,LocalAdmin,"A new webcomics project featuring original characters, artwork and storytelling.",1
1867,38,141,14959.35,2019-08-11,2019-09-06,26,USD,US,Design,Product Design,Austin,City,We are creating a practical product design with a fresh and thoughtful design.,1
1868,41,100,16836.41,2020-02-11,2020-04-06,55,GBP,GB,Photography,Fine Art,London,Zip,"A new fine art project documenting people, places and memorable stories.",0
1869,21,131,4325.32,2020-01-29,2020-03-17,48,SEK,SE,Photography,Nature,Stockholm,Suburb,"A new nature project documenting people, places and memorable stories.",1
1870,17,101,20556.23,2018-05-18,2018-06-26,39,USD,US,Crafts,DIY,Portland,City,A new diy project making useful and creative handmade products.,1
1871,25,125,1242.13,2020-03-01,2020-04-01,31,USD,US,Technology,Gadgets,Chicago,City,Introducing a new gadgets project designed to make everyday work easier.,1
1872,32,100,399.12,2018-11-09,2018-12-26,47,EUR,NL,Fashion,Footwear,Rotterdam,LocalAdmin,"A new footwear collection focused on creativity, quality and original ideas.",1
1873,24,113,21108.99,2019-01-20,2019-02-26,37,CAD,CA,Comics,Graphic Novels,Calgary,City,"A new graphic novels project featuring original characters, artwork and storytelling.",1
1874,43,116,60493.77,2018-11-10,2018-12-03,23,SEK,SE,Photography,Photobooks,Gothenburg,Town,"A new photobooks project documenting people, places and memorable stories.",1
1875,41,128,5413.66,2018-03-31,2018-04-20,20,CAD,CA,Crafts,Crochet,Montreal,City,A new crochet project making useful and creative handmade products.,1
1876,41,122,4962.3,2018-03-03,2018-03-19,16,EUR,IT,Design,Product Design,Rome,City,We are creating a practical product design with a fresh and thoughtful design.,0
1877,54,83,32739.17,2021-02-14,2021-04-07,52,USD,US,Photography,Fine Art,Austin,City,"A new fine art project documenting people, places and memorable stories.",1
1878,45,151,11620.99,2019-02-15,2019-03-10,23,EUR,DE,Music,Pop,Cologne,City,Support our new pop project and help us share the music with listeners.,1
1879,39,109,4990.12,2019-08-28,2019-09-14,17,NZD,NZ,Music,Hip-Hop,Auckland,City,Support our new hip-hop project and help us share the music with listeners.,1
1880,17,135,19261.3,2018-04-04,2018-05-04,30,CAD,CA,Art,Mixed Media,Calgary,Suburb,"A new mixed media project exploring creative ideas, materials and visual storytelling.",1
1881,52,36,12118.99,2020-04-17,2020-05-26,39,USD,US,Publishing,Nonfiction,Boston,City,We are creating a new nonfiction book and bringing the project to readers.,1
1882,54,132,1730.66,2019-05-15,2019-06-22,38,USD,US,Art,Mixed Media,Seattle,City,"A new mixed media project exploring creative ideas, materials and visual storytelling.",1
1883,30,131,10137.36,2019-06-20,2019-08-02,43,USD,US,Journalism,Investigative,Seattle,City,A new investigative project focused on independent stories and community voices.,1
1884,23,115,15934.05,2019-01-22,2019-03-21,58,USD,US,Games,Video Games,Boston,County,"A new video games experience built for players, families and communities.",1
1885,46,40,5246.4,2018-12-30,2019-02-22,54,USD,US,Film & Video,Documentary,Los Angeles,Town,Help us bring this original documentary story to life for a wider audience.,0
1886,8,86,50391.53,2020-04-16,2020-05-26,40,GBP,GB,Art,Illustration,London,County,"A new illustration project exploring creative ideas, materials and visual storytelling.",0
1887,41,77,25382.68,2018-07-06,2018-08-27,52,CAD,CA,Theater,Plays,Vancouver,City,A new plays production bringing an original story to the stage.,0
1888,57,143,7810.29,2019-04-20,2019-06-08,49,USD,US,Photography,Photobooks,Austin,Suburb,"A new photobooks project documenting people, places and memorable stories.",1
1889,29,72,14762.11,2018-02-15,2018-03-24,37,CAD,CA,Technology,Hardware,Montreal,City,Introducing a new hardware project designed to make everyday work easier.,1
1890,39,125,6695.32,2019-05-30,2019-06-17,18,USD,US,Food,Food,Austin,Town,We are developing a new food project for people who love great food.,1
1891,37,99,8475.99,2019-10-29,2019-12-24,56,USD,US,Crafts,Crochet,Boston,Suburb,A new crochet project making useful and creative handmade products.,1
1892,51,140,8973.4,2020-04-11,2020-05-09,28,USD,US,Food,Drinks,Austin,City,We are developing a new drinks project for people who love great food.,0
1893,37,115,771.97,2021-02-09,2021-04-03,53,GBP,GB,Theater,Musicals,Bristol,Suburb,A new musicals production bringing an original story to the stage.,1
1894,30,89,12520.64,2018-09-15,2018-10-06,21,USD,US,Design,Graphic Design,Chicago,County,We are creating a practical graphic design with a fresh and thoughtful design.,1
1895,12,85,19655.07,2020-08-01,2020-08-23,22,USD,US,Art,Illustration,Chicago,Town,"A new illustration project exploring creative ideas, materials and visual storytelling.",1
1896,36,95,544692.58,2018-10-03,2018-11-28,56,USD,US,Film & Video,Webseries,Boston,City,Help us bring this original webseries story to life for a wider audience.,0
1897,34,15,23729.65,2020-08-07,2020-09-09,33,EUR,IT,Design,Graphic Design,Milan,City,We are creating a practical graphic design with a fresh and thoughtful design.,1
1898,4,151,4361.81,2019-04-07,2019-04-23,16,USD,US,Fashion,Accessories,Los Angeles,City,"A new accessories collection focused on creativity, quality and original ideas.",1
1899,20,147,943.32,2018-05-22,2018-06-06,15,AUD,AU,Fashion,Apparel,Brisbane,Town,"A new apparel collection focused on creativity, quality and original ideas.",0
1900,26,110,2334.12,2018-11-29,2019-01-24,56,AUD,AU,Food,Restaurants,Melbourne,City,We are developing a new restaurants project for people who love great food.,1
1901,26,136,5534.52,2021-01-24,2021-03-17,52,EUR,IT,Games,Video Games,Rome,City,"A new video games experience built for players, families and communities.",1
1902,35,107,5689.63,2020-10-01,2020-10-28,27,EUR,IE,Comics,Comic Books,Dublin,City,"A new comic books project featuring original characters, artwork and storytelling.",0
1903,33,121,8305.31,2018-11-21,2019-01-16,56,USD,US,Games,Mobile Games,Boston,City,"A new mobile games experience built for players, families and communities.",1
1904,34,138,6432.29,2019-03-18,2019-05-15,58,USD,US,Photography,Nature,Austin,County,"A new nature project documenting people, places and memorable stories.",0
1905,69,101,8389.76,2018-08-19,2018-09-26,38,SEK,SE,Theater,Experimental Theater,Malmo,City,A new experimental theater production bringing an original story to the stage.,0
1906,28,131,6235.92,2020-05-24,2020-07-09,46,GBP,GB,Music,Pop,Edinburgh,Suburb,Support our new pop project and help us share the music with listeners.,1
1907,22,54,12347.47,2020-06-19,2020-08-02,44,CAD,CA,Journalism,Audio,Calgary,Town,A new audio project focused on independent stories and community voices.,0
1908,59,114,2958.37,2018-02-24,2018-03-16,20,AUD,AU,Games,Tabletop Games,Perth,Town,"A new tabletop games experience built for players, families and communities.",0
1909,57,108,1705.42,2019-02-11,2019-04-04,52,AUD,AU,Publishing,Fiction,Melbourne,Zip,We are creating a new fiction book and bringing the project to readers.,1
1910,19,98,8297.14,2018-08-09,2018-09-25,47,EUR,IE,Journalism,Print,Dublin,City,A new print project focused on independent stories and community voices.,1
1911,53,102,23512.85,2019-04-29,2019-06-26,58,USD,IN,Theater,Experimental Theater,Chennai,City,A new experimental theater production bringing an original story to the stage.,1
1912,7,101,2117.84,2020-05-11,2020-06-17,37,EUR,DE,Journalism,Investigative,Munich,Town,A new investigative project focused on independent stories and community voices.,0
1913,78,141,4924.77,2020-05-21,2020-06-14,24,USD,US,Film & Video,Webseries,Los Angeles,City,Help us bring this original webseries story to life for a wider audience.,1
1914,62,106,9567.59,2021-03-25,2021-05-24,60,EUR,NL,Art,Mixed Media,Utrecht,Island,"A new mixed media project exploring creative ideas, materials and visual storytelling.",0
1915,43,151,9216.09,2021-03-18,2021-04-16,29,USD,US,Film & Video,Feature Film,San Francisco,Suburb,Help us bring this original feature film story to life for a wider audience.,1
1916,48,80,38544.75,2018-03-03,2018-04-09,37,USD,US,Journalism,Investigative,San Francisco,City,A new investigative project focused on independent stories and community voices.,1
1917,42,125,51503.07,2021-03-23,2021-05-12,50,SEK,SE,Design,Product Design,Malmo,LocalAdmin,We are creating a practical product design with a fresh and thoughtful design.,0
1918,25,135,16929.16,2021-01-21,2021-02-05,15,USD,US,Fashion,Accessories,New York,City,"A new accessories collection focused on creativity, quality and original ideas.",1
1919,53,96,78218.41,2019-09-27,2019-10-19,22,USD,US,Journalism,Audio,Boston,Suburb,A new audio project focused on independent stories and community voices.,1
1920,55,72,6772.85,2020-12-15,2021-01-01,17,USD,US,Film & Video,Webseries,Seattle,City,Help us bring this original webseries story to life for a wider audience.,1
1921,24,94,44133.27,2018-04-27,2018-05-25,28,EUR,NL,Technology,Software,Amsterdam,City,Introducing a new software project designed to make everyday work easier.,1
1922,35,68,4640.1,2021-01-23,2021-02-23,31,GBP,GB,Theater,Experimental Theater,Edinburgh,Town,A new experimental theater production bringing an original story to the stage.,0
1923,17,83,18986.49,2019-07-24,2019-09-10,48,AUD,AU,Design,Graphic Design,Brisbane,Suburb,We are creating a practical graphic design with a fresh and thoughtful design.,1
1924,34,120,32566.92,2019-05-29,2019-06-18,20,USD,US,Film & Video,Short Film,Los Angeles,Town,Help us bring this original short film story to life for a wider audience.,1
1925,31,151,13091.1,2019-06-06,2019-06-25,19,EUR,DE,Games,Video Games,Berlin,Suburb,"A new video games experience built for players, families and communities.",1
1926,54,151,2688.99,2020-12-06,2021-02-04,60,EUR,FR,Crafts,Crochet,Paris,City,A new crochet project making useful and creative handmade products.,1
1927,59,90,898.03,2021-01-15,2021-03-11,55,USD,US,Food,Drinks,Austin,City,We are developing a new drinks project for people who love great food.,0
1928,19,136,28449.15,2020-11-29,2021-01-22,54,USD,US,Comics,Comic Books,San Francisco,LocalAdmin,"A new comic books project featuring original characters, artwork and storytelling.",1
1929,47,97,7859.48,2020-04-07,2020-05-20,43,USD,US,Music,Rock,Austin,City,Support our new rock project and help us share the music with listeners.,1
1930,48,82,8761.76,2019-03-06,2019-04-24,49,USD,IN,Film & Video,Short Film,Delhi,City,Help us bring this original short film story to life for a wider audience.,1
1931,9,106,122740.89,2019-06-28,2019-07-30,32,AUD,AU,Publishing,Fiction,Melbourne,LocalAdmin,We are creating a new fiction book and bringing the project to readers.,1
1932,49,42,2768.35,2018-10-26,2018-12-19,54,EUR,IE,Comics,Comic Books,Cork,City,"A new comic books project featuring original characters, artwork and storytelling.",0
1933,13,58,37805.44,2018-07-11,2018-08-24,44,USD,US,Theater,Experimental Theater,San Francisco,City,A new experimental theater production bringing an original story to the stage.,1
1934,27,135,3824.6,2021-02-26,2021-03-27,29,EUR,FR,Technology,Software,Paris,City,Introducing a new software project designed to make everyday work easier.,1
1935,21,149,9116.45,2019-10-31,2019-11-29,29,EUR,FR,Dance,Experimental,Toulouse,City,"A new experimental project combining movement, performance and original ideas.",1
1936,11,33,2229.46,2020-06-05,2020-07-05,30,AUD,AU,Film & Video,Short Film,Perth,City,Help us bring this original short film story to life for a wider audience.,1
1937,52,151,3783.44,2019-05-22,2019-07-08,47,USD,IN,Crafts,Candles,Delhi,LocalAdmin,A new candles project making useful and creative handmade products.,0
1938,21,143,22769.78,2019-12-10,2020-01-03,24,USD,US,Comics,Graphic Novels,San Francisco,City,"A new graphic novels project featuring original characters, artwork and storytelling.",0
1939,29,98,89174.9,2018-07-04,2018-08-06,33,USD,US,Music,Classical,Los Angeles,City,Support our new classical project and help us share the music with listeners.,0
1940,35,122,23134.77,2020-06-28,2020-08-18,51,AUD,AU,Journalism,Print,Perth,City,A new print project focused on independent stories and community voices.,1
1941,46,151,19277.78,2019-04-10,2019-04-27,17,EUR,DE,Film & Video,Feature Film,Munich,Town,Help us bring this original feature film story to life for a wider audience.,1
1942,20,145,623884.63,2019-02-18,2019-04-09,50,CAD,CA,Art,Mixed Media,Toronto,City,"A new mixed media project exploring creative ideas, materials and visual storytelling.",1
1943,42,123,28610.77,2020-03-31,2020-04-18,18,USD,US,Technology,Hardware,Los Angeles,LocalAdmin,Introducing a new hardware project designed to make everyday work easier.,0
1944,32,89,2822.98,2020-06-10,2020-07-05,25,GBP,GB,Theater,Plays,Manchester,City,A new plays production bringing an original story to the stage.,0
1945,20,96,883.22,2019-12-18,2020-02-11,55,USD,US,Food,Restaurants,Austin,City,We are developing a new restaurants project for people who love great food.,1
1946,50,129,21597.74,2020-08-27,2020-10-13,47,USD,US,Crafts,Crochet,Los Angeles,County,A new crochet project making useful and creative handmade products.,1
1947,66,124,1356.35,2019-07-10,2019-08-21,42,AUD,AU,Photography,Fine Art,Melbourne,City,"A new fine art project documenting people, places and memorable stories.",1
1948,38,143,2541.23,2018-10-01,2018-11-16,46,EUR,DE,Photography,Photobooks,Berlin,City,"A new photobooks project documenting people, places and memorable stories.",1
1949,26,65,19202.18,2020-01-29,2020-02-28,30,USD,US,Publishing,Fiction,Los Angeles,Town,We are creating a new fiction book and bringing the project to readers.,1
1950,24,121,60146.7,2018-04-10,2018-05-03,23,USD,US,Comics,Comic Books,Los Angeles,City,"A new comic books project featuring original characters, artwork and storytelling.",1
1951,47,130,7706.62,2019-05-19,2019-06-13,25,USD,US,Crafts,Crochet,Austin,City,A new crochet project making useful and creative handmade products.,1
1952,35,101,1850.39,2019-07-22,2019-08-11,20,USD,US,Design,Product Design,Chicago,City,We are creating a practical product design with a fresh and thoughtful design.,1
1953,19,151,9563.07,2018-05-13,2018-06-23,41,EUR,FR,Music,Pop,Toulouse,City,Support our new pop project and help us share the music with listeners.,1
1954,10,82,7870.88,2018-03-28,2018-04-23,26,NZD,NZ,Food,Food,Auckland,City,We are developing a new food project for people who love great food.,1
1955,41,106,14401.49,2019-06-01,2019-07-07,36,USD,US,Journalism,Print,San Francisco,City,A new print project focused on independent stories and community voices.,1
1956,16,130,1860.86,2019-02-21,2019-04-16,54,EUR,DE,Film & Video,Documentary,Munich,City,Help us bring this original documentary story to life for a wider audience.,0
1957,29,134,3278.3,2018-05-10,2018-06-30,51,SEK,SE,Film & Video,Short Film,Malmo,County,Help us bring this original short film story to life for a wider audience.,1
1958,59,101,58640.25,2018-04-30,2018-06-04,35,EUR,ES,Photography,Fine Art,Seville,Suburb,"A new fine art project documenting people, places and memorable stories.",0
1959,23,101,39050.08,2020-10-01,2020-11-17,47,USD,US,Film & Video,Documentary,Austin,City,Help us bring this original documentary story to life for a wider audience.,1
1960,51,129,72911.17,2018-12-15,2019-01-15,31,NOK,NO,Theater,Experimental Theater,Oslo,City,A new experimental theater production bringing an original story to the stage.,1
1961,20,122,681.57,2020-10-20,2020-12-02,43,USD,US,Food,Food,Boston,Suburb,We are developing a new food project for people who love great food.,1
1962,48,111,3038.62,2019-09-21,2019-11-14,54,USD,US,Art,Illustration,San Francisco,City,"A new illustration project exploring creative ideas, materials and visual storytelling.",0
1963,44,52,55746.58,2018-04-02,2018-04-26,24,USD,US,Dance,Dance Training,Austin,Suburb,"A new dance training project combining movement, performance and original ideas.",1
1964,42,112,30054.76,2020-05-23,2020-06-24,32,GBP,GB,Publishing,Fiction,Bristol,Town,We are creating a new fiction book and bringing the project to readers.,1
1965,26,151,22561.17,2019-09-04,2019-10-01,27,USD,US,Fashion,Apparel,New York,Town,"A new apparel collection focused on creativity, quality and original ideas.",1
1966,45,126,6842.85,2019-07-12,2019-08-22,41,USD,US,Games,Video Games,Los Angeles,County,"A new video games experience built for players, families and communities.",0
1967,41,85,4588.9,2020-08-27,2020-09-20,24,USD,US,Publishing,Fiction,San Francisco,LocalAdmin,We are creating a new fiction book and bringing the project to readers.,0
1968,63,64,12614.72,2018-09-08,2018-10-24,46,EUR,IT,Comics,Comic Books,Florence,City,"A new comic books project featuring original characters, artwork and storytelling.",1
1969,26,137,5987.73,2018-12-31,2019-02-24,55,EUR,NL,Art,Illustration,Amsterdam,Zip,"A new illustration project exploring creative ideas, materials and visual storytelling.",0
1970,54,94,27207.14,2018-05-02,2018-06-30,59,USD,US,Publishing,Fiction,Chicago,City,We are creating a new fiction book and bringing the project to readers.,0
1971,21,148,12710.89,2020-11-26,2020-12-13,17,EUR,NL,Journalism,Investigative,Utrecht,LocalAdmin,A new investigative project focused on independent stories and community voices.,1
1972,31,147,2663.43,2020-08-19,2020-09-24,36,EUR,NL,Photography,Photobooks,Rotterdam,City,"A new photobooks project documenting people, places and memorable stories.",1
1973,25,104,32106.7,2019-04-07,2019-05-18,41,EUR,FR,Technology,Gadgets,Toulouse,City,Introducing a new gadgets project designed to make everyday work easier.,1
1974,28,118,83850.84,2020-05-23,2020-06-09,17,USD,US,Comics,Graphic Novels,Chicago,City,"A new graphic novels project featuring original characters, artwork and storytelling.",1
1975,33,121,92991.62,2019-11-26,2020-01-12,47,AUD,AU,Film & Video,Short Film,Perth,City,Help us bring this original short film story to life for a wider audience.,1
1976,57,72,34079.94,2020-10-20,2020-11-05,16,DKK,DK,Crafts,Crochet,Aarhus,Town,A new crochet project making useful and creative handmade products.,1
1977,42,151,34809.14,2018-02-02,2018-02-27,25,AUD,AU,Journalism,Investigative,Melbourne,City,A new investigative project focused on independent stories and community voices.,0
1978,54,123,1983.82,2019-07-03,2019-09-01,60,USD,US,Comics,Comic Books,Chicago,City,"A new comic books project featuring original characters, artwork and storytelling.",1
1979,35,113,4239.04,2020-02-25,2020-03-20,24,GBP,GB,Technology,Hardware,Edinburgh,City,Introducing a new hardware project designed to make everyday work easier.,1
1980,54,138,9243.97,2019-01-18,2019-03-12,53,AUD,AU,Music,Classical,Brisbane,City,Support our new classical project and help us share the music with listeners.,1
1981,38,117,30066.05,2020-04-08,2020-05-25,47,GBP,GB,Film & Video,Webseries,Edinburgh,City,Help us bring this original webseries story to life for a wider audience.,0
1982,23,75,4732.14,2018-03-30,2018-04-20,21,USD,US,Publishing,Nonfiction,Chicago,Suburb,We are creating a new nonfiction book and bringing the project to readers.,1
1983,51,84,7456.72,2019-08-16,2019-09-14,29,USD,US,Publishing,Fiction,Portland,Town,We are creating a new fiction book and bringing the project to readers.,1
1984,57,44,28568.57,2020-11-11,2020-12-21,40,EUR,IT,Comics,Graphic Novels,Turin,City,"A new graphic novels project featuring original characters, artwork and storytelling.",1
1985,45,110,14841.48,2019-12-22,2020-01-16,25,EUR,NL,Crafts,DIY,Amsterdam,Suburb,A new diy project making useful and creative handmade products.,0
1986,47,125,20133.86,2021-01-25,2021-03-18,52,USD,US,Music,Classical,Boston,City,Support our new classical project and help us share the music with listeners.,1
1987,54,102,3592.87,2019-10-13,2019-11-23,41,NOK,NO,Film & Video,Short Film,Trondheim,City,Help us bring this original short film story to life for a wider audience.,1
1988,31,73,7302.24,2018-07-03,2018-08-25,53,USD,US,Technology,Apps,Seattle,City,Introducing a new apps project designed to make everyday work easier.,1
1989,24,93,5795.72,2019-12-19,2020-01-09,21,AUD,AU,Dance,Dance Training,Brisbane,City,"A new dance training project combining movement, performance and original ideas.",1
1990,40,97,11982.6,2020-03-02,2020-03-17,15,EUR,DE,Publishing,Nonfiction,Berlin,City,We are creating a new nonfiction book and bringing the project to readers.,1
1991,61,134,6132.24,2020-05-10,2020-06-03,24,EUR,IT,Technology,Software,Turin,Zip,Introducing a new software project designed to make everyday work easier.,1
1992,40,151,4969.03,2021-02-26,2021-04-02,35,DKK,DK,Art,Illustration,Aarhus,LocalAdmin,"A new illustration project exploring creative ideas, materials and visual storytelling.",0
1993,44,26,14566.14,2018-12-14,2019-01-12,29,USD,US,Publishing,Children's Books,Chicago,City,We are creating a new children's books book and bringing the project to readers.,1
1994,36,106,309462.73,2019-01-26,2019-03-11,44,EUR,NL,Technology,Apps,Amsterdam,LocalAdmin,Introducing a new apps project designed to make everyday work easier.,1
1995,39,90,29649.26,2019-04-30,2019-06-13,44,USD,US,Design,Product Design,New York,City,We are creating a practical product design with a fresh and thoughtful design.,0
1996,27,100,760.01,2019-05-06,2019-05-28,22,EUR,DE,Photography,Nature,Munich,City,"A new nature project documenting people, places and memorable stories.",1
1997,43,133,20685.11,2019-01-11,2019-02-18,38,EUR,DE,Games,Mobile Games,Hamburg,City,"A new mobile games experience built for players, families and communities.",1
1998,48,93,5402.22,2020-05-11,2020-06-13,33,AUD,AU,Food,Restaurants,Perth,City,We are developing a new restaurants project for people who love great food.,0
1999,12,129,2790.56,2018-04-07,2018-04-24,17,USD,US,Photography,Photobooks,Austin,LocalAdmin,"A new photobooks project documenting people, places and memorable stories.",0
2000,12,151,35726.01,2019-09-09,2019-10-08,29,EUR,NL,Theater,Experimental Theater,Utrecht,City,A new experimental theater production bringing an original story to the stage.,1
2001,9,94,13524.98,2020-01-06,2020-02-25,50,USD,US,Games,Video Games,Los Angeles,City,"A new video games experience built for players, families and communities.",1
2002,57,101,566106.82,2019-08-07,2019-08-27,20,USD,US,Journalism,Investigative,Los Angeles,Town,A new investigative project focused on independent stories and community voices.,1
2003,21,101,10052.1,2020-11-01,2020-12-27,56,EUR,DE,Technology,Hardware,Munich,LocalAdmin,Introducing a new hardware project designed to make everyday work easier.,1
2004,40,151,8450.76,2020-03-16,2020-04-17,32,GBP,GB,Games,Tabletop Games,London,City,"A new tabletop games experience built for players, families and communities.",1
2005,62,93,76744.91,2018-01-19,2018-03-12,52,EUR,ES,Theater,Experimental Theater,Madrid,City,A new experimental theater production bringing an original story to the stage.,1
2006,40,151,12415.7,2020-12-19,2021-01-21,33,USD,US,Film & Video,Short Film,Boston,City,Help us bring this original short film story to life for a wider audience.,1
2007,43,107,2330.74,2018-04-15,2018-05-29,44,USD,US,Dance,Performances,Portland,LocalAdmin,"A new performances project combining movement, performance and original ideas.",1
2008,22,113,3064.01,2018-01-27,2018-02-23,27,EUR,ES,Design,Architecture,Seville,City,We are creating a practical architecture with a fresh and thoughtful design.,1
2009,40,133,7212.59,2021-01-03,2021-02-25,53,GBP,GB,Art,Sculpture,London,City,"A new sculpture project exploring creative ideas, materials and visual storytelling.",1
2010,20,97,33256.36,2020-06-12,2020-07-08,26,USD,US,Technology,Apps,Los Angeles,City,Introducing a new apps project designed to make everyday work easier.,1
2011,6,137,86202.94,2020-07-28,2020-09-14,48,EUR,DE,Art,Sculpture,Berlin,County,"A new sculpture project exploring creative ideas, materials and visual storytelling.",0
2012,36,100,41592.84,2019-02-27,2019-03-25,26,GBP,GB,Crafts,DIY,London,City,A new diy project making useful and creative handmade products.,0
2013,40,76,28943.81,2020-09-05,2020-11-02,58,CAD,CA,Publishing,Children's Books,Vancouver,Suburb,We are creating a new children's books book and bringing the project to readers.,0
2014,27,139,65697.69,2019-08-18,2019-09-25,38,GBP,GB,Technology,Hardware,Bristol,City,Introducing a new hardware project designed to make everyday work easier.,1
2015,24,126,31428.79,2019-06-09,2019-06-27,18,EUR,ES,Food,Food,Seville,Suburb,We are developing a new food project for people who love great food.,0
2016,32,90,2959.15,2018-07-05,2018-08-24,50,EUR,ES,Technology,Hardware,Valencia,Suburb,Introducing a new hardware project designed to make everyday work easier.,1
2017,24,143,8522.69,2018-10-14,2018-11-11,28,EUR,DE,Comics,Webcomics,Berlin,Suburb,"A new webcomics project featuring original characters, artwork and storytelling.",1
2018,46,78,5399.33,2019-03-15,2019-04-15,31,USD,US,Dance,Experimental,Portland,City,"A new experimental project combining movement, performance and original ideas.",0
2019,42,121,84896.69,2019-08-04,2019-08-21,17,EUR,ES,Comics,Comic Books,Valencia,City,"A new comic books project featuring original characters, artwork and storytelling.",0
2020,59,57,2732.64,2020-10-07,2020-11-28,52,AUD,AU,Technology,Apps,Perth,LocalAdmin,Introducing a new apps project designed to make everyday work easier.,0
2021,30,96,2816.18,2019-01-31,2019-03-09,37,AUD,AU,Design,Product Design,Melbourne,City,We are creating a practical product design with a fresh and thoughtful design.,1
2022,36,83,15616.02,2019-12-08,2020-01-04,27,USD,US,Games,Tabletop Games,Boston,City,"A new tabletop games experience built for players, families and communities.",1
2023,38,70,238623.91,2018-01-17,2018-02-09,23,EUR,NL,Art,Illustration,Rotterdam,City,"A new illustration project exploring creative ideas, materials and visual storytelling.",1
2024,29,109,37486.74,2018-09-18,2018-10-23,35,EUR,DE,Design,Product Design,Hamburg,County,We are creating a practical product design with a fresh and thoughtful design.,0
2025,5,118,60310.41,2018-04-03,2018-05-28,55,USD,US,Technology,Gadgets,Portland,City,Introducing a new gadgets project designed to make everyday work easier.,1
2026,42,126,2158.39,2018-10-11,2018-11-02,22,USD,US,Theater,Plays,Austin,City,A new plays production bringing an original story to the stage.,1
2027,70,108,33836.8,2020-04-06,2020-05-07,31,SEK,SE,Games,Video Games,Gothenburg,LocalAdmin,"A new video games experience built for players, families and communities.",1
2028,50,121,2143.76,2018-07-06,2018-08-05,30,USD,US,Theater,Experimental Theater,San Francisco,City,A new experimental theater production bringing an original story to the stage.,1
2029,64,74,37257.63,2020-01-09,2020-02-08,30,USD,IN,Art,Mixed Media,Delhi,City,"A new mixed media project exploring creative ideas, materials and visual storytelling.",1
2030,48,82,1051.38,2019-12-08,2020-01-19,42,AUD,AU,Games,Video Games,Melbourne,City,"A new video games experience built for players, families and communities.",1
2031,33,107,7094.14,2018-02-25,2018-03-27,30,CAD,CA,Food,Food,Toronto,Zip,We are developing a new food project for people who love great food.,1
2032,44,82,497.87,2020-07-04,2020-09-02,60,USD,US,Dance,Dance Training,New York,City,"A new dance training project combining movement, performance and original ideas.",1
2033,51,108,3045.31,2021-03-26,2021-05-25,60,USD,US,Photography,Photobooks,Chicago,City,"A new photobooks project documenting people, places and memorable stories.",1
2034,11,88,1318.86,2018-01-30,2018-02-27,28,DKK,DK,Music,Classical,Odense,City,Support our new classical project and help us share the music with listeners.,0
2035,42,103,32925.26,2021-01-24,2021-03-25,60,USD,US,Journalism,Audio,Chicago,City,A new audio project focused on independent stories and community voices.,1
2036,34,58,13890.55,2020-10-14,2020-12-11,58,EUR,FR,Design,Graphic Design,Marseille,Island,We are creating a practical graphic design with a fresh and thoughtful design.,1
2037,57,57,5813.76,2018-05-24,2018-07-15,52,USD,US,Publishing,Children's Books,Seattle,County,We are creating a new children's books book and bringing the project to readers.,1
2038,41,86,14388.75,2021-03-16,2021-04-19,34,USD,US,Design,Architecture,Los Angeles,County,We are creating a practical architecture with a fresh and thoughtful design.,1
2039,1,68,3310.01,2019-11-28,2020-01-26,59,USD,US,Music,Hip-Hop,San Francisco,LocalAdmin,Support our new hip-hop project and help us share the music with listeners.,1
2040,42,29,19762.59,2019-08-12,2019-10-06,55,GBP,GB,Photography,Nature,London,Suburb,"A new nature project documenting people, places and memorable stories.",1
2041,4,122,10638.03,2019-01-16,2019-03-05,48,USD,IN,Fashion,Apparel,Delhi,City,"A new apparel collection focused on creativity, quality and original ideas.",1
2042,54,137,411699.02,2021-01-29,2021-03-13,43,USD,US,Film & Video,Feature Film,Austin,City,Help us bring this original feature film story to life for a wider audience.,1
2043,23,134,150935.58,2018-05-02,2018-05-19,17,USD,US,Food,Restaurants,Boston,Suburb,We are developing a new restaurants project for people who love great food.,1
2044,18,104,51561.46,2018-12-23,2019-01-16,24,USD,US,Theater,Musicals,Los Angeles,City,A new musicals production bringing an original story to the stage.,1
2045,23,103,18878.19,2018-07-03,2018-08-06,34,GBP,GB,Technology,Gadgets,Edinburgh,City,Introducing a new gadgets project designed to make everyday work easier.,1
2046,22,111,23022.23,2018-05-31,2018-06-16,16,USD,US,Food,Drinks,Boston,City,We are developing a new drinks project for people who love great food.,1
2047,33,88,82128.49,2020-07-03,2020-08-13,41,EUR,NL,Music,Rock,Rotterdam,Suburb,Support our new rock project and help us share the music with listeners.,1
2048,22,53,18756.26,2018-05-07,2018-06-22,46,GBP,GB,Technology,Hardware,Edinburgh,Zip,Introducing a new hardware project designed to make everyday work easier.,1
2049,30,144,20632.92,2020-06-13,2020-07-07,24,GBP,GB,Publishing,Fiction,Edinburgh,Suburb,We are creating a new fiction book and bringing the project to readers.,0
2050,12,108,4910.44,2021-02-18,2021-04-13,54,USD,US,Comics,Graphic Novels,New York,City,"A new graphic novels project featuring original characters, artwork and storytelling.",1
2051,31,107,4135.32,2019-04-02,2019-05-03,31,USD,IN,Games,Tabletop Games,Delhi,City,"A new tabletop games experience built for players, families and communities.",1
2052,56,98,10162.43,2021-01-25,2021-03-13,47,USD,US,Film & Video,Short Film,Portland,Suburb,Help us bring this original short film story to life for a wider audience.,0
2053,28,126,208.47,2019-08-23,2019-09-12,20,USD,US,Dance,Experimental,Boston,City,"A new experimental project combining movement, performance and original ideas.",0
2054,44,104,11471.34,2019-08-29,2019-10-21,53,AUD,AU,Dance,Dance Training,Brisbane,Island,"A new dance training project combining movement, performance and original ideas.",0
2055,16,93,8244.65,2018-09-22,2018-10-24,32,CAD,CA,Music,Classical,Toronto,Town,Support our new classical project and help us share the music with listeners.,1
2056,44,98,46871.18,2020-12-18,2021-01-10,23,USD,US,Food,Drinks,Boston,City,We are developing a new drinks project for people who love great food.,1
2057,52,110,80085.22,2021-02-03,2021-02-25,22,USD,US,Dance,Dance Training,Chicago,Zip,"A new dance training project combining movement, performance and original ideas.",1
2058,56,73,645886.83,2020-07-11,2020-08-19,39,EUR,FR,Publishing,Nonfiction,Marseille,Suburb,We are creating a new nonfiction book and bringing the project to readers.,0
2059,38,150,29464.73,2018-03-17,2018-05-01,45,USD,US,Theater,Plays,Boston,Suburb,A new plays production bringing an original story to the stage.,0
2060,45,90,15188.65,2020-11-07,2021-01-02,56,EUR,IT,Fashion,Apparel,Turin,Zip,"A new apparel collection focused on creativity, quality and original ideas.",1
2061,16,84,4989.71,2020-07-10,2020-07-28,18,AUD,AU,Design,Graphic Design,Sydney,County,We are creating a practical graphic design with a fresh and thoughtful design.,1
2062,29,97,2360.91,2018-06-06,2018-07-10,34,USD,US,Crafts,Candles,Los Angeles,Zip,A new candles project making useful and creative handmade products.,1
2063,23,135,49497.92,2018-11-17,2018-12-29,42,GBP,GB,Publishing,Nonfiction,Manchester,Suburb,We are creating a new nonfiction book and bringing the project to readers.,0
2064,40,100,11500.11,2018-01-31,2018-03-26,54,USD,US,Technology,Apps,Chicago,Suburb,Introducing a new apps project designed to make everyday work easier.,1
2065,27,143,23185.49,2019-08-19,2019-09-03,15,EUR,DE,Journalism,Investigative,Cologne,Suburb,A new investigative project focused on independent stories and community voices.,1
2066,45,98,12350.41,2019-06-16,2019-08-09,54,GBP,GB,Music,Hip-Hop,Bristol,City,Support our new hip-hop project and help us share the music with listeners.,0
2067,72,65,12860.23,2020-08-08,2020-10-05,58,USD,US,Comics,Graphic Novels,Boston,County,"A new graphic novels project featuring original characters, artwork and storytelling.",1
2068,44,83,16855.82,2020-03-05,2020-04-11,37,CAD,CA,Games,Video Games,Vancouver,Zip,"A new video games experience built for players, families and communities.",1
2069,56,87,23083.89,2020-10-17,2020-11-13,27,USD,IN,Journalism,Audio,Hyderabad,City,A new audio project focused on independent stories and community voices.,1
2070,17,127,51574.27,2018-07-09,2018-08-08,30,USD,US,Games,Video Games,San Francisco,Town,"A new video games experience built for players, families and communities.",1
2071,34,94,1776.83,2019-02-04,2019-03-16,40,NZD,NZ,Art,Sculpture,Wellington,Town,"A new sculpture project exploring creative ideas, materials and visual storytelling.",1
2072,38,73,29764.96,2019-03-21,2019-05-05,45,USD,US,Journalism,Print,Austin,City,A new print project focused on independent stories and community voices.,1
2073,36,65,1629.53,2018-10-22,2018-11-06,15,USD,US,Crafts,Woodworking,Austin,City,A new woodworking project making useful and creative handmade products.,1
2074,63,53,35591.67,2020-02-26,2020-03-28,31,USD,US,Food,Restaurants,Seattle,City,We are developing a new restaurants project for people who love great food.,1
2075,24,151,19712.65,2018-01-06,2018-02-05,30,USD,US,Fashion,Apparel,Boston,Zip,"A new apparel collection focused on creativity, quality and original ideas.",1
2076,40,86,10656.48,2020-10-06,2020-11-26,51,USD,US,Design,Product Design,San Francisco,Island,We are creating a practical product design with a fresh and thoughtful design.,1
2077,1,121,11322.1,2020-04-07,2020-05-01,24,USD,US,Design,Architecture,Boston,City,We are creating a practical architecture with a fresh and thoughtful design.,1
2078,41,72,14837.02,2020-05-10,2020-07-01,52,NZD,NZ,Fashion,Apparel,Wellington,County,"A new apparel collection focused on creativity, quality and original ideas.",1
2079,43,145,65100.45,2021-03-03,2021-04-30,58,EUR,ES,Theater,Experimental Theater,Seville,City,A new experimental theater production bringing an original story to the stage.,0
2080,34,82,56752.93,2018-07-19,2018-09-02,45,EUR,DE,Film & Video,Feature Film,Hamburg,City,Help us bring this original feature film story to life for a wider audience.,1
2081,41,151,47336.22,2020-05-20,2020-06-13,24,USD,US,Art,Painting,Austin,Island,"A new painting project exploring creative ideas, materials and visual storytelling.",1
2082,27,151,1488.82,2020-09-01,2020-10-19,48,USD,US,Games,Tabletop Games,Chicago,City,"A new tabletop games experience built for players, families and communities.",1
2083,17,75,29312.97,2019-01-11,2019-01-31,20,USD,US,Crafts,Crochet,Chicago,LocalAdmin,A new crochet project making useful and creative handmade products.,1
2084,20,145,291.82,2020-10-20,2020-12-01,42,EUR,DE,Dance,Performances,Hamburg,City,"A new performances project combining movement, performance and original ideas.",1
2085,22,151,441.46,2020-05-31,2020-07-12,42,EUR,IE,Journalism,Audio,Galway,City,A new audio project focused on independent stories and community voices.,1
2086,16,60,68512.03,2019-12-03,2019-12-30,27,USD,US,Art,Sculpture,San Francisco,County,"A new sculpture project exploring creative ideas, materials and visual storytelling.",1
2087,15,63,1274.01,2018-03-25,2018-05-19,55,USD,US,Publishing,Fiction,Portland,City,We are creating a new fiction book and bringing the project to readers.,1
2088,23,45,9090.82,2018-08-02,2018-08-28,26,GBP,GB,Music,Pop,Manchester,LocalAdmin,Support our new pop project and help us share the music with listeners.,0
2089,30,80,105809.03,2018-05-26,2018-07-19,54,USD,US,Journalism,Investigative,San Francisco,City,A new investigative project focused on independent stories and community voices.,0
2090,37,78,29658.42,2020-10-31,2020-11-16,16,USD,US,Crafts,Candles,New York,Zip,A new candles project making useful and creative handmade products.,0
2091,17,98,21293.61,2020-06-29,2020-07-21,22,CAD,CA,Comics,Graphic Novels,Montreal,Suburb,"A new graphic novels project featuring original characters, artwork and storytelling.",1
2092,21,70,11029.29,2019-01-18,2019-03-15,56,EUR,DE,Comics,Comic Books,Cologne,City,"A new comic books project featuring original characters, artwork and storytelling.",1
2093,26,129,14585.66,2019-05-12,2019-06-04,23,USD,US,Technology,Hardware,Chicago,Suburb,Introducing a new hardware project designed to make everyday work easier.,0
2094,42,109,4553.41,2018-05-12,2018-06-03,22,USD,US,Art,Illustration,Boston,City,"A new illustration project exploring creative ideas, materials and visual storytelling.",1
2095,17,121,5706.21,2018-09-18,2018-10-05,17,USD,IN,Food,Drinks,Hyderabad,County,We are developing a new drinks project for people who love great food.,1
2096,27,139,13720.97,2020-07-07,2020-07-30,23,USD,US,Crafts,Crochet,Chicago,County,A new crochet project making useful and creative handmade products.,1
2097,50,116,17203.88,2020-03-23,2020-04-19,27,USD,US,Crafts,Woodworking,Portland,City,A new woodworking project making useful and creative handmade products.,1
2098,23,101,9395.71,2019-06-29,2019-07-22,23,USD,US,Fashion,Footwear,Los Angeles,LocalAdmin,"A new footwear collection focused on creativity, quality and original ideas.",1
2099,16,83,374.78,2018-03-02,2018-04-16,45,USD,US,Publishing,Nonfiction,Portland,City,We are creating a new nonfiction book and bringing the project to readers.,1
2100,34,135,135702.09,2018-09-16,2018-10-25,39,USD,US,Food,Food,San Francisco,Town,We are developing a new food project for people who love great food.,1
2101,23,116,51300.52,2020-12-14,2021-02-10,58,EUR,IT,Publishing,Children's Books,Turin,Suburb,We are creating a new children's books book and bringing the project to readers.,0
2102,1,115,8746.29,2020-01-19,2020-03-18,59,USD,US,Theater,Musicals,Boston,Suburb,A new musicals production bringing an original story to the stage.,1
2103,38,90,53837.5,2020-06-12,2020-07-04,22,GBP,GB,Games,Video Games,Edinburgh,Town,"A new video games experience built for players, families and communities.",1
2104,48,117,6883.94,2020-04-19,2020-06-03,45,AUD,AU,Games,Video Games,Sydney,County,"A new video games experience built for players, families and communities.",1
2105,35,85,19630.67,2019-01-18,2019-03-18,59,GBP,GB,Dance,Performances,Bristol,City,"A new performances project combining movement, performance and original ideas.",1
2106,51,117,608.92,2020-08-20,2020-10-18,59,EUR,NL,Technology,Software,Rotterdam,City,Introducing a new software project designed to make everyday work easier.,1
2107,45,100,17865.01,2020-04-13,2020-05-28,45,EUR,NL,Design,Product Design,Amsterdam,City,We are creating a practical product design with a fresh and thoughtful design.,1
2108,22,129,7758.84,2020-10-07,2020-11-07,31,USD,US,Comics,Graphic Novels,New York,City,"A new graphic novels project featuring original characters, artwork and storytelling.",1
2109,66,68,16825.47,2020-03-16,2020-04-18,33,EUR,FR,Music,Hip-Hop,Lyon,City,Support our new hip-hop project and help us share the music with listeners.,1
2110,40,109,169904.01,2019-11-28,2019-12-15,17,GBP,GB,Games,Mobile Games,Manchester,County,"A new mobile games experience built for players, families and communities.",1
2111,41,129,11668.25,2020-08-22,2020-10-21,60,USD,IN,Food,Restaurants,Delhi,City,We are developing a new restaurants project for people who love great food.,0
2112,20,110,5904.76,2019-12-17,2020-01-30,44,GBP,GB,Crafts,DIY,London,City,A new diy project making useful and creative handmade products.,1
2113,12,65,6007.3,2020-09-03,2020-09-27,24,USD,IN,Music,Pop,Bengaluru,City,Support our new pop project and help us share the music with listeners.,1
2114,19,86,1336.28,2018-11-27,2019-01-09,43,EUR,DE,Photography,Fine Art,Munich,Island,"A new fine art project documenting people, places and memorable stories.",1
2115,49,146,22454.45,2021-01-25,2021-03-20,54,USD,US,Publishing,Children's Books,New York,Suburb,We are creating a new children's books book and bringing the project to readers.,1
2116,61,106,27474.92,2018-09-19,2018-10-21,32,GBP,GB,Games,Tabletop Games,Manchester,City,"A new tabletop games experience built for players, families and communities.",1
2117,39,83,13280.59,2019-10-30,2019-11-25,26,USD,IN,Crafts,DIY,Delhi,Zip,A new diy project making useful and creative handmade products.,0
2118,36,146,49937.03,2020-09-11,2020-10-18,37,EUR,NL,Games,Mobile Games,Rotterdam,City,"A new mobile games experience built for players, families and communities.",1
2119,50,151,50677.81,2018-07-06,2018-07-31,25,USD,US,Comics,Graphic Novels,Chicago,City,"A new graphic novels project featuring original characters, artwork and storytelling.",0
2120,56,73,13371.81,2020-10-06,2020-10-29,23,EUR,DE,Photography,Photobooks,Cologne,City,"A new photobooks project documenting people, places and memorable stories.",1
2121,13,93,29737.98,2021-03-01,2021-04-08,38,USD,US,Journalism,Investigative,Los Angeles,Island,A new investigative project focused on independent stories and community voices.,1
2122,59,98,348125.16,2018-07-14,2018-08-22,39,USD,US,Games,Tabletop Games,San Francisco,City,"A new tabletop games experience built for players, families and communities.",0
2123,29,124,3355.91,2019-07-02,2019-08-10,39,USD,US,Theater,Musicals,Portland,Zip,A new musicals production bringing an original story to the stage.,1
2124,51,103,39777.91,2019-10-02,2019-10-25,23,USD,US,Food,Restaurants,Seattle,City,We are developing a new restaurants project for people who love great food.,0
2125,19,112,13728.64,2018-08-05,2018-08-31,26,EUR,IT,Games,Video Games,Turin,City,"A new video games experience built for players, families and communities.",1
2126,51,104,60692.12,2019-12-08,2020-01-02,25,USD,US,Design,Product Design,Los Angeles,City,We are creating a practical product design with a fresh and thoughtful design.,1
2127,13,151,3507.84,2021-03-03,2021-04-24,52,EUR,IT,Music,Classical,Milan,City,Support our new classical project and help us share the music with listeners.,1
2128,52,125,16368.17,2019-03-16,2019-04-27,42,USD,US,Music,Hip-Hop,Austin,LocalAdmin,Support our new hip-hop project and help us share the music with listeners.,0
2129,45,99,4185.08,2020-12-17,2021-01-08,22,USD,US,Comics,Graphic Novels,Austin,City,"A new graphic novels project featuring original characters, artwork and storytelling.",0
2130,11,100,775.75,2019-02-26,2019-03-22,24,USD,US,Food,Drinks,San Francisco,City,We are developing a new drinks project for people who love great food.,1
2131,54,122,105816.61,2018-12-21,2019-01-29,39,USD,US,Photography,Fine Art,Los Angeles,Suburb,"A new fine art project documenting people, places and memorable stories.",1
2132,20,79,6119.55,2019-01-14,2019-03-05,50,USD,US,Theater,Plays,Austin,Town,A new plays production bringing an original story to the stage.,1
2133,52,116,3251.31,2021-03-07,2021-05-03,57,USD,US,Fashion,Apparel,San Francisco,City,"A new apparel collection focused on creativity, quality and original ideas.",1
2134,37,113,4907.27,2019-12-31,2020-01-23,23,GBP,GB,Food,Food,Bristol,City,We are developing a new food project for people who love great food.,0
2135,16,82,202915.09,2019-11-24,2020-01-18,55,USD,US,Music,Pop,San Francisco,County,Support our new pop project and help us share the music with listeners.,1
2136,20,39,91489.54,2020-07-29,2020-08-20,22,USD,US,Design,Graphic Design,Austin,Town,We are creating a practical graphic design with a fresh and thoughtful design.,0
2137,85,56,8556.58,2020-12-08,2020-12-25,17,USD,US,Journalism,Print,Los Angeles,LocalAdmin,A new print project focused on independent stories and community voices.,1
2138,70,101,45605.88,2018-09-08,2018-10-10,32,EUR,NL,Comics,Graphic Novels,Rotterdam,Suburb,"A new graphic novels project featuring original characters, artwork and storytelling.",0
2139,32,135,2266.09,2020-02-18,2020-04-18,60,NZD,NZ,Fashion,Accessories,Auckland,City,"A new accessories collection focused on creativity, quality and original ideas.",1
2140,41,95,27015.16,2021-03-14,2021-05-02,49,GBP,GB,Design,Architecture,Manchester,City,We are creating a practical architecture with a fresh and thoughtful design.,1
2141,53,134,6156.65,2020-09-22,2020-10-23,31,USD,US,Photography,Fine Art,Boston,Zip,"A new fine art project documenting people, places and memorable stories.",1
2142,16,97,23590.85,2020-01-12,2020-03-02,50,USD,US,Publishing,Children's Books,Boston,City,We are creating a new children's books book and bringing the project to readers.,1
2143,45,76,1426.97,2018-08-07,2018-09-18,42,NOK,NO,Photography,Nature,Bergen,City,"A new nature project documenting people, places and memorable stories.",1
2144,50,70,4770.45,2020-06-12,2020-07-11,29,USD,US,Design,Architecture,San Francisco,Town,We are creating a practical architecture with a fresh and thoughtful design.,1
2145,40,80,15908.68,2018-03-24,2018-04-26,33,USD,US,Publishing,Fiction,New York,City,We are creating a new fiction book and bringing the project to readers.,0
2146,56,112,15650.06,2018-05-15,2018-06-20,36,USD,US,Art,Sculpture,Los Angeles,City,"A new sculpture project exploring creative ideas, materials and visual storytelling.",1
2147,37,107,1243.01,2021-03-04,2021-03-24,20,USD,US,Comics,Graphic Novels,San Francisco,City,"A new graphic novels project featuring original characters, artwork and storytelling.",0
2148,52,101,2660.58,2020-04-29,2020-05-20,21,USD,US,Food,Restaurants,Los Angeles,Suburb,We are developing a new restaurants project for people who love great food.,1
2149,39,102,23131.64,2020-07-18,2020-09-14,58,EUR,FR,Publishing,Fiction,Paris,County,We are creating a new fiction book and bringing the project to readers.,1
2150,12,141,19283.24,2020-04-26,2020-05-19,23,USD,US,Technology,Gadgets,Portland,City,Introducing a new gadgets project designed to make everyday work easier.,1
2151,49,151,33145.41,2019-10-10,2019-11-13,34,CAD,CA,Publishing,Fiction,Montreal,City,We are creating a new fiction book and bringing the project to readers.,0
2152,55,86,16114.5,2019-06-02,2019-07-23,51,USD,US,Crafts,Woodworking,Seattle,County,A new woodworking project making useful and creative handmade products.,1
2153,33,102,2345.4,2020-05-02,2020-05-27,25,USD,US,Journalism,Print,San Francisco,City,A new print project focused on independent stories and community voices.,1
2154,15,71,6934.09,2020-12-30,2021-01-15,16,NZD,NZ,Crafts,Woodworking,Auckland,Zip,A new woodworking project making useful and creative handmade products.,1
2155,48,108,27330.17,2018-04-29,2018-06-04,36,USD,US,Food,Drinks,Chicago,County,We are developing a new drinks project for people who love great food.,1
2156,40,99,2540.36,2019-10-19,2019-12-08,50,EUR,IT,Food,Food,Milan,City,We are developing a new food project for people who love great food.,0
2157,39,114,2095.02,2019-07-28,2019-08-16,19,GBP,GB,Comics,Graphic Novels,Bristol,City,"A new graphic novels project featuring original characters, artwork and storytelling.",1
2158,38,134,7502.95,2019-11-11,2019-12-02,21,USD,US,Food,Drinks,Boston,City,We are developing a new drinks project for people who love great food.,1
2159,50,72,18277.19,2020-08-23,2020-09-12,20,NOK,NO,Music,Classical,Oslo,City,Support our new classical project and help us share the music with listeners.,0
2160,39,102,689.71,2020-01-24,2020-02-29,36,USD,US,Publishing,Fiction,New York,Suburb,We are creating a new fiction book and bringing the project to readers.,1
2161,28,100,8240.38,2018-03-11,2018-04-04,24,EUR,NL,Publishing,Fiction,Amsterdam,City,We are creating a new fiction book and bringing the project to readers.,0
2162,11,113,26807.26,2020-04-09,2020-06-08,60,USD,US,Art,Sculpture,Chicago,City,"A new sculpture project exploring creative ideas, materials and visual storytelling.",0
2163,28,150,36368.91,2020-11-21,2021-01-14,54,EUR,ES,Fashion,Apparel,Madrid,County,"A new apparel collection focused on creativity, quality and original ideas.",1
2164,49,88,2532.14,2018-04-01,2018-05-31,60,USD,US,Food,Food,Chicago,City,We are developing a new food project for people who love great food.,1
2165,30,126,21357.72,2018-06-08,2018-08-07,60,GBP,GB,Crafts,Candles,Edinburgh,City,A new candles project making useful and creative handmade products.,0
2166,49,151,55987.68,2019-03-24,2019-04-27,34,EUR,FR,Food,Restaurants,Lyon,City,We are developing a new restaurants project for people who love great food.,1
2167,14,83,30731.85,2020-03-05,2020-04-16,42,EUR,IE,Photography,Photobooks,Cork,Suburb,"A new photobooks project documenting people, places and memorable stories.",1
2168,20,112,6337.4,2019-09-10,2019-10-17,37,NZD,NZ,Art,Painting,Wellington,Suburb,"A new painting project exploring creative ideas, materials and visual storytelling.",0
2169,19,112,297.55,2020-12-21,2021-02-08,49,EUR,IT,Music,Hip-Hop,Rome,City,Support our new hip-hop project and help us share the music with listeners.,1
2170,37,69,16599.57,2018-01-04,2018-01-19,15,SEK,SE,Music,Hip-Hop,Gothenburg,Suburb,Support our new hip-hop project and help us share the music with listeners.,1
2171,62,125,138612.28,2020-06-28,2020-08-10,43,USD,US,Games,Video Games,Seattle,Town,"A new video games experience built for players, families and communities.",0
2172,69,142,43043.12,2020-10-05,2020-10-28,23,USD,US,Publishing,Fiction,Chicago,City,We are creating a new fiction book and bringing the project to readers.,0
2173,51,88,38648.55,2018-04-05,2018-04-28,23,USD,US,Music,Classical,New York,Suburb,Support our new classical project and help us share the music with listeners.,1
2174,6,99,15580.94,2020-04-30,2020-06-05,36,USD,US,Publishing,Fiction,Los Angeles,City,We are creating a new fiction book and bringing the project to readers.,1
2175,24,56,48178.82,2018-03-10,2018-03-26,16,USD,US,Games,Mobile Games,New York,City,"A new mobile games experience built for players, families and communities.",1
2176,1,140,19200.61,2018-06-09,2018-07-09,30,GBP,GB,Design,Product Design,London,Town,We are creating a practical product design with a fresh and thoughtful design.,1
2177,37,134,801.05,2019-03-29,2019-05-22,54,USD,US,Journalism,Print,Chicago,City,A new print project focused on independent stories and community voices.,1
2178,59,79,47791.8,2021-01-06,2021-01-26,20,AUD,AU,Dance,Dance Training,Sydney,County,"A new dance training project combining movement, performance and original ideas.",1
2179,47,83,3158.67,2020-07-10,2020-08-06,27,USD,US,Theater,Experimental Theater,Boston,County,A new experimental theater production bringing an original story to the stage.,1
2180,9,96,13318.02,2019-06-11,2019-07-28,47,USD,US,Music,Classical,Seattle,LocalAdmin,Support our new classical project and help us share the music with listeners.,1
2181,56,147,37737.78,2020-11-24,2020-12-27,33,GBP,GB,Fashion,Footwear,Edinburgh,Town,"A new footwear collection focused on creativity, quality and original ideas.",1
2182,53,106,3757.24,2019-09-22,2019-10-21,29,EUR,FR,Photography,Fine Art,Paris,Zip,"A new fine art project documenting people, places and memorable stories.",0
2183,58,113,2605.04,2018-08-08,2018-09-24,47,EUR,DE,Film & Video,Feature Film,Cologne,City,Help us bring this original feature film story to life for a wider audience.,1
2184,52,113,25141.5,2018-07-09,2018-08-02,24,AUD,AU,Design,Graphic Design,Melbourne,LocalAdmin,We are creating a practical graphic design with a fresh and thoughtful design.,0
2185,27,149,2135.97,2019-02-02,2019-02-17,15,USD,US,Music,Rock,San Francisco,LocalAdmin,Support our new rock project and help us share the music with listeners.,1
2186,7,97,8900.19,2020-11-10,2020-12-06,26,GBP,GB,Publishing,Fiction,Edinburgh,City,We are creating a new fiction book and bringing the project to readers.,0
2187,53,104,68984.75,2020-08-14,2020-10-10,57,USD,US,Journalism,Investigative,Austin,Town,A new investigative project focused on independent stories and community voices.,1
2188,47,143,149301.79,2019-02-08,2019-03-23,43,USD,US,Games,Tabletop Games,Austin,City,"A new tabletop games experience built for players, families and communities.",1
2189,5,143,758.34,2020-07-03,2020-08-03,31,USD,US,Crafts,Woodworking,Austin,City,A new woodworking project making useful and creative handmade products.,0
2190,21,77,8549.81,2018-12-02,2018-12-20,18,USD,US,Theater,Experimental Theater,Seattle,City,A new experimental theater production bringing an original story to the stage.,0
2191,21,50,85925.71,2020-04-22,2020-06-04,43,USD,US,Film & Video,Webseries,Portland,City,Help us bring this original webseries story to life for a wider audience.,0
2192,46,108,6474.19,2019-08-09,2019-08-30,21,NOK,NO,Journalism,Print,Bergen,City,A new print project focused on independent stories and community voices.,1
2193,35,127,40949.13,2019-10-28,2019-12-25,58,NOK,NO,Journalism,Investigative,Bergen,City,A new investigative project focused on independent stories and community voices.,1
2194,31,117,46026.51,2020-03-07,2020-04-03,27,USD,US,Music,Hip-Hop,New York,County,Support our new hip-hop project and help us share the music with listeners.,1
2195,29,90,4654.76,2019-08-21,2019-09-09,19,USD,US,Design,Architecture,Portland,City,We are creating a practical architecture with a fresh and thoughtful design.,1
2196,18,151,23318.93,2021-01-18,2021-02-07,20,USD,US,Technology,Software,Portland,City,Introducing a new software project designed to make everyday work easier.,1
2197,49,76,25625.03,2018-05-25,2018-07-12,48,USD,US,Film & Video,Documentary,San Francisco,City,Help us bring this original documentary story to life for a wider audience.,0
2198,24,67,49190.27,2020-02-01,2020-02-22,21,DKK,DK,Theater,Plays,Aarhus,LocalAdmin,A new plays production bringing an original story to the stage.,1
2199,52,143,966.5,2020-07-11,2020-09-09,60,USD,US,Comics,Comic Books,Boston,Suburb,"A new comic books project featuring original characters, artwork and storytelling.",1
2200,14,95,89014.42,2020-07-20,2020-08-31,42,EUR,FR,Dance,Performances,Paris,City,"A new performances project combining movement, performance and original ideas.",1
2201,28,151,34797.25,2019-05-17,2019-07-16,60,USD,US,Comics,Comic Books,San Francisco,Suburb,"A new comic books project featuring original characters, artwork and storytelling.",1
2202,64,101,2080.92,2018-12-23,2019-01-16,24,USD,IN,Technology,Software,Mumbai,Town,Introducing a new software project designed to make everyday work easier.,1
2203,39,96,9843.52,2019-05-22,2019-06-09,18,USD,US,Publishing,Nonfiction,Austin,County,We are creating a new nonfiction book and bringing the project to readers.,0
2204,28,123,43972.04,2019-06-11,2019-06-28,17,EUR,FR,Publishing,Fiction,Marseille,City,We are creating a new fiction book and bringing the project to readers.,1
2205,26,134,2260.06,2020-05-23,2020-07-01,39,USD,US,Photography,Fine Art,San Francisco,City,"A new fine art project documenting people, places and memorable stories.",1
2206,22,151,2862.94,2020-02-03,2020-03-11,37,CAD,CA,Film & Video,Feature Film,Calgary,City,Help us bring this original feature film story to life for a wider audience.,1
2207,42,134,12351.15,2019-12-05,2020-01-15,41,USD,US,Comics,Comic Books,Seattle,City,"A new comic books project featuring original characters, artwork and storytelling.",1
2208,48,140,6102.75,2020-10-05,2020-11-02,28,USD,US,Publishing,Fiction,New York,Suburb,We are creating a new fiction book and bringing the project to readers.,1
2209,39,91,17703.27,2019-02-16,2019-04-09,52,DKK,DK,Technology,Gadgets,Odense,Suburb,Introducing a new gadgets project designed to make everyday work easier.,0
2210,34,137,42969.53,2019-05-26,2019-07-11,46,NZD,NZ,Music,Classical,Christchurch,Suburb,Support our new classical project and help us share the music with listeners.,1
2211,44,127,18299.65,2018-03-12,2018-04-18,37,SEK,SE,Art,Illustration,Gothenburg,LocalAdmin,"A new illustration project exploring creative ideas, materials and visual storytelling.",1
2212,14,91,11809.97,2019-12-30,2020-02-22,54,CAD,CA,Games,Video Games,Calgary,Suburb,"A new video games experience built for players, families and communities.",1
2213,41,67,43276.01,2018-11-21,2019-01-11,51,EUR,IT,Art,Painting,Florence,City,"A new painting project exploring creative ideas, materials and visual storytelling.",1
2214,42,81,10199.22,2018-07-06,2018-07-23,17,USD,US,Food,Restaurants,New York,LocalAdmin,We are developing a new restaurants project for people who love great food.,1
2215,39,93,3777.31,2021-01-02,2021-02-20,49,USD,US,Theater,Plays,New York,LocalAdmin,A new plays production bringing an original story to the stage.,1
2216,27,102,71922.81,2019-02-15,2019-03-14,27,USD,US,Comics,Comic Books,Portland,County,"A new comic books project featuring original characters, artwork and storytelling.",1
2217,23,130,282.51,2019-08-29,2019-10-16,48,CAD,CA,Photography,Nature,Calgary,Island,"A new nature project documenting people, places and memorable stories.",1
2218,15,136,13252.06,2018-12-11,2019-01-18,38,USD,US,Food,Restaurants,Los Angeles,Zip,We are developing a new restaurants project for people who love great food.,1
2219,57,151,6831.87,2018-06-22,2018-07-07,15,USD,US,Publishing,Children's Books,New York,City,We are creating a new children's books book and bringing the project to readers.,1
2220,34,121,2869.82,2018-09-24,2018-10-20,26,CAD,CA,Crafts,Woodworking,Calgary,City,A new woodworking project making useful and creative handmade products.,1
2221,29,64,19062.19,2019-06-20,2019-07-12,22,EUR,IT,Fashion,Accessories,Milan,City,"A new accessories collection focused on creativity, quality and original ideas.",1
2222,27,81,24470.33,2019-07-30,2019-09-01,33,USD,US,Crafts,Crochet,Portland,Zip,A new crochet project making useful and creative handmade products.,0
2223,21,101,3319.88,2020-06-05,2020-06-28,23,USD,US,Technology,Apps,San Francisco,Town,Introducing a new apps project designed to make everyday work easier.,1
2224,27,140,1378.71,2021-03-02,2021-04-13,42,USD,US,Film & Video,Documentary,Los Angeles,Suburb,Help us bring this original documentary story to life for a wider audience.,1
2225,53,127,1585.13,2018-02-05,2018-03-05,28,USD,US,Journalism,Print,Austin,LocalAdmin,A new print project focused on independent stories and community voices.,0
2226,44,85,199422.3,2018-05-29,2018-07-09,41,USD,US,Games,Mobile Games,New York,Zip,"A new mobile games experience built for players, families and communities.",1
2227,47,75,236663.74,2018-05-08,2018-06-09,32,AUD,AU,Comics,Comic Books,Brisbane,City,"A new comic books project featuring original characters, artwork and storytelling.",0
2228,49,89,12562.42,2019-07-14,2019-09-08,56,CAD,CA,Theater,Plays,Toronto,City,A new plays production bringing an original story to the stage.,1
2229,68,71,1431.85,2020-08-21,2020-10-15,55,AUD,AU,Photography,Photobooks,Sydney,City,"A new photobooks project documenting people, places and memorable stories.",1
2230,35,104,9579.38,2018-09-29,2018-10-19,20,USD,US,Photography,Fine Art,Austin,Zip,"A new fine art project documenting people, places and memorable stories.",1
2231,29,121,396.08,2018-04-28,2018-06-14,47,EUR,IT,Theater,Experimental Theater,Florence,LocalAdmin,A new experimental theater production bringing an original story to the stage.,1
2232,42,117,19543.81,2019-09-23,2019-11-13,51,USD,US,Technology,Apps,Austin,County,Introducing a new apps project designed to make everyday work easier.,1
2233,45,94,2570.53,2018-11-29,2019-01-24,56,GBP,GB,Design,Architecture,Manchester,Island,We are creating a practical architecture with a fresh and thoughtful design.,1
2234,34,109,1838.77,2018-10-18,2018-11-26,39,EUR,IT,Publishing,Nonfiction,Florence,Town,We are creating a new nonfiction book and bringing the project to readers.,1
2235,22,69,54611.13,2019-09-18,2019-10-15,27,USD,US,Fashion,Apparel,Seattle,City,"A new apparel collection focused on creativity, quality and original ideas.",1
2236,38,87,9448.21,2020-06-17,2020-07-24,37,USD,US,Dance,Dance Training,New York,City,"A new dance training project combining movement, performance and original ideas.",0
2237,43,117,45911.25,2021-02-28,2021-04-19,50,SEK,SE,Dance,Dance Training,Stockholm,Suburb,"A new dance training project combining movement, performance and original ideas.",1
2238,40,151,77914.95,2020-07-25,2020-09-10,47,USD,US,Dance,Experimental,San Francisco,Town,"A new experimental project combining movement, performance and original ideas.",1
2239,7,148,10447.04,2020-07-31,2020-09-04,35,AUD,AU,Comics,Webcomics,Perth,City,"A new webcomics project featuring original characters, artwork and storytelling.",1
2240,11,69,11904.44,2019-02-06,2019-03-26,48,USD,US,Dance,Dance Training,Austin,LocalAdmin,"A new dance training project combining movement, performance and original ideas.",1
2241,46,133,61882.05,2019-11-20,2020-01-09,50,AUD,AU,Music,Classical,Brisbane,Suburb,Support our new classical project and help us share the music with listeners.,1
2242,29,113,5205.94,2021-02-24,2021-03-27,31,USD,US,Art,Sculpture,Portland,Zip,"A new sculpture project exploring creative ideas, materials and visual storytelling.",0
2243,68,114,71850.59,2020-01-05,2020-01-29,24,USD,US,Photography,Nature,Portland,City,"A new nature project documenting people, places and memorable stories.",0
2244,55,151,521.46,2019-03-24,2019-04-30,37,CAD,CA,Fashion,Footwear,Montreal,City,"A new footwear collection focused on creativity, quality and original ideas.",0
2245,16,93,6923.72,2021-02-09,2021-04-08,58,USD,US,Art,Mixed Media,Los Angeles,City,"A new mixed media project exploring creative ideas, materials and visual storytelling.",1
2246,50,124,16040.77,2020-12-04,2020-12-20,16,USD,US,Journalism,Investigative,New York,Island,A new investigative project focused on independent stories and community voices.,1
2247,59,131,1853.65,2019-12-21,2020-02-08,49,USD,US,Fashion,Accessories,Austin,Suburb,"A new accessories collection focused on creativity, quality and original ideas.",1
2248,28,87,21278.39,2020-06-23,2020-07-21,28,USD,US,Art,Sculpture,San Francisco,LocalAdmin,"A new sculpture project exploring creative ideas, materials and visual storytelling.",1
2249,34,45,15671.27,2019-05-14,2019-07-12,59,USD,US,Fashion,Apparel,Boston,Town,"A new apparel collection focused on creativity, quality and original ideas.",1
2250,27,68,3857.46,2021-02-15,2021-04-11,55,USD,US,Journalism,Audio,New York,City,A new audio project focused on independent stories and community voices.,1
2251,18,116,3635.38,2018-09-24,2018-10-10,16,NZD,NZ,Food,Food,Auckland,Island,We are developing a new food project for people who love great food.,1
2252,59,135,3105.71,2018-05-17,2018-06-19,33,USD,US,Music,Pop,Los Angeles,Town,Support our new pop project and help us share the music with listeners.,1
2253,1,124,1058.43,2021-01-18,2021-02-17,30,GBP,GB,Comics,Webcomics,Bristol,City,"A new webcomics project featuring original characters, artwork and storytelling.",1
2254,25,124,145553.2,2018-09-05,2018-11-01,57,USD,US,Comics,Comic Books,Seattle,City,"A new comic books project featuring original characters, artwork and storytelling.",1
2255,29,118,8660.79,2020-12-10,2021-02-06,58,USD,US,Technology,Hardware,Portland,City,Introducing a new hardware project designed to make everyday work easier.,1
2256,37,83,1473.82,2019-01-24,2019-03-04,39,EUR,IE,Theater,Musicals,Cork,City,A new musicals production bringing an original story to the stage.,1
2257,16,107,9927.68,2020-07-16,2020-07-31,15,USD,US,Publishing,Nonfiction,Austin,Suburb,We are creating a new nonfiction book and bringing the project to readers.,1
2258,55,127,17404.54,2020-02-28,2020-03-15,16,USD,IN,Photography,Fine Art,Chennai,Zip,"A new fine art project documenting people, places and memorable stories.",1
2259,7,122,3376.68,2020-07-06,2020-08-16,41,USD,US,Dance,Dance Training,San Francisco,City,"A new dance training project combining movement, performance and original ideas.",1
2260,8,151,6818.66,2019-09-27,2019-10-13,16,EUR,DE,Music,Classical,Berlin,City,Support our new classical project and help us share the music with listeners.,1
2261,36,91,90566.55,2019-09-25,2019-11-08,44,GBP,GB,Crafts,Woodworking,Bristol,Town,A new woodworking project making useful and creative handmade products.,1
2262,16,91,1963.64,2019-06-24,2019-07-18,24,SEK,SE,Dance,Performances,Gothenburg,City,"A new performances project combining movement, performance and original ideas.",1
2263,38,87,4871.47,2019-02-19,2019-03-24,33,GBP,GB,Publishing,Nonfiction,London,City,We are creating a new nonfiction book and bringing the project to readers.,1
2264,24,26,536.07,2018-11-21,2019-01-16,56,GBP,GB,Photography,Photobooks,Manchester,City,"A new photobooks project documenting people, places and memorable stories.",1
2265,47,126,202551.08,2020-03-31,2020-04-30,30,USD,US,Film & Video,Short Film,Chicago,City,Help us bring this original short film story to life for a wider audience.,1
2266,21,108,33283.09,2021-03-19,2021-04-15,27,USD,US,Publishing,Nonfiction,Austin,City,We are creating a new nonfiction book and bringing the project to readers.,1
2267,57,101,11112.61,2018-06-25,2018-07-17,22,NZD,NZ,Music,Rock,Auckland,City,Support our new rock project and help us share the music with listeners.,1
2268,44,84,3942.83,2018-07-29,2018-09-12,45,USD,US,Art,Illustration,Seattle,LocalAdmin,"A new illustration project exploring creative ideas, materials and visual storytelling.",1
2269,24,125,3649.14,2020-04-12,2020-06-10,59,USD,US,Fashion,Apparel,New York,City,"A new apparel collection focused on creativity, quality and original ideas.",0
2270,44,109,7907.65,2021-02-16,2021-03-27,39,EUR,FR,Theater,Musicals,Lyon,Suburb,A new musicals production bringing an original story to the stage.,1
2271,37,151,25892.13,2020-09-13,2020-11-05,53,USD,US,Theater,Plays,Boston,City,A new plays production bringing an original story to the stage.,0
2272,47,109,2307.93,2018-12-15,2019-01-19,35,NOK,NO,Crafts,Crochet,Bergen,City,A new crochet project making useful and creative handmade products.,0
2273,44,121,5853.71,2020-08-04,2020-09-25,52,EUR,DE,Music,Pop,Munich,City,Support our new pop project and help us share the music with listeners.,1
2274,40,151,45316.02,2018-11-18,2019-01-12,55,CAD,CA,Journalism,Print,Montreal,Suburb,A new print project focused on independent stories and community voices.,1
2275,36,98,145338.15,2020-11-23,2021-01-05,43,EUR,NL,Film & Video,Short Film,Rotterdam,City,Help us bring this original short film story to life for a wider audience.,1
2276,49,95,27865.0,2019-08-10,2019-08-30,20,USD,US,Journalism,Audio,Los Angeles,City,A new audio project focused on independent stories and community voices.,1
2277,53,151,4299.32,2020-11-19,2020-12-21,32,USD,US,Comics,Graphic Novels,Los Angeles,LocalAdmin,"A new graphic novels project featuring original characters, artwork and storytelling.",0
2278,37,61,9437.02,2019-06-23,2019-08-20,58,GBP,GB,Technology,Software,Bristol,Town,Introducing a new software project designed to make everyday work easier.,0
2279,44,100,22736.05,2019-02-24,2019-04-14,49,USD,US,Comics,Comic Books,Portland,City,"A new comic books project featuring original characters, artwork and storytelling.",0
2280,49,99,7637.9,2020-08-30,2020-10-10,41,EUR,DE,Publishing,Children's Books,Berlin,City,We are creating a new children's books book and bringing the project to readers.,0
2281,59,83,36170.75,2020-05-23,2020-06-11,19,NZD,NZ,Dance,Dance Training,Wellington,City,"A new dance training project combining movement, performance and original ideas.",1
2282,56,124,3870.32,2019-05-16,2019-06-06,21,USD,US,Art,Illustration,New York,City,"A new illustration project exploring creative ideas, materials and visual storytelling.",1
2283,50,91,146275.76,2018-09-09,2018-10-03,24,USD,US,Crafts,Woodworking,Austin,City,A new woodworking project making useful and creative handmade products.,1
2284,29,111,10477.85,2018-08-04,2018-08-28,24,USD,IN,Publishing,Nonfiction,Hyderabad,Suburb,We are creating a new nonfiction book and bringing the project to readers.,1
2285,15,80,4511.72,2018-03-24,2018-05-05,42,GBP,GB,Games,Video Games,Bristol,City,"A new video games experience built for players, families and communities.",0
2286,43,117,30020.92,2019-07-21,2019-09-09,50,GBP,GB,Film & Video,Short Film,Bristol,Suburb,Help us bring this original short film story to life for a wider audience.,1
2287,43,151,2630.65,2020-12-20,2021-01-13,24,USD,US,Theater,Musicals,New York,LocalAdmin,A new musicals production bringing an original story to the stage.,0
2288,29,106,15092.25,2021-02-28,2021-04-18,49,NZD,NZ,Film & Video,Webseries,Auckland,Zip,Help us bring this original webseries story to life for a wider audience.,1
2289,15,108,105328.32,2020-11-20,2021-01-08,49,CAD,CA,Publishing,Children's Books,Calgary,City,We are creating a new children's books book and bringing the project to readers.,0
2290,60,72,1820.79,2019-09-03,2019-10-24,51,EUR,FR,Publishing,Children's Books,Lyon,City,We are creating a new children's books book and bringing the project to readers.,1
2291,41,133,76061.66,2021-03-03,2021-04-06,34,EUR,IT,Music,Pop,Turin,City,Support our new pop project and help us share the music with listeners.,1
2292,17,105,1622.2,2019-01-28,2019-02-24,27,USD,US,Dance,Dance Training,San Francisco,LocalAdmin,"A new dance training project combining movement, performance and original ideas.",1
2293,33,120,42804.5,2019-03-28,2019-04-22,25,USD,US,Comics,Graphic Novels,Portland,LocalAdmin,"A new graphic novels project featuring original characters, artwork and storytelling.",0
2294,15,136,2766.61,2020-12-15,2021-02-12,59,EUR,ES,Theater,Experimental Theater,Valencia,City,A new experimental theater production bringing an original story to the stage.,1
2295,45,103,76113.95,2018-03-07,2018-04-09,33,USD,US,Technology,Hardware,New York,City,Introducing a new hardware project designed to make everyday work easier.,1
2296,63,139,4913.38,2019-08-13,2019-09-24,42,EUR,FR,Dance,Performances,Marseille,LocalAdmin,"A new performances project combining movement, performance and original ideas.",0
2297,32,141,6905.43,2020-06-02,2020-07-24,52,DKK,DK,Fashion,Apparel,Copenhagen,City,"A new apparel collection focused on creativity, quality and original ideas.",1
2298,34,118,2801.97,2020-11-10,2021-01-08,59,CAD,CA,Music,Pop,Toronto,Suburb,Support our new pop project and help us share the music with listeners.,1
2299,31,114,285.45,2019-02-22,2019-03-12,18,EUR,DE,Music,Hip-Hop,Hamburg,County,Support our new hip-hop project and help us share the music with listeners.,1
2300,32,109,2042.71,2018-09-01,2018-10-22,51,EUR,IT,Crafts,Candles,Milan,LocalAdmin,A new candles project making useful and creative handmade products.,1
2301,23,125,881.49,2020-09-05,2020-10-08,33,EUR,ES,Art,Sculpture,Valencia,City,"A new sculpture project exploring creative ideas, materials and visual storytelling.",1
2302,56,123,506.61,2019-06-17,2019-08-07,51,USD,US,Technology,Apps,Seattle,Island,Introducing a new apps project designed to make everyday work easier.,1
2303,38,65,18925.56,2018-04-06,2018-05-04,28,USD,US,Photography,Fine Art,Seattle,City,"A new fine art project documenting people, places and memorable stories.",1
2304,36,88,127542.62,2020-09-10,2020-10-25,45,USD,US,Food,Drinks,Boston,City,We are developing a new drinks project for people who love great food.,0
2305,32,137,194571.96,2019-06-19,2019-07-31,42,AUD,AU,Photography,Nature,Perth,City,"A new nature project documenting people, places and memorable stories.",0
2306,16,115,1979.57,2021-02-16,2021-04-07,50,GBP,GB,Publishing,Children's Books,London,City,We are creating a new children's books book and bringing the project to readers.,0
2307,49,101,10120.21,2020-12-25,2021-02-21,58,EUR,DE,Design,Architecture,Munich,City,We are creating a practical architecture with a fresh and thoughtful design.,1
2308,56,151,72990.33,2019-03-29,2019-05-20,52,USD,US,Theater,Plays,San Francisco,County,A new plays production bringing an original story to the stage.,1
2309,7,132,1571.34,2018-03-07,2018-04-09,33,CAD,CA,Design,Architecture,Montreal,Zip,We are creating a practical architecture with a fresh and thoughtful design.,1
2310,46,140,77516.71,2019-08-01,2019-09-26,56,USD,US,Music,Hip-Hop,Los Angeles,LocalAdmin,Support our new hip-hop project and help us share the music with listeners.,1
2311,48,101,79517.51,2018-07-10,2018-07-25,15,EUR,DE,Dance,Experimental,Cologne,City,"A new experimental project combining movement, performance and original ideas.",0
2312,54,120,587.68,2019-01-24,2019-03-02,37,GBP,GB,Fashion,Accessories,London,City,"A new accessories collection focused on creativity, quality and original ideas.",0
2313,53,106,311.29,2020-03-18,2020-04-29,42,USD,US,Crafts,Candles,New York,Zip,A new candles project making useful and creative handmade products.,1
2314,75,77,6452.84,2018-11-04,2018-11-22,18,USD,US,Games,Video Games,Los Angeles,LocalAdmin,"A new video games experience built for players, families and communities.",0
2315,41,114,51363.24,2018-04-13,2018-06-07,55,EUR,DE,Design,Product Design,Hamburg,Zip,We are creating a practical product design with a fresh and thoughtful design.,1
2316,50,106,1138.07,2019-05-21,2019-06-22,32,GBP,GB,Crafts,Crochet,Manchester,City,A new crochet project making useful and creative handmade products.,1
2317,35,106,509.43,2018-04-12,2018-06-04,53,USD,US,Music,Classical,Seattle,County,Support our new classical project and help us share the music with listeners.,1
2318,23,138,13258.98,2019-03-28,2019-05-06,39,USD,IN,Art,Sculpture,Delhi,LocalAdmin,"A new sculpture project exploring creative ideas, materials and visual storytelling.",0
2319,46,105,31998.33,2020-08-13,2020-09-14,32,EUR,DE,Journalism,Print,Cologne,Town,A new print project focused on independent stories and community voices.,1
2320,50,110,4181.3,2018-04-23,2018-05-13,20,NOK,NO,Photography,Nature,Bergen,City,"A new nature project documenting people, places and memorable stories.",1
2321,40,112,4746.0,2020-06-24,2020-07-27,33,USD,US,Fashion,Accessories,Boston,LocalAdmin,"A new accessories collection focused on creativity, quality and original ideas.",1
2322,10,123,31698.63,2019-06-29,2019-07-25,26,GBP,GB,Theater,Plays,Edinburgh,City,A new plays production bringing an original story to the stage.,0
2323,13,117,3115.94,2020-12-04,2021-01-12,39,SEK,SE,Comics,Webcomics,Gothenburg,City,"A new webcomics project featuring original characters, artwork and storytelling.",1
2324,47,129,3500.35,2019-10-08,2019-11-26,49,GBP,GB,Publishing,Fiction,Edinburgh,City,We are creating a new fiction book and bringing the project to readers.,1
2325,30,70,18443.3,2019-01-20,2019-02-04,15,EUR,DE,Crafts,Woodworking,Berlin,City,A new woodworking project making useful and creative handmade products.,1
2326,40,112,21929.95,2018-08-27,2018-09-15,19,USD,US,Art,Sculpture,Austin,City,"A new sculpture project exploring creative ideas, materials and visual storytelling.",1
2327,42,105,8480.94,2021-03-06,2021-03-21,15,GBP,GB,Games,Video Games,London,Town,"A new video games experience built for players, families and communities.",1
2328,33,69,119803.96,2019-10-28,2019-11-19,22,USD,US,Food,Drinks,Seattle,City,We are developing a new drinks project for people who love great food.,1
2329,31,65,38361.52,2018-10-26,2018-12-18,53,USD,US,Photography,Nature,Austin,LocalAdmin,"A new nature project documenting people, places and memorable stories.",1
2330,33,89,6965.39,2020-12-14,2021-02-09,57,USD,US,Comics,Graphic Novels,Portland,Town,"A new graphic novels project featuring original characters, artwork and storytelling.",1
2331,44,88,1623.05,2019-03-23,2019-04-24,32,USD,US,Theater,Experimental Theater,Chicago,City,A new experimental theater production bringing an original story to the stage.,1
2332,42,101,55790.95,2018-10-26,2018-12-25,60,USD,IN,Photography,Nature,Delhi,City,"A new nature project documenting people, places and memorable stories.",0
2333,23,112,58906.08,2019-02-09,2019-03-04,23,USD,US,Music,Classical,Seattle,County,Support our new classical project and help us share the music with listeners.,0
2334,35,123,10292.5,2019-09-07,2019-09-26,19,AUD,AU,Food,Restaurants,Brisbane,City,We are developing a new restaurants project for people who love great food.,0
2335,19,71,18431.73,2020-08-27,2020-09-14,18,EUR,ES,Photography,Photobooks,Valencia,City,"A new photobooks project documenting people, places and memorable stories.",1
2336,43,81,35581.8,2019-05-15,2019-07-12,58,GBP,GB,Technology,Gadgets,Edinburgh,Town,Introducing a new gadgets project designed to make everyday work easier.,1
2337,28,82,143986.17,2020-04-19,2020-06-01,43,USD,US,Games,Mobile Games,Los Angeles,LocalAdmin,"A new mobile games experience built for players, families and communities.",1
2338,46,104,47472.89,2021-03-07,2021-03-22,15,EUR,DE,Art,Illustration,Berlin,Suburb,"A new illustration project exploring creative ideas, materials and visual storytelling.",1
2339,31,109,23919.26,2018-12-31,2019-02-13,44,CAD,CA,Publishing,Fiction,Vancouver,City,We are creating a new fiction book and bringing the project to readers.,1
2340,52,138,50704.7,2020-06-03,2020-08-01,59,EUR,DE,Design,Graphic Design,Berlin,LocalAdmin,We are creating a practical graphic design with a fresh and thoughtful design.,0
2341,55,80,71460.75,2019-07-20,2019-08-04,15,EUR,FR,Food,Drinks,Paris,Town,We are developing a new drinks project for people who love great food.,1
2342,42,131,18256.51,2020-01-25,2020-02-11,17,USD,IN,Theater,Plays,Delhi,City,A new plays production bringing an original story to the stage.,1
2343,29,64,49753.31,2021-03-26,2021-05-01,36,CAD,CA,Music,Classical,Calgary,City,Support our new classical project and help us share the music with listeners.,0
2344,21,109,4206.49,2021-03-01,2021-03-23,22,USD,US,Technology,Apps,Los Angeles,City,Introducing a new apps project designed to make everyday work easier.,1
2345,49,125,59714.13,2020-09-03,2020-10-05,32,AUD,AU,Comics,Comic Books,Melbourne,Suburb,"A new comic books project featuring original characters, artwork and storytelling.",0
2346,34,127,4261.03,2019-04-25,2019-06-03,39,USD,US,Dance,Performances,Portland,City,"A new performances project combining movement, performance and original ideas.",1
2347,36,151,2514.3,2020-05-05,2020-06-08,34,SEK,SE,Film & Video,Documentary,Gothenburg,Suburb,Help us bring this original documentary story to life for a wider audience.,1
2348,29,151,9827.66,2020-02-12,2020-03-28,45,USD,US,Crafts,Woodworking,Boston,City,A new woodworking project making useful and creative handmade products.,1
2349,14,120,1499.57,2020-02-22,2020-04-06,44,USD,US,Publishing,Nonfiction,Seattle,City,We are creating a new nonfiction book and bringing the project to readers.,1
2350,51,68,4760.39,2019-04-29,2019-05-29,30,EUR,IT,Photography,Photobooks,Turin,Suburb,"A new photobooks project documenting people, places and memorable stories.",1
2351,34,151,21575.13,2021-01-01,2021-01-17,16,CAD,CA,Design,Architecture,Calgary,LocalAdmin,We are creating a practical architecture with a fresh and thoughtful design.,0
2352,7,142,18461.53,2018-06-01,2018-07-02,31,USD,US,Food,Restaurants,Los Angeles,City,We are developing a new restaurants project for people who love great food.,0
2353,33,139,32337.33,2019-01-19,2019-02-12,24,GBP,GB,Photography,Fine Art,Manchester,City,"A new fine art project documenting people, places and memorable stories.",0
2354,15,95,33120.8,2020-02-05,2020-02-26,21,EUR,ES,Journalism,Print,Madrid,Suburb,A new print project focused on independent stories and community voices.,0
2355,44,104,21433.02,2019-01-07,2019-03-04,56,USD,US,Crafts,Candles,Chicago,County,A new candles project making useful and creative handmade products.,1
2356,42,83,3205.45,2019-12-06,2019-12-29,23,EUR,NL,Dance,Dance Training,Amsterdam,City,"A new dance training project combining movement, performance and original ideas.",0
2357,58,128,50197.99,2020-12-01,2021-01-01,31,USD,US,Technology,Software,Chicago,City,Introducing a new software project designed to make everyday work easier.,1
2358,13,94,10124.92,2020-08-05,2020-08-28,23,EUR,FR,Theater,Experimental Theater,Marseille,Suburb,A new experimental theater production bringing an original story to the stage.,1
2359,57,130,17414.92,2020-11-15,2020-12-08,23,EUR,ES,Games,Tabletop Games,Madrid,City,"A new tabletop games experience built for players, families and communities.",0
2360,43,86,14101.38,2019-05-07,2019-06-27,51,USD,US,Technology,Gadgets,San Francisco,City,Introducing a new gadgets project designed to make everyday work easier.,1
2361,14,137,137763.43,2020-10-26,2020-12-03,38,USD,US,Technology,Software,Seattle,City,Introducing a new software project designed to make everyday work easier.,1
2362,62,116,1882.97,2019-07-31,2019-09-22,53,USD,US,Film & Video,Webseries,Chicago,County,Help us bring this original webseries story to life for a wider audience.,1
2363,33,146,7050.26,2020-04-24,2020-05-19,25,EUR,DE,Art,Painting,Cologne,County,"A new painting project exploring creative ideas, materials and visual storytelling.",1
2364,17,151,27344.25,2019-06-10,2019-07-02,22,GBP,GB,Technology,Hardware,Edinburgh,City,Introducing a new hardware project designed to make everyday work easier.,1
2365,51,116,12414.5,2020-01-22,2020-03-01,39,CAD,CA,Photography,Nature,Toronto,City,"A new nature project documenting people, places and memorable stories.",0
2366,19,149,5661.13,2018-07-25,2018-09-23,60,USD,US,Dance,Dance Training,Austin,Suburb,"A new dance training project combining movement, performance and original ideas.",0
2367,52,149,613.82,2019-11-28,2019-12-14,16,USD,US,Dance,Dance Training,San Francisco,Suburb,"A new dance training project combining movement, performance and original ideas.",1
2368,32,107,7691.88,2019-07-11,2019-08-04,24,USD,US,Games,Video Games,Seattle,City,"A new video games experience built for players, families and communities.",0
2369,30,116,21045.03,2020-07-28,2020-09-04,38,USD,US,Fashion,Footwear,Los Angeles,City,"A new footwear collection focused on creativity, quality and original ideas.",1
2370,15,116,27864.53,2018-08-21,2018-09-20,30,GBP,GB,Games,Mobile Games,Edinburgh,County,"A new mobile games experience built for players, families and communities.",1
2371,19,95,9247.85,2019-07-23,2019-08-25,33,EUR,NL,Photography,Nature,Amsterdam,Town,"A new nature project documenting people, places and memorable stories.",1
2372,37,95,15812.02,2019-10-04,2019-11-18,45,AUD,AU,Theater,Musicals,Sydney,City,A new musicals production bringing an original story to the stage.,1
2373,10,145,2039.1,2020-11-19,2020-12-14,25,USD,US,Fashion,Footwear,Los Angeles,City,"A new footwear collection focused on creativity, quality and original ideas.",1
2374,45,87,21943.73,2018-07-23,2018-08-12,20,NOK,NO,Fashion,Accessories,Trondheim,County,"A new accessories collection focused on creativity, quality and original ideas.",1
2375,27,104,12176.84,2020-09-03,2020-09-23,20,EUR,DE,Design,Graphic Design,Hamburg,Suburb,We are creating a practical graphic design with a fresh and thoughtful design.,1
2376,29,98,15502.19,2019-12-09,2020-01-24,46,EUR,IE,Design,Product Design,Dublin,City,We are creating a practical product design with a fresh and thoughtful design.,0
2377,44,122,8540.06,2018-02-22,2018-04-16,53,GBP,GB,Comics,Comic Books,London,Zip,"A new comic books project featuring original characters, artwork and storytelling.",1
2378,32,151,16689.54,2021-01-14,2021-02-10,27,USD,US,Food,Restaurants,Portland,Town,We are developing a new restaurants project for people who love great food.,1
2379,53,102,32090.34,2018-11-16,2018-12-03,17,USD,US,Food,Food,San Francisco,City,We are developing a new food project for people who love great food.,0
2380,4,65,17829.73,2019-10-15,2019-12-09,55,EUR,DE,Music,Rock,Berlin,City,Support our new rock project and help us share the music with listeners.,1
2381,47,111,711.37,2020-03-17,2020-05-05,49,USD,US,Publishing,Fiction,Chicago,City,We are creating a new fiction book and bringing the project to readers.,1
2382,35,79,18411.27,2019-12-20,2020-02-10,52,USD,US,Art,Painting,Chicago,City,"A new painting project exploring creative ideas, materials and visual storytelling.",1
2383,25,116,6577.88,2021-01-14,2021-02-14,31,GBP,GB,Food,Drinks,Manchester,City,We are developing a new drinks project for people who love great food.,0
2384,49,85,4003.65,2018-09-27,2018-10-14,17,CAD,CA,Design,Graphic Design,Calgary,City,We are creating a practical graphic design with a fresh and thoughtful design.,1
2385,44,113,97137.23,2018-04-06,2018-05-24,48,CAD,CA,Comics,Comic Books,Vancouver,City,"A new comic books project featuring original characters, artwork and storytelling.",1
2386,38,72,2827.83,2020-04-18,2020-05-14,26,USD,US,Technology,Software,Seattle,County,Introducing a new software project designed to make everyday work easier.,1
2387,31,100,3368.28,2019-01-29,2019-03-08,38,USD,US,Comics,Webcomics,New York,Island,"A new webcomics project featuring original characters, artwork and storytelling.",1
2388,24,78,371.86,2020-06-24,2020-07-14,20,CAD,CA,Technology,Hardware,Montreal,City,Introducing a new hardware project designed to make everyday work easier.,1
2389,19,146,111911.09,2018-12-01,2019-01-26,56,USD,IN,Theater,Experimental Theater,Hyderabad,Zip,A new experimental theater production bringing an original story to the stage.,0
2390,55,86,47759.7,2018-02-07,2018-03-04,25,EUR,DE,Theater,Plays,Munich,Island,A new plays production bringing an original story to the stage.,1
2391,47,125,7170.33,2019-01-21,2019-03-03,41,EUR,IE,Fashion,Footwear,Galway,City,"A new footwear collection focused on creativity, quality and original ideas.",0
2392,44,113,31023.54,2018-02-03,2018-03-13,38,EUR,FR,Music,Hip-Hop,Marseille,LocalAdmin,Support our new hip-hop project and help us share the music with listeners.,0
2393,29,114,381.08,2018-07-26,2018-08-27,32,CAD,CA,Publishing,Nonfiction,Toronto,City,We are creating a new nonfiction book and bringing the project to readers.,1
2394,66,119,25068.19,2020-10-12,2020-11-22,41,USD,US,Games,Mobile Games,Portland,LocalAdmin,"A new mobile games experience built for players, families and communities.",1
2395,25,126,3178.63,2019-11-17,2020-01-11,55,AUD,AU,Art,Sculpture,Brisbane,Island,"A new sculpture project exploring creative ideas, materials and visual storytelling.",1
2396,29,147,160649.19,2018-09-12,2018-10-17,35,CAD,CA,Photography,Nature,Calgary,LocalAdmin,"A new nature project documenting people, places and memorable stories.",1
2397,62,136,21212.64,2020-02-08,2020-03-27,48,CAD,CA,Fashion,Footwear,Montreal,City,"A new footwear collection focused on creativity, quality and original ideas.",1
2398,34,151,14701.76,2020-11-19,2021-01-05,47,GBP,GB,Games,Video Games,Edinburgh,City,"A new video games experience built for players, families and communities.",1
2399,61,76,3362.93,2020-04-06,2020-05-08,32,GBP,GB,Food,Restaurants,Manchester,City,We are developing a new restaurants project for people who love great food.,1
2400,41,68,3395.69,2020-03-13,2020-03-30,17,USD,US,Music,Pop,Chicago,City,Support our new pop project and help us share the music with listeners.,1
2401,27,151,30065.09,2019-10-20,2019-11-27,38,GBP,GB,Fashion,Accessories,Manchester,City,"A new accessories collection focused on creativity, quality and original ideas.",1
2402,32,125,3314.48,2018-02-15,2018-03-02,15,USD,US,Crafts,Woodworking,Austin,City,A new woodworking project making useful and creative handmade products.,1
2403,24,76,3118.54,2020-05-02,2020-05-22,20,EUR,IT,Food,Drinks,Florence,County,We are developing a new drinks project for people who love great food.,1
2404,45,100,106259.92,2020-10-27,2020-11-29,33,USD,US,Games,Tabletop Games,New York,County,"A new tabletop games experience built for players, families and communities.",1
2405,53,124,18739.04,2019-01-16,2019-02-21,36,USD,US,Art,Mixed Media,New York,Zip,"A new mixed media project exploring creative ideas, materials and visual storytelling.",1
2406,42,107,2194.19,2021-03-10,2021-05-06,57,USD,US,Photography,Photobooks,Chicago,City,"A new photobooks project documenting people, places and memorable stories.",1
2407,39,126,28222.34,2018-08-27,2018-09-18,22,AUD,AU,Games,Video Games,Perth,Suburb,"A new video games experience built for players, families and communities.",1
2408,19,73,7786.28,2019-01-07,2019-01-26,19,USD,US,Technology,Gadgets,New York,Suburb,Introducing a new gadgets project designed to make everyday work easier.,0
2409,51,107,777.15,2019-10-31,2019-11-23,23,USD,US,Theater,Experimental Theater,Boston,City,A new experimental theater production bringing an original story to the stage.,1
2410,48,112,5536.95,2018-03-10,2018-04-14,35,GBP,GB,Fashion,Accessories,Edinburgh,City,"A new accessories collection focused on creativity, quality and original ideas.",1
2411,39,87,2362.23,2018-01-03,2018-02-14,42,USD,US,Fashion,Footwear,San Francisco,City,"A new footwear collection focused on creativity, quality and original ideas.",1
2412,30,100,17838.55,2019-09-08,2019-11-07,60,EUR,IE,Photography,Fine Art,Galway,Zip,"A new fine art project documenting people, places and memorable stories.",1
2413,36,94,4343.82,2019-10-29,2019-11-16,18,EUR,IE,Dance,Experimental,Cork,Zip,"A new experimental project combining movement, performance and original ideas.",0
2414,21,75,13815.69,2018-02-03,2018-03-13,38,GBP,GB,Art,Mixed Media,Edinburgh,County,"A new mixed media project exploring creative ideas, materials and visual storytelling.",1
2415,13,89,33703.75,2021-02-13,2021-03-07,22,USD,US,Journalism,Print,Portland,City,A new print project focused on independent stories and community voices.,1
2416,31,114,466097.18,2019-02-17,2019-03-20,31,EUR,DE,Food,Restaurants,Munich,City,We are developing a new restaurants project for people who love great food.,1
2417,22,79,258204.9,2018-02-06,2018-03-26,48,USD,US,Comics,Comic Books,Austin,LocalAdmin,"A new comic books project featuring original characters, artwork and storytelling.",1
2418,27,88,16961.45,2018-03-06,2018-04-09,34,GBP,GB,Photography,Nature,London,City,"A new nature project documenting people, places and memorable stories.",1
2419,28,57,11060.39,2020-08-01,2020-08-31,30,USD,US,Art,Illustration,Boston,City,"A new illustration project exploring creative ideas, materials and visual storytelling.",1
2420,34,151,4770.8,2018-01-30,2018-02-23,24,NZD,NZ,Comics,Graphic Novels,Wellington,City,"A new graphic novels project featuring original characters, artwork and storytelling.",0
2421,33,136,939.98,2019-05-18,2019-07-05,48,USD,US,Art,Illustration,Seattle,Zip,"A new illustration project exploring creative ideas, materials and visual storytelling.",1
2422,1,144,346.84,2020-02-01,2020-03-29,57,GBP,GB,Art,Mixed Media,Edinburgh,Town,"A new mixed media project exploring creative ideas, materials and visual storytelling.",1
2423,40,119,3250.2,2019-02-12,2019-03-08,24,EUR,DE,Games,Tabletop Games,Berlin,City,"A new tabletop games experience built for players, families and communities.",1
2424,37,117,151858.04,2020-03-29,2020-05-12,44,GBP,GB,Publishing,Children's Books,Bristol,Suburb,We are creating a new children's books book and bringing the project to readers.,1
2425,49,102,143984.82,2019-11-01,2019-12-15,44,USD,US,Technology,Apps,Portland,City,Introducing a new apps project designed to make everyday work easier.,1
2426,32,147,13409.37,2018-10-13,2018-11-21,39,USD,IN,Art,Sculpture,Chennai,Zip,"A new sculpture project exploring creative ideas, materials and visual storytelling.",1
2427,51,109,24679.96,2019-03-15,2019-05-14,60,GBP,GB,Publishing,Nonfiction,Edinburgh,City,We are creating a new nonfiction book and bringing the project to readers.,1
2428,33,49,4700.15,2021-01-28,2021-03-26,57,CAD,CA,Dance,Performances,Vancouver,LocalAdmin,"A new performances project combining movement, performance and original ideas.",1
2429,40,50,11452.1,2018-05-02,2018-06-26,55,USD,US,Journalism,Investigative,San Francisco,Suburb,A new investigative project focused on independent stories and community voices.,1
2430,21,119,3603.26,2020-02-25,2020-03-17,21,GBP,GB,Fashion,Accessories,Bristol,City,"A new accessories collection focused on creativity, quality and original ideas.",0
2431,52,79,3593.24,2020-07-26,2020-08-29,34,USD,US,Film & Video,Webseries,San Francisco,LocalAdmin,Help us bring this original webseries story to life for a wider audience.,0
2432,54,111,31010.95,2019-10-14,2019-11-14,31,USD,US,Comics,Graphic Novels,Los Angeles,City,"A new graphic novels project featuring original characters, artwork and storytelling.",0
2433,63,131,4695.96,2018-10-17,2018-11-03,17,USD,US,Fashion,Accessories,Chicago,City,"A new accessories collection focused on creativity, quality and original ideas.",0
2434,27,83,25732.73,2018-12-21,2019-02-19,60,EUR,ES,Film & Video,Short Film,Seville,City,Help us bring this original short film story to life for a wider audience.,0
2435,43,99,9552.09,2020-06-04,2020-07-28,54,USD,US,Journalism,Print,Seattle,City,A new print project focused on independent stories and community voices.,1
2436,13,100,108051.57,2020-08-13,2020-10-02,50,USD,US,Technology,Apps,Seattle,County,Introducing a new apps project designed to make everyday work easier.,0
2437,7,82,28248.37,2019-05-05,2019-06-14,40,GBP,GB,Journalism,Audio,London,City,A new audio project focused on independent stories and community voices.,1
2438,43,65,17524.72,2020-04-19,2020-05-13,24,EUR,FR,Comics,Comic Books,Paris,City,"A new comic books project featuring original characters, artwork and storytelling.",1
2439,33,75,1307.22,2018-06-28,2018-08-15,48,USD,US,Theater,Musicals,Los Angeles,City,A new musicals production bringing an original story to the stage.,1
2440,16,63,5610.37,2019-01-03,2019-01-31,28,CAD,CA,Comics,Webcomics,Toronto,Suburb,"A new webcomics project featuring original characters, artwork and storytelling.",1
2441,38,103,11100.23,2020-08-05,2020-08-27,22,USD,US,Journalism,Investigative,New York,City,A new investigative project focused on independent stories and community voices.,1
2442,49,102,13058.99,2020-12-28,2021-02-07,41,USD,US,Film & Video,Short Film,Austin,County,Help us bring this original short film story to life for a wider audience.,0
2443,36,92,33545.79,2018-02-19,2018-03-15,24,USD,US,Photography,Photobooks,Seattle,City,"A new photobooks project documenting people, places and memorable stories.",1
2444,53,65,16514.48,2019-08-11,2019-09-09,29,EUR,ES,Art,Painting,Madrid,County,"A new painting project exploring creative ideas, materials and visual storytelling.",1
2445,25,141,2419.12,2020-06-30,2020-08-20,51,USD,US,Food,Restaurants,San Francisco,County,We are developing a new restaurants project for people who love great food.,0
2446,51,89,30044.62,2018-02-12,2018-03-20,36,USD,US,Music,Pop,Portland,City,Support our new pop project and help us share the music with listeners.,1
2447,29,151,5870.52,2018-05-08,2018-07-06,59,USD,US,Publishing,Nonfiction,Los Angeles,County,We are creating a new nonfiction book and bringing the project to readers.,1
2448,53,134,4398.36,2018-01-25,2018-03-11,45,EUR,ES,Crafts,DIY,Barcelona,Suburb,A new diy project making useful and creative handmade products.,1
2449,16,46,2172.12,2018-09-20,2018-10-06,16,USD,US,Music,Rock,Portland,LocalAdmin,Support our new rock project and help us share the music with listeners.,1
2450,38,145,6961.17,2019-08-19,2019-10-17,59,USD,US,Fashion,Accessories,Austin,City,"A new accessories collection focused on creativity, quality and original ideas.",1
2451,38,87,5059.31,2019-09-15,2019-10-30,45,USD,US,Games,Video Games,Portland,City,"A new video games experience built for players, families and communities.",0
2452,42,80,72534.02,2018-08-14,2018-09-11,28,GBP,GB,Fashion,Accessories,Manchester,LocalAdmin,"A new accessories collection focused on creativity, quality and original ideas.",1
2453,30,100,7926.93,2018-06-23,2018-07-17,24,CAD,CA,Games,Tabletop Games,Vancouver,County,"A new tabletop games experience built for players, families and communities.",1
2454,41,142,27378.47,2018-11-07,2018-12-21,44,CAD,CA,Film & Video,Webseries,Montreal,Town,Help us bring this original webseries story to life for a wider audience.,1
2455,32,124,733.93,2019-07-05,2019-08-24,50,USD,US,Theater,Plays,Seattle,Island,A new plays production bringing an original story to the stage.,1
2456,27,113,38045.25,2018-04-16,2018-06-09,54,USD,US,Games,Mobile Games,Los Angeles,Island,"A new mobile games experience built for players, families and communities.",0
2457,56,83,32428.93,2019-01-27,2019-02-25,29,USD,US,Comics,Comic Books,Chicago,City,"A new comic books project featuring original characters, artwork and storytelling.",1
2458,36,136,1256.75,2018-10-09,2018-11-06,28,USD,US,Photography,Fine Art,Seattle,Town,"A new fine art project documenting people, places and memorable stories.",1
2459,12,78,3106.67,2020-11-08,2020-12-23,45,USD,US,Food,Drinks,Seattle,City,We are developing a new drinks project for people who love great food.,0
2460,25,139,4294.2,2018-08-16,2018-09-28,43,EUR,FR,Food,Restaurants,Toulouse,LocalAdmin,We are developing a new restaurants project for people who love great food.,1
2461,57,118,8764.67,2019-03-09,2019-04-19,41,USD,IN,Comics,Comic Books,Delhi,City,"A new comic books project featuring original characters, artwork and storytelling.",0
2462,21,90,4024.09,2018-10-09,2018-11-13,35,USD,IN,Photography,Photobooks,Mumbai,City,"A new photobooks project documenting people, places and memorable stories.",1
2463,43,151,8208.88,2018-03-28,2018-04-20,23,EUR,NL,Technology,Software,Rotterdam,Suburb,Introducing a new software project designed to make everyday work easier.,1
2464,25,135,33046.98,2020-10-17,2020-11-20,34,CAD,CA,Dance,Performances,Toronto,City,"A new performances project combining movement, performance and original ideas.",1
2465,13,125,5051.81,2018-11-22,2019-01-10,49,EUR,DE,Technology,Apps,Hamburg,City,Introducing a new apps project designed to make everyday work easier.,1
2466,42,111,19022.82,2019-05-08,2019-06-06,29,USD,US,Theater,Plays,New York,Town,A new plays production bringing an original story to the stage.,1
2467,30,74,15752.38,2018-04-21,2018-05-29,38,CAD,CA,Music,Pop,Toronto,City,Support our new pop project and help us share the music with listeners.,1
2468,59,109,122.55,2019-07-10,2019-08-09,30,GBP,GB,Theater,Musicals,London,City,A new musicals production bringing an original story to the stage.,1
2469,52,151,3430.74,2018-12-18,2019-02-06,50,GBP,GB,Film & Video,Short Film,Bristol,City,Help us bring this original short film story to life for a wider audience.,0
2470,54,67,55295.18,2018-05-14,2018-06-08,25,EUR,DE,Music,Classical,Cologne,LocalAdmin,Support our new classical project and help us share the music with listeners.,1
2471,51,125,2998.37,2020-02-25,2020-03-18,22,USD,US,Dance,Dance Training,Boston,City,"A new dance training project combining movement, performance and original ideas.",1
2472,45,150,2282.15,2020-01-01,2020-01-18,17,USD,US,Dance,Performances,Seattle,Suburb,"A new performances project combining movement, performance and original ideas.",1
2473,15,151,59772.24,2020-05-21,2020-06-23,33,EUR,IE,Fashion,Footwear,Cork,County,"A new footwear collection focused on creativity, quality and original ideas.",1
2474,31,81,15222.05,2018-10-19,2018-12-18,60,USD,US,Journalism,Print,Los Angeles,City,A new print project focused on independent stories and community voices.,1
2475,45,92,114853.8,2020-07-12,2020-09-05,55,GBP,GB,Fashion,Accessories,Edinburgh,City,"A new accessories collection focused on creativity, quality and original ideas.",1
2476,31,111,5838.46,2019-12-22,2020-01-08,17,NZD,NZ,Journalism,Print,Christchurch,Town,A new print project focused on independent stories and community voices.,1
2477,35,122,77340.26,2021-03-20,2021-05-09,50,CAD,CA,Theater,Experimental Theater,Vancouver,City,A new experimental theater production bringing an original story to the stage.,1
2478,46,146,3025.87,2019-03-22,2019-04-30,39,GBP,GB,Crafts,DIY,Edinburgh,County,A new diy project making useful and creative handmade products.,0
2479,51,102,223.98,2020-10-05,2020-11-24,50,USD,US,Theater,Plays,Boston,County,A new plays production bringing an original story to the stage.,1
2480,21,136,34072.13,2019-02-28,2019-03-25,25,USD,US,Games,Tabletop Games,Seattle,LocalAdmin,"A new tabletop games experience built for players, families and communities.",1
2481,45,31,29178.05,2018-04-11,2018-05-11,30,EUR,ES,Photography,Photobooks,Seville,Suburb,"A new photobooks project documenting people, places and memorable stories.",0
2482,43,100,34051.47,2018-04-10,2018-05-11,31,GBP,GB,Journalism,Investigative,Bristol,Town,A new investigative project focused on independent stories and community voices.,1
2483,20,136,8712.62,2019-02-07,2019-04-04,56,GBP,GB,Technology,Apps,Bristol,City,Introducing a new apps project designed to make everyday work easier.,1
2484,29,133,116591.98,2019-11-26,2020-01-03,38,USD,US,Music,Rock,Seattle,Town,Support our new rock project and help us share the music with listeners.,0
2485,37,79,45899.08,2020-07-31,2020-08-31,31,USD,US,Comics,Graphic Novels,Seattle,Town,"A new graphic novels project featuring original characters, artwork and storytelling.",1
2486,56,139,43100.35,2020-02-01,2020-03-06,34,USD,IN,Fashion,Footwear,Mumbai,City,"A new footwear collection focused on creativity, quality and original ideas.",0
2487,29,65,14490.17,2020-01-13,2020-02-18,36,USD,US,Photography,Photobooks,Austin,City,"A new photobooks project documenting people, places and memorable stories.",1
2488,41,144,1487.44,2021-02-22,2021-03-14,20,CAD,CA,Film & Video,Documentary,Calgary,City,Help us bring this original documentary story to life for a wider audience.,1
2489,53,102,13326.57,2020-06-17,2020-07-08,21,USD,US,Photography,Nature,Austin,Town,"A new nature project documenting people, places and memorable stories.",1
2490,63,94,20948.44,2019-08-05,2019-09-02,28,AUD,AU,Publishing,Fiction,Perth,City,We are creating a new fiction book and bringing the project to readers.,0
2491,38,99,280269.81,2019-12-14,2020-01-08,25,EUR,IE,Games,Video Games,Cork,Town,"A new video games experience built for players, families and communities.",1
2492,3,119,18124.69,2018-01-16,2018-02-11,26,CAD,CA,Publishing,Children's Books,Calgary,City,We are creating a new children's books book and bringing the project to readers.,1
2493,49,151,2371.39,2020-01-16,2020-03-16,60,USD,US,Crafts,DIY,San Francisco,City,A new diy project making useful and creative handmade products.,1
2494,38,145,24759.37,2020-04-23,2020-05-12,19,CAD,CA,Journalism,Print,Montreal,City,A new print project focused on independent stories and community voices.,1
2495,22,74,84273.37,2020-07-28,2020-08-16,19,EUR,FR,Crafts,Crochet,Marseille,City,A new crochet project making useful and creative handmade products.,1
2496,46,77,169555.78,2018-10-12,2018-11-15,34,USD,US,Film & Video,Feature Film,Los Angeles,Town,Help us bring this original feature film story to life for a wider audience.,1
2497,63,51,10167.64,2020-12-10,2021-01-08,29,EUR,NL,Technology,Gadgets,Amsterdam,City,Introducing a new gadgets project designed to make everyday work easier.,0
2498,38,117,8806.98,2019-11-26,2020-01-05,40,AUD,AU,Dance,Performances,Brisbane,Town,"A new performances project combining movement, performance and original ideas.",1
2499,11,103,1346.23,2018-09-28,2018-11-14,47,SEK,SE,Publishing,Children's Books,Stockholm,LocalAdmin,We are creating a new children's books book and bringing the project to readers.,1
2500,57,127,4710.17,2018-06-26,2018-08-09,44,CAD,CA,Food,Restaurants,Vancouver,Town,We are developing a new restaurants project for people who love great food.,1
2501,35,93,23471.09,2019-03-28,2019-05-05,38,USD,US,Publishing,Nonfiction,Chicago,Zip,We are creating a new nonfiction book and bringing the project to readers.,0
2502,46,96,1130.8,2018-10-01,2018-11-07,37,USD,US,Film & Video,Short Film,Chicago,City,Help us bring this original short film story to life for a wider audience.,1
2503,36,64,286750.5,2018-02-16,2018-03-11,23,USD,US,Design,Product Design,Boston,City,We are creating a practical product design with a fresh and thoughtful design.,1
2504,42,141,6903.8,2018-03-12,2018-03-29,17,NZD,NZ,Film & Video,Webseries,Wellington,County,Help us bring this original webseries story to life for a wider audience.,1
2505,45,90,14461.12,2020-10-24,2020-12-13,50,EUR,FR,Crafts,Candles,Paris,Suburb,A new candles project making useful and creative handmade products.,1
2506,47,83,20393.71,2018-10-15,2018-11-05,21,AUD,AU,Photography,Photobooks,Sydney,City,"A new photobooks project documenting people, places and memorable stories.",1
2507,37,137,69067.29,2020-01-02,2020-02-07,36,USD,US,Comics,Graphic Novels,San Francisco,Town,"A new graphic novels project featuring original characters, artwork and storytelling.",1
2508,24,64,18143.45,2018-01-23,2018-02-20,28,USD,US,Fashion,Footwear,Boston,County,"A new footwear collection focused on creativity, quality and original ideas.",0
2509,38,124,2291.82,2019-08-03,2019-09-15,43,EUR,DE,Comics,Comic Books,Munich,City,"A new comic books project featuring original characters, artwork and storytelling.",1
2510,47,85,23073.95,2018-02-07,2018-03-09,30,GBP,GB,Crafts,Woodworking,Edinburgh,City,A new woodworking project making useful and creative handmade products.,1
2511,24,105,68842.81,2019-04-30,2019-06-17,48,USD,US,Fashion,Apparel,Los Angeles,Island,"A new apparel collection focused on creativity, quality and original ideas.",1
2512,18,50,2998.55,2020-10-31,2020-11-24,24,CAD,CA,Design,Product Design,Montreal,City,We are creating a practical product design with a fresh and thoughtful design.,1
2513,55,125,41469.45,2020-10-03,2020-10-24,21,USD,US,Food,Restaurants,Los Angeles,City,We are developing a new restaurants project for people who love great food.,1
2514,60,151,17796.34,2020-07-13,2020-08-21,39,USD,US,Games,Tabletop Games,Portland,City,"A new tabletop games experience built for players, families and communities.",0
2515,36,70,13906.95,2019-12-09,2020-01-19,41,GBP,GB,Music,Hip-Hop,Manchester,Town,Support our new hip-hop project and help us share the music with listeners.,1
2516,44,143,4450.09,2020-06-20,2020-07-19,29,USD,US,Crafts,DIY,Portland,City,A new diy project making useful and creative handmade products.,1
2517,41,107,8503.07,2020-02-24,2020-04-10,46,USD,IN,Photography,Nature,Hyderabad,City,"A new nature project documenting people, places and memorable stories.",1
2518,2,124,23681.52,2018-10-11,2018-11-22,42,USD,US,Journalism,Audio,San Francisco,City,A new audio project focused on independent stories and community voices.,1
2519,38,73,6217.91,2019-07-25,2019-08-17,23,USD,US,Crafts,Crochet,Seattle,City,A new crochet project making useful and creative handmade products.,1
2520,57,77,2630.08,2019-11-19,2019-12-10,21,USD,US,Crafts,Woodworking,Chicago,City,A new woodworking project making useful and creative handmade products.,0
2521,17,111,2468.73,2018-07-08,2018-08-07,30,EUR,FR,Publishing,Nonfiction,Toulouse,Zip,We are creating a new nonfiction book and bringing the project to readers.,1
2522,16,102,18547.46,2020-11-10,2020-12-20,40,USD,US,Publishing,Nonfiction,New York,Town,We are creating a new nonfiction book and bringing the project to readers.,1
2523,24,112,25617.52,2019-06-22,2019-08-10,49,CAD,CA,Fashion,Footwear,Toronto,City,"A new footwear collection focused on creativity, quality and original ideas.",1
2524,28,64,10804.76,2019-05-04,2019-06-04,31,USD,US,Theater,Musicals,Chicago,Town,A new musicals production bringing an original story to the stage.,1
2525,45,126,200005.87,2021-03-01,2021-04-07,37,USD,US,Theater,Experimental Theater,Boston,City,A new experimental theater production bringing an original story to the stage.,0
2526,55,120,859.73,2018-06-09,2018-07-01,22,GBP,GB,Art,Illustration,Manchester,Island,"A new illustration project exploring creative ideas, materials and visual storytelling.",1
2527,54,141,21616.38,2018-12-25,2019-01-10,16,EUR,IT,Film & Video,Documentary,Florence,City,Help us bring this original documentary story to life for a wider audience.,0
2528,45,117,691.96,2020-08-10,2020-09-24,45,SEK,SE,Photography,Fine Art,Stockholm,City,"A new fine art project documenting people, places and memorable stories.",1
2529,11,151,10216.53,2018-06-17,2018-08-02,46,USD,US,Art,Sculpture,Los Angeles,City,"A new sculpture project exploring creative ideas, materials and visual storytelling.",0
2530,11,151,17680.76,2020-01-15,2020-02-27,43,GBP,GB,Technology,Hardware,Manchester,City,Introducing a new hardware project designed to make everyday work easier.,1
2531,46,109,9127.62,2018-12-07,2018-12-24,17,NZD,NZ,Design,Architecture,Auckland,LocalAdmin,We are creating a practical architecture with a fresh and thoughtful design.,0
2532,11,107,582.22,2020-03-24,2020-04-15,22,USD,US,Theater,Musicals,Portland,City,A new musicals production bringing an original story to the stage.,0
2533,43,83,10355.02,2021-02-16,2021-03-04,16,EUR,ES,Journalism,Audio,Valencia,Town,A new audio project focused on independent stories and community voices.,1
2534,39,67,12054.47,2018-11-13,2018-12-28,45,USD,US,Publishing,Children's Books,Boston,City,We are creating a new children's books book and bringing the project to readers.,1
2535,28,101,48231.12,2020-06-30,2020-08-20,51,EUR,IE,Food,Restaurants,Galway,City,We are developing a new restaurants project for people who love great food.,1
2536,1,89,1313.92,2018-01-01,2018-02-04,34,EUR,DE,Dance,Performances,Berlin,City,"A new performances project combining movement, performance and original ideas.",1
2537,38,84,111988.86,2018-07-04,2018-08-16,43,DKK,DK,Design,Graphic Design,Odense,Island,We are creating a practical graphic design with a fresh and thoughtful design.,1
2538,43,119,242.27,2018-08-01,2018-09-01,31,AUD,AU,Dance,Dance Training,Perth,Town,"A new dance training project combining movement, performance and original ideas.",1
2539,27,61,1609.8,2019-06-11,2019-07-05,24,USD,US,Photography,Nature,Portland,Suburb,"A new nature project documenting people, places and memorable stories.",1
2540,19,73,15767.01,2019-08-04,2019-09-28,55,DKK,DK,Photography,Fine Art,Odense,Town,"A new fine art project documenting people, places and memorable stories.",1
2541,39,49,19422.37,2018-12-12,2019-01-17,36,USD,US,Technology,Apps,Portland,Town,Introducing a new apps project designed to make everyday work easier.,1
2542,13,67,125015.46,2018-03-22,2018-04-11,20,USD,US,Dance,Experimental,Austin,Suburb,"A new experimental project combining movement, performance and original ideas.",0
2543,44,90,16190.95,2019-09-20,2019-11-16,57,EUR,DE,Photography,Nature,Berlin,LocalAdmin,"A new nature project documenting people, places and memorable stories.",1
2544,51,132,10252.5,2018-09-05,2018-10-23,48,EUR,FR,Food,Food,Marseille,City,We are developing a new food project for people who love great food.,0
2545,6,151,23897.73,2021-01-28,2021-03-14,45,EUR,IE,Comics,Comic Books,Cork,City,"A new comic books project featuring original characters, artwork and storytelling.",1
2546,27,56,318.52,2020-07-23,2020-08-18,26,USD,US,Art,Illustration,Portland,City,"A new illustration project exploring creative ideas, materials and visual storytelling.",0
2547,34,134,2516.89,2019-04-07,2019-05-03,26,EUR,FR,Crafts,Woodworking,Toulouse,County,A new woodworking project making useful and creative handmade products.,1
2548,35,79,1940.87,2018-04-24,2018-05-24,30,EUR,DE,Games,Tabletop Games,Cologne,LocalAdmin,"A new tabletop games experience built for players, families and communities.",1
2549,22,113,52478.78,2019-04-03,2019-05-12,39,USD,US,Dance,Performances,Los Angeles,City,"A new performances project combining movement, performance and original ideas.",0
2550,15,125,90009.75,2019-09-04,2019-10-10,36,USD,US,Journalism,Investigative,Austin,Suburb,A new investigative project focused on independent stories and community voices.,0
2551,28,150,216070.21,2019-12-01,2020-01-11,41,USD,US,Design,Architecture,San Francisco,City,We are creating a practical architecture with a fresh and thoughtful design.,1
2552,45,151,29012.11,2018-04-26,2018-06-03,38,USD,US,Comics,Webcomics,San Francisco,City,"A new webcomics project featuring original characters, artwork and storytelling.",1
2553,44,139,47823.79,2019-06-06,2019-07-02,26,USD,IN,Dance,Dance Training,Hyderabad,City,"A new dance training project combining movement, performance and original ideas.",1
2554,44,94,13880.86,2018-05-20,2018-06-21,32,AUD,AU,Comics,Webcomics,Perth,City,"A new webcomics project featuring original characters, artwork and storytelling.",0
2555,54,62,5534.37,2018-09-11,2018-11-09,59,EUR,DE,Theater,Experimental Theater,Hamburg,Island,A new experimental theater production bringing an original story to the stage.,1
2556,19,115,2251.31,2020-09-25,2020-10-25,30,USD,IN,Comics,Graphic Novels,Mumbai,City,"A new graphic novels project featuring original characters, artwork and storytelling.",1
2557,29,127,1959.38,2020-05-14,2020-06-01,18,USD,US,Dance,Dance Training,Portland,Town,"A new dance training project combining movement, performance and original ideas.",1
2558,32,73,1432.69,2018-06-13,2018-07-09,26,EUR,IT,Fashion,Apparel,Florence,County,"A new apparel collection focused on creativity, quality and original ideas.",1
2559,1,131,37267.66,2020-06-03,2020-07-20,47,USD,US,Film & Video,Webseries,Boston,Suburb,Help us bring this original webseries story to life for a wider audience.,1
2560,38,95,6356.72,2021-01-13,2021-02-18,36,EUR,NL,Journalism,Audio,Amsterdam,City,A new audio project focused on independent stories and community voices.,1
2561,35,74,3909.53,2019-01-02,2019-02-03,32,USD,US,Crafts,Candles,Seattle,City,A new candles project making useful and creative handmade products.,1
2562,18,112,518.3,2018-03-07,2018-04-23,47,DKK,DK,Crafts,DIY,Copenhagen,City,A new diy project making useful and creative handmade products.,1
2563,48,81,2913.89,2020-07-06,2020-08-16,41,USD,US,Journalism,Print,New York,City,A new print project focused on independent stories and community voices.,0
2564,47,73,7689.79,2019-04-13,2019-06-08,56,USD,US,Fashion,Apparel,Austin,Zip,"A new apparel collection focused on creativity, quality and original ideas.",1
2565,41,117,1109.01,2019-06-13,2019-07-16,33,EUR,DE,Publishing,Nonfiction,Berlin,City,We are creating a new nonfiction book and bringing the project to readers.,1
2566,9,120,740925.7,2018-06-01,2018-06-29,28,USD,US,Photography,Nature,New York,LocalAdmin,"A new nature project documenting people, places and memorable stories.",1
2567,20,97,1502.86,2021-02-13,2021-03-24,39,CAD,CA,Crafts,DIY,Calgary,City,A new diy project making useful and creative handmade products.,1
2568,40,116,71623.04,2020-01-29,2020-03-17,48,GBP,GB,Publishing,Children's Books,Bristol,Suburb,We are creating a new children's books book and bringing the project to readers.,0
2569,27,142,9955.21,2019-03-31,2019-05-08,38,EUR,DE,Comics,Webcomics,Hamburg,Town,"A new webcomics project featuring original characters, artwork and storytelling.",1
2570,32,133,4987.24,2019-11-01,2019-12-23,52,USD,US,Food,Food,Boston,City,We are developing a new food project for people who love great food.,1
2571,18,83,8152.21,2019-04-14,2019-05-21,37,USD,US,Design,Architecture,New York,Suburb,We are creating a practical architecture with a fresh and thoughtful design.,1
2572,38,109,12264.4,2020-01-21,2020-02-09,19,USD,US,Theater,Plays,Austin,City,A new plays production bringing an original story to the stage.,0
2573,58,87,17047.56,2021-02-06,2021-04-05,58,GBP,GB,Art,Painting,Edinburgh,Suburb,"A new painting project exploring creative ideas, materials and visual storytelling.",1
2574,40,66,2619.33,2019-02-05,2019-03-27,50,USD,US,Crafts,Candles,Seattle,Town,A new candles project making useful and creative handmade products.,1
2575,50,127,28555.62,2020-09-07,2020-10-15,38,USD,US,Journalism,Investigative,New York,County,A new investigative project focused on independent stories and community voices.,0
2576,48,138,7783.3,2018-08-28,2018-10-17,50,USD,US,Food,Drinks,San Francisco,Zip,We are developing a new drinks project for people who love great food.,1
2577,30,94,1524.17,2020-11-23,2020-12-12,19,USD,US,Dance,Experimental,San Francisco,City,"A new experimental project combining movement, performance and original ideas.",1
2578,32,115,6182.77,2020-05-25,2020-07-17,53,CAD,CA,Technology,Software,Calgary,Town,Introducing a new software project designed to make everyday work easier.,0
2579,57,151,108356.55,2020-05-12,2020-06-01,20,SEK,SE,Film & Video,Feature Film,Gothenburg,City,Help us bring this original feature film story to life for a wider audience.,1
2580,46,139,16861.35,2020-01-17,2020-03-16,59,USD,US,Journalism,Audio,Portland,Suburb,A new audio project focused on independent stories and community voices.,1
2581,49,90,12085.27,2020-11-05,2020-12-25,50,CAD,CA,Photography,Nature,Calgary,Island,"A new nature project documenting people, places and memorable stories.",1
2582,37,106,6478.32,2020-05-06,2020-07-04,59,AUD,AU,Technology,Software,Brisbane,Town,Introducing a new software project designed to make everyday work easier.,1
2583,29,87,7317.68,2018-03-04,2018-03-22,18,USD,US,Technology,Apps,New York,County,Introducing a new apps project designed to make everyday work easier.,1
2584,31,115,16878.98,2020-06-04,2020-06-28,24,EUR,DE,Comics,Webcomics,Hamburg,City,"A new webcomics project featuring original characters, artwork and storytelling.",1
2585,56,109,7951.9,2018-01-26,2018-02-10,15,USD,US,Film & Video,Webseries,Chicago,County,Help us bring this original webseries story to life for a wider audience.,1
2586,35,73,24258.81,2019-07-28,2019-09-01,35,GBP,GB,Design,Architecture,Bristol,LocalAdmin,We are creating a practical architecture with a fresh and thoughtful design.,1
2587,54,94,19805.44,2020-06-19,2020-08-12,54,USD,US,Design,Product Design,Seattle,LocalAdmin,We are creating a practical product design with a fresh and thoughtful design.,1
2588,56,46,1888.53,2020-02-16,2020-04-09,53,AUD,AU,Fashion,Accessories,Brisbane,Suburb,"A new accessories collection focused on creativity, quality and original ideas.",1
2589,49,77,27197.08,2018-04-15,2018-06-05,51,AUD,AU,Publishing,Fiction,Brisbane,City,We are creating a new fiction book and bringing the project to readers.,0
2590,47,120,2732.68,2018-10-16,2018-11-02,17,USD,US,Games,Video Games,Boston,LocalAdmin,"A new video games experience built for players, families and communities.",1
2591,60,112,2563.91,2020-05-14,2020-06-28,45,USD,US,Technology,Hardware,Seattle,City,Introducing a new hardware project designed to make everyday work easier.,1
2592,22,136,11539.1,2019-12-27,2020-02-06,41,USD,IN,Fashion,Footwear,Bengaluru,City,"A new footwear collection focused on creativity, quality and original ideas.",1
2593,29,110,17905.89,2018-01-30,2018-03-02,31,USD,US,Photography,Fine Art,Austin,Island,"A new fine art project documenting people, places and memorable stories.",1
2594,16,102,31125.94,2020-08-11,2020-09-17,37,GBP,GB,Publishing,Fiction,Bristol,City,We are creating a new fiction book and bringing the project to readers.,1
2595,13,151,424.26,2019-06-11,2019-07-08,27,NZD,NZ,Theater,Musicals,Auckland,City,A new musicals production bringing an original story to the stage.,1
2596,34,98,40781.98,2021-01-30,2021-03-12,41,EUR,DE,Technology,Apps,Hamburg,City,Introducing a new apps project designed to make everyday work easier.,0
2597,39,96,22749.26,2020-01-27,2020-03-01,34,CAD,CA,Food,Drinks,Montreal,City,We are developing a new drinks project for people who love great food.,1
2598,43,109,3894.05,2020-10-08,2020-12-07,60,EUR,FR,Film & Video,Webseries,Toulouse,City,Help us bring this original webseries story to life for a wider audience.,1
2599,25,85,8319.49,2018-08-06,2018-09-02,27,EUR,NL,Games,Tabletop Games,Rotterdam,City,"A new tabletop games experience built for players, families and communities.",1
2600,29,116,16312.97,2020-10-24,2020-12-21,58,GBP,GB,Dance,Dance Training,London,City,"A new dance training project combining movement, performance and original ideas.",1
2601,48,86,53.7,2019-07-02,2019-08-09,38,GBP,GB,Comics,Comic Books,Bristol,City,"A new comic books project featuring original characters, artwork and storytelling.",1
2602,13,95,1726.02,2018-12-14,2019-02-07,55,USD,US,Film & Video,Documentary,San Francisco,City,Help us bring this original documentary story to life for a wider audience.,1
2603,35,86,72594.07,2019-10-20,2019-11-06,17,USD,IN,Fashion,Accessories,Chennai,County,"A new accessories collection focused on creativity, quality and original ideas.",1
2604,55,55,4717.21,2021-01-25,2021-03-23,57,AUD,AU,Art,Painting,Melbourne,City,"A new painting project exploring creative ideas, materials and visual storytelling.",1
2605,31,36,10503.71,2018-10-30,2018-11-23,24,USD,US,Music,Classical,Los Angeles,LocalAdmin,Support our new classical project and help us share the music with listeners.,1
2606,29,65,10015.18,2019-12-06,2019-12-21,15,EUR,NL,Games,Mobile Games,Amsterdam,City,"A new mobile games experience built for players, families and communities.",1
2607,54,142,36329.08,2019-01-26,2019-02-22,27,GBP,GB,Games,Mobile Games,London,Island,"A new mobile games experience built for players, families and communities.",1
2608,14,110,6389.22,2019-11-16,2019-12-14,28,USD,US,Photography,Nature,Austin,Suburb,"A new nature project documenting people, places and memorable stories.",0
2609,23,94,7283.12,2019-07-15,2019-08-31,47,GBP,GB,Comics,Comic Books,Edinburgh,City,"A new comic books project featuring original characters, artwork and storytelling.",1
2610,24,77,16123.88,2019-01-07,2019-01-23,16,USD,US,Crafts,DIY,Boston,Town,A new diy project making useful and creative handmade products.,0
2611,45,146,44576.87,2019-11-02,2019-11-18,16,EUR,NL,Design,Graphic Design,Amsterdam,County,We are creating a practical graphic design with a fresh and thoughtful design.,0
2612,11,89,72798.07,2021-03-16,2021-05-08,53,USD,US,Design,Architecture,Austin,Zip,We are creating a practical architecture with a fresh and thoughtful design.,1
2613,54,83,7319.19,2018-04-03,2018-05-28,55,EUR,IT,Theater,Musicals,Rome,Zip,A new musicals production bringing an original story to the stage.,1
2614,35,51,5607.02,2019-05-04,2019-06-18,45,GBP,GB,Art,Mixed Media,London,City,"A new mixed media project exploring creative ideas, materials and visual storytelling.",1
2615,51,41,9565.9,2018-01-24,2018-02-11,18,USD,US,Food,Food,Austin,Town,We are developing a new food project for people who love great food.,1
2616,54,122,95032.95,2020-02-06,2020-03-25,48,USD,IN,Photography,Nature,Chennai,City,"A new nature project documenting people, places and memorable stories.",1
2617,23,151,40095.28,2018-09-08,2018-10-11,33,GBP,GB,Food,Drinks,Bristol,City,We are developing a new drinks project for people who love great food.,1
2618,35,117,5704.61,2018-08-05,2018-09-25,51,USD,US,Dance,Performances,Seattle,City,"A new performances project combining movement, performance and original ideas.",0
2619,32,116,983.28,2019-05-10,2019-06-02,23,GBP,GB,Publishing,Nonfiction,London,City,We are creating a new nonfiction book and bringing the project to readers.,1
2620,34,151,66733.59,2020-08-16,2020-09-23,38,EUR,NL,Film & Video,Webseries,Rotterdam,City,Help us bring this original webseries story to life for a wider audience.,0
2621,26,123,79419.53,2019-12-25,2020-01-21,27,USD,US,Theater,Experimental Theater,Los Angeles,Suburb,A new experimental theater production bringing an original story to the stage.,1
2622,52,108,2144.67,2019-01-12,2019-03-11,58,USD,US,Theater,Plays,Boston,Town,A new plays production bringing an original story to the stage.,1
2623,32,125,6018.53,2021-03-06,2021-04-19,44,USD,US,Music,Classical,New York,City,Support our new classical project and help us share the music with listeners.,1
2624,30,135,46689.32,2019-07-10,2019-08-12,33,USD,US,Journalism,Investigative,Austin,City,A new investigative project focused on independent stories and community voices.,0
2625,52,123,21821.5,2020-07-14,2020-09-07,55,EUR,FR,Crafts,DIY,Toulouse,LocalAdmin,A new diy project making useful and creative handmade products.,1
2626,48,93,545.38,2019-01-15,2019-02-08,24,GBP,GB,Fashion,Accessories,Edinburgh,LocalAdmin,"A new accessories collection focused on creativity, quality and original ideas.",1
2627,39,120,2088.51,2018-03-07,2018-05-02,56,USD,US,Technology,Hardware,New York,City,Introducing a new hardware project designed to make everyday work easier.,1
2628,29,87,29559.96,2020-03-04,2020-05-01,58,USD,US,Journalism,Print,San Francisco,City,A new print project focused on independent stories and community voices.,1
2629,57,107,17657.83,2020-10-08,2020-11-05,28,USD,US,Publishing,Children's Books,Los Angeles,City,We are creating a new children's books book and bringing the project to readers.,1
2630,19,120,33690.74,2019-08-31,2019-10-24,54,DKK,DK,Journalism,Investigative,Aarhus,City,A new investigative project focused on independent stories and community voices.,1
2631,51,151,40236.96,2020-03-14,2020-04-17,34,USD,US,Photography,Photobooks,Portland,City,"A new photobooks project documenting people, places and memorable stories.",1
2632,44,121,17453.73,2020-11-27,2020-12-15,18,USD,IN,Technology,Gadgets,Delhi,City,Introducing a new gadgets project designed to make everyday work easier.,1
2633,16,108,23022.99,2020-07-07,2020-08-28,52,GBP,GB,Games,Video Games,London,City,"A new video games experience built for players, families and communities.",1
2634,36,96,4963.18,2018-01-11,2018-03-10,58,USD,US,Art,Illustration,New York,Suburb,"A new illustration project exploring creative ideas, materials and visual storytelling.",1
2635,15,90,14324.71,2020-01-01,2020-02-23,53,SEK,SE,Design,Graphic Design,Gothenburg,City,We are creating a practical graphic design with a fresh and thoughtful design.,1
2636,30,96,19507.08,2018-02-21,2018-03-12,19,GBP,GB,Dance,Dance Training,Bristol,City,"A new dance training project combining movement, performance and original ideas.",1
2637,39,109,168871.8,2018-09-04,2018-10-30,56,EUR,DE,Food,Restaurants,Berlin,City,We are developing a new restaurants project for people who love great food.,0
2638,20,135,3342.77,2019-08-05,2019-09-20,46,USD,IN,Music,Classical,Delhi,County,Support our new classical project and help us share the music with listeners.,0
2639,1,70,36850.48,2019-12-08,2019-12-28,20,USD,US,Photography,Nature,Chicago,Town,"A new nature project documenting people, places and memorable stories.",0
2640,33,131,10032.16,2020-09-25,2020-10-23,28,USD,US,Art,Mixed Media,Seattle,City,"A new mixed media project exploring creative ideas, materials and visual storytelling.",1
2641,38,91,38060.54,2018-11-29,2018-12-19,20,EUR,DE,Games,Mobile Games,Hamburg,LocalAdmin,"A new mobile games experience built for players, families and communities.",1
2642,29,87,9957.61,2019-08-03,2019-08-31,28,USD,US,Fashion,Accessories,Los Angeles,City,"A new accessories collection focused on creativity, quality and original ideas.",0
2643,35,123,74431.9,2020-03-27,2020-04-22,26,USD,US,Dance,Performances,Boston,City,"A new performances project combining movement, performance and original ideas.",0
2644,32,97,3796.06,2020-06-13,2020-07-24,41,USD,US,Photography,Photobooks,New York,Town,"A new photobooks project documenting people, places and memorable stories.",1
2645,20,122,14959.42,2019-12-19,2020-01-28,40,USD,US,Games,Tabletop Games,Portland,Suburb,"A new tabletop games experience built for players, families and communities.",1
2646,64,120,23710.82,2019-07-05,2019-07-31,26,EUR,FR,Music,Classical,Lyon,Town,Support our new classical project and help us share the music with listeners.,0
2647,40,132,4173.93,2020-02-06,2020-02-28,22,USD,US,Design,Graphic Design,Portland,City,We are creating a practical graphic design with a fresh and thoughtful design.,1
2648,29,148,19242.24,2020-06-04,2020-06-28,24,GBP,GB,Theater,Plays,Manchester,City,A new plays production bringing an original story to the stage.,1
2649,23,56,57147.46,2020-12-05,2021-01-04,30,CAD,CA,Design,Graphic Design,Vancouver,City,We are creating a practical graphic design with a fresh and thoughtful design.,0
2650,29,114,10814.34,2020-01-06,2020-02-15,40,USD,US,Photography,Photobooks,Portland,City,"A new photobooks project documenting people, places and memorable stories.",0
2651,30,86,38403.88,2018-10-11,2018-11-02,22,USD,US,Design,Graphic Design,Seattle,City,We are creating a practical graphic design with a fresh and thoughtful design.,1
2652,36,121,4219.6,2021-01-02,2021-02-26,55,EUR,FR,Art,Painting,Paris,City,"A new painting project exploring creative ideas, materials and visual storytelling.",0
2653,52,66,2193.32,2020-05-15,2020-07-13,59,USD,US,Art,Mixed Media,Seattle,City,"A new mixed media project exploring creative ideas, materials and visual storytelling.",0
2654,23,110,35265.1,2019-12-08,2020-01-20,43,EUR,FR,Food,Food,Marseille,City,We are developing a new food project for people who love great food.,1
2655,38,52,5043.85,2020-05-26,2020-06-29,34,SEK,SE,Photography,Photobooks,Malmo,City,"A new photobooks project documenting people, places and memorable stories.",1
2656,47,109,892.25,2019-10-08,2019-11-08,31,USD,US,Food,Restaurants,Portland,City,We are developing a new restaurants project for people who love great food.,1
2657,25,108,3693.3,2019-04-11,2019-05-14,33,GBP,GB,Photography,Fine Art,London,County,"A new fine art project documenting people, places and memorable stories.",1
2658,25,88,96897.5,2019-03-03,2019-04-03,31,GBP,GB,Theater,Musicals,Bristol,Suburb,A new musicals production bringing an original story to the stage.,1
2659,12,96,62073.56,2018-02-19,2018-04-13,53,USD,US,Theater,Experimental Theater,New York,Town,A new experimental theater production bringing an original story to the stage.,1
2660,60,97,2113.31,2020-02-21,2020-03-07,15,SEK,SE,Fashion,Accessories,Gothenburg,City,"A new accessories collection focused on creativity, quality and original ideas.",1
2661,43,62,1245.2,2018-04-23,2018-06-05,43,SEK,SE,Photography,Photobooks,Stockholm,City,"A new photobooks project documenting people, places and memorable stories.",1
2662,26,69,6363.58,2020-10-07,2020-11-04,28,USD,US,Music,Rock,New York,County,Support our new rock project and help us share the music with listeners.,1
2663,26,114,60196.76,2020-09-25,2020-10-26,31,CAD,CA,Publishing,Nonfiction,Calgary,County,We are creating a new nonfiction book and bringing the project to readers.,0
2664,20,140,8859.76,2019-01-26,2019-02-22,27,EUR,IE,Dance,Experimental,Dublin,City,"A new experimental project combining movement, performance and original ideas.",1
2665,37,132,8974.87,2020-07-05,2020-08-17,43,USD,IN,Comics,Graphic Novels,Delhi,County,"A new graphic novels project featuring original characters, artwork and storytelling.",1
2666,30,47,4632.06,2018-12-04,2019-01-21,48,GBP,GB,Technology,Gadgets,Edinburgh,Zip,Introducing a new gadgets project designed to make everyday work easier.,1
2667,21,145,7877.81,2018-03-23,2018-05-03,41,GBP,GB,Comics,Comic Books,Edinburgh,Zip,"A new comic books project featuring original characters, artwork and storytelling.",0
2668,23,147,44629.25,2019-01-09,2019-03-10,60,USD,US,Games,Mobile Games,Austin,Zip,"A new mobile games experience built for players, families and communities.",1
2669,46,86,13695.34,2020-08-16,2020-10-02,47,NOK,NO,Theater,Musicals,Oslo,County,A new musicals production bringing an original story to the stage.,0
2670,29,86,8775.99,2019-08-03,2019-09-15,43,USD,US,Design,Product Design,Boston,City,We are creating a practical product design with a fresh and thoughtful design.,0
2671,17,92,32900.1,2019-06-28,2019-08-18,51,CAD,CA,Dance,Performances,Vancouver,Town,"A new performances project combining movement, performance and original ideas.",1
2672,36,118,13408.34,2021-02-24,2021-04-18,53,USD,US,Journalism,Print,Boston,County,A new print project focused on independent stories and community voices.,1
2673,25,99,52340.26,2020-03-17,2020-04-19,33,USD,US,Publishing,Nonfiction,Los Angeles,City,We are creating a new nonfiction book and bringing the project to readers.,1
2674,45,120,4182.41,2020-08-31,2020-10-30,60,USD,US,Art,Illustration,Los Angeles,City,"A new illustration project exploring creative ideas, materials and visual storytelling.",1
2675,58,69,18294.77,2019-08-30,2019-10-07,38,USD,IN,Film & Video,Feature Film,Mumbai,Town,Help us bring this original feature film story to life for a wider audience.,1
2676,6,76,47495.86,2021-03-09,2021-04-06,28,USD,US,Crafts,Crochet,New York,Suburb,A new crochet project making useful and creative handmade products.,1
2677,24,82,133303.81,2018-01-11,2018-03-03,51,CAD,CA,Fashion,Apparel,Montreal,City,"A new apparel collection focused on creativity, quality and original ideas.",1
2678,37,83,2202.84,2019-04-05,2019-04-24,19,USD,US,Design,Product Design,Chicago,City,We are creating a practical product design with a fresh and thoughtful design.,1
2679,34,121,9167.25,2019-08-04,2019-09-11,38,USD,US,Design,Architecture,Los Angeles,Suburb,We are creating a practical architecture with a fresh and thoughtful design.,1
2680,54,115,1560.83,2019-05-31,2019-07-18,48,USD,US,Music,Rock,Austin,Zip,Support our new rock project and help us share the music with listeners.,1
2681,35,128,2669.03,2021-03-10,2021-04-24,45,GBP,GB,Design,Architecture,Edinburgh,City,We are creating a practical architecture with a fresh and thoughtful design.,1
2682,38,140,12349.39,2020-06-07,2020-07-21,44,USD,US,Art,Sculpture,New York,City,"A new sculpture project exploring creative ideas, materials and visual storytelling.",1
2683,41,120,518.46,2018-03-22,2018-04-14,23,USD,US,Art,Mixed Media,Los Angeles,City,"A new mixed media project exploring creative ideas, materials and visual storytelling.",1
2684,25,55,22985.89,2019-06-24,2019-08-04,41,USD,US,Crafts,Crochet,Los Angeles,City,A new crochet project making useful and creative handmade products.,0
2685,43,95,28460.65,2019-03-15,2019-04-26,42,USD,US,Technology,Gadgets,San Francisco,City,Introducing a new gadgets project designed to make everyday work easier.,1
2686,41,100,10659.66,2020-02-10,2020-04-06,56,USD,IN,Photography,Fine Art,Delhi,County,"A new fine art project documenting people, places and memorable stories.",1
2687,37,116,3261.84,2019-08-10,2019-09-19,40,DKK,DK,Journalism,Audio,Odense,LocalAdmin,A new audio project focused on independent stories and community voices.,1
2688,6,80,8222.18,2020-04-02,2020-05-04,32,USD,US,Dance,Dance Training,New York,City,"A new dance training project combining movement, performance and original ideas.",1
2689,24,151,319155.93,2019-07-18,2019-09-06,50,CAD,CA,Design,Graphic Design,Calgary,City,We are creating a practical graphic design with a fresh and thoughtful design.,1
2690,38,96,5356.58,2020-06-09,2020-07-01,22,NZD,NZ,Comics,Comic Books,Auckland,Suburb,"A new comic books project featuring original characters, artwork and storytelling.",1
2691,34,98,3538.55,2018-02-07,2018-03-11,32,USD,US,Food,Drinks,Boston,City,We are developing a new drinks project for people who love great food.,1
2692,46,102,333.24,2019-11-14,2019-12-18,34,EUR,IT,Music,Classical,Turin,City,Support our new classical project and help us share the music with listeners.,1
2693,46,93,60517.01,2018-10-30,2018-12-15,46,DKK,DK,Music,Hip-Hop,Odense,County,Support our new hip-hop project and help us share the music with listeners.,0
2694,40,56,1755.2,2019-04-01,2019-05-14,43,USD,US,Technology,Software,Boston,Suburb,Introducing a new software project designed to make everyday work easier.,1
2695,46,145,13758.34,2020-08-04,2020-09-05,32,USD,US,Comics,Comic Books,Chicago,LocalAdmin,"A new comic books project featuring original characters, artwork and storytelling.",0
2696,43,89,314272.05,2018-01-26,2018-02-16,21,USD,IN,Games,Video Games,Delhi,City,"A new video games experience built for players, families and communities.",1
2697,27,127,21271.05,2019-11-25,2019-12-10,15,GBP,GB,Comics,Webcomics,London,LocalAdmin,"A new webcomics project featuring original characters, artwork and storytelling.",1
2698,35,95,20907.31,2020-05-24,2020-07-05,42,USD,US,Publishing,Fiction,San Francisco,Town,We are creating a new fiction book and bringing the project to readers.,1
2699,19,89,7242.25,2020-10-01,2020-11-17,47,USD,US,Games,Tabletop Games,Austin,City,"A new tabletop games experience built for players, families and communities.",1
2700,57,71,19517.54,2019-03-17,2019-04-04,18,GBP,GB,Film & Video,Short Film,Edinburgh,County,Help us bring this original short film story to life for a wider audience.,0
2701,16,55,13493.48,2020-10-31,2020-12-04,34,AUD,AU,Theater,Plays,Sydney,City,A new plays production bringing an original story to the stage.,1
2702,4,95,27727.24,2020-10-12,2020-12-01,50,EUR,DE,Food,Drinks,Hamburg,City,We are developing a new drinks project for people who love great food.,1
2703,67,93,283.46,2018-03-13,2018-04-27,45,USD,IN,Theater,Experimental Theater,Bengaluru,County,A new experimental theater production bringing an original story to the stage.,1
2704,34,151,21609.62,2020-02-22,2020-04-14,52,USD,US,Music,Rock,Austin,County,Support our new rock project and help us share the music with listeners.,0
2705,48,110,23494.9,2020-03-23,2020-05-04,42,GBP,GB,Comics,Webcomics,Manchester,City,"A new webcomics project featuring original characters, artwork and storytelling.",1
2706,46,142,622212.97,2020-04-08,2020-04-25,17,GBP,GB,Film & Video,Documentary,Edinburgh,City,Help us bring this original documentary story to life for a wider audience.,1
2707,51,63,11920.62,2019-07-31,2019-08-20,20,USD,US,Photography,Nature,Austin,County,"A new nature project documenting people, places and memorable stories.",1
2708,44,110,16919.23,2020-09-25,2020-11-23,59,USD,US,Fashion,Accessories,Portland,County,"A new accessories collection focused on creativity, quality and original ideas.",0
2709,44,125,22180.59,2018-03-26,2018-05-02,37,USD,IN,Dance,Experimental,Chennai,LocalAdmin,"A new experimental project combining movement, performance and original ideas.",0
2710,1,111,23170.79,2019-03-19,2019-04-09,21,EUR,ES,Film & Video,Short Film,Seville,City,Help us bring this original short film story to life for a wider audience.,1
2711,21,113,1773.21,2020-05-25,2020-07-14,50,GBP,GB,Technology,Software,Bristol,City,Introducing a new software project designed to make everyday work easier.,0
2712,1,101,42666.81,2020-08-05,2020-08-20,15,CAD,CA,Publishing,Nonfiction,Calgary,City,We are creating a new nonfiction book and bringing the project to readers.,1
2713,23,72,2894.92,2019-02-17,2019-03-09,20,USD,US,Dance,Performances,Austin,City,"A new performances project combining movement, performance and original ideas.",0
2714,27,67,22538.3,2019-05-29,2019-07-06,38,GBP,GB,Comics,Graphic Novels,Bristol,Town,"A new graphic novels project featuring original characters, artwork and storytelling.",1
2715,33,129,3168.55,2020-02-15,2020-04-06,51,AUD,AU,Journalism,Investigative,Melbourne,City,A new investigative project focused on independent stories and community voices.,1
2716,21,88,8500.36,2021-03-03,2021-05-01,59,GBP,GB,Photography,Nature,Bristol,City,"A new nature project documenting people, places and memorable stories.",0
2717,30,95,5787.75,2021-02-25,2021-04-16,50,USD,IN,Film & Video,Short Film,Chennai,Town,Help us bring this original short film story to life for a wider audience.,1
2718,27,88,8157.78,2020-11-21,2020-12-29,38,CAD,CA,Food,Restaurants,Toronto,City,We are developing a new restaurants project for people who love great food.,1
2719,40,81,10550.92,2021-01-27,2021-03-20,52,USD,US,Comics,Graphic Novels,Boston,City,"A new graphic novels project featuring original characters, artwork and storytelling.",0
2720,46,64,21370.11,2020-03-14,2020-05-12,59,EUR,FR,Design,Architecture,Marseille,City,We are creating a practical architecture with a fresh and thoughtful design.,1
2721,38,151,10338.14,2019-04-05,2019-05-18,43,USD,US,Art,Sculpture,Boston,City,"A new sculpture project exploring creative ideas, materials and visual storytelling.",1
2722,44,47,46544.51,2020-03-06,2020-04-26,51,USD,US,Film & Video,Short Film,Los Angeles,City,Help us bring this original short film story to life for a wider audience.,1
2723,38,129,5248.19,2019-09-22,2019-11-20,59,USD,US,Food,Food,Seattle,City,We are developing a new food project for people who love great food.,1
2724,53,141,23358.47,2019-08-10,2019-09-25,46,USD,US,Publishing,Nonfiction,New York,City,We are creating a new nonfiction book and bringing the project to readers.,1
2725,63,112,3302.07,2018-03-01,2018-04-09,39,EUR,FR,Fashion,Footwear,Paris,Suburb,"A new footwear collection focused on creativity, quality and original ideas.",1
2726,1,103,190179.42,2019-08-08,2019-09-01,24,GBP,GB,Design,Architecture,Edinburgh,LocalAdmin,We are creating a practical architecture with a fresh and thoughtful design.,1
2727,52,115,23512.97,2021-01-15,2021-03-05,49,EUR,FR,Theater,Experimental Theater,Marseille,City,A new experimental theater production bringing an original story to the stage.,1
2728,16,96,4072.63,2020-04-25,2020-06-03,39,CAD,CA,Fashion,Apparel,Calgary,Suburb,"A new apparel collection focused on creativity, quality and original ideas.",1
2729,38,137,176517.49,2018-03-17,2018-04-27,41,USD,US,Theater,Experimental Theater,Chicago,City,A new experimental theater production bringing an original story to the stage.,1
2730,39,142,26804.73,2020-07-02,2020-08-30,59,EUR,IT,Comics,Webcomics,Turin,City,"A new webcomics project featuring original characters, artwork and storytelling.",1
2731,44,124,4095.34,2018-08-07,2018-09-22,46,USD,US,Art,Painting,Austin,LocalAdmin,"A new painting project exploring creative ideas, materials and visual storytelling.",0
2732,34,58,9791.07,2020-05-02,2020-05-28,26,USD,US,Film & Video,Webseries,Seattle,City,Help us bring this original webseries story to life for a wider audience.,1
2733,35,128,2056.59,2020-10-19,2020-11-06,18,GBP,GB,Film & Video,Documentary,Edinburgh,City,Help us bring this original documentary story to life for a wider audience.,1
2734,40,147,2055.64,2021-01-20,2021-03-17,56,USD,US,Journalism,Print,New York,Suburb,A new print project focused on independent stories and community voices.,1
2735,30,126,78096.71,2018-05-15,2018-06-24,40,USD,US,Music,Rock,Chicago,Zip,Support our new rock project and help us share the music with listeners.,1
2736,7,138,2981.03,2018-02-15,2018-03-04,17,AUD,AU,Journalism,Print,Sydney,LocalAdmin,A new print project focused on independent stories and community voices.,1
2737,35,86,1509.34,2020-11-20,2020-12-21,31,GBP,GB,Technology,Software,Manchester,Zip,Introducing a new software project designed to make everyday work easier.,0
2738,24,94,32146.56,2020-05-28,2020-06-20,23,GBP,GB,Comics,Comic Books,Manchester,Town,"A new comic books project featuring original characters, artwork and storytelling.",1
2739,22,147,157194.59,2018-10-20,2018-12-02,43,USD,IN,Comics,Graphic Novels,Chennai,City,"A new graphic novels project featuring original characters, artwork and storytelling.",0
2740,21,128,72146.57,2018-10-02,2018-10-17,15,CAD,CA,Art,Illustration,Vancouver,City,"A new illustration project exploring creative ideas, materials and visual storytelling.",0
2741,5,101,418281.18,2018-10-17,2018-11-18,32,EUR,NL,Journalism,Audio,Utrecht,City,A new audio project focused on independent stories and community voices.,1
2742,29,100,512023.54,2018-04-29,2018-06-23,55,USD,US,Food,Food,San Francisco,City,We are developing a new food project for people who love great food.,1
2743,35,109,2972.23,2018-10-09,2018-11-12,34,CAD,CA,Theater,Experimental Theater,Toronto,County,A new experimental theater production bringing an original story to the stage.,1
2744,47,99,7405.54,2018-09-18,2018-11-12,55,EUR,NL,Food,Restaurants,Rotterdam,Suburb,We are developing a new restaurants project for people who love great food.,1
2745,26,108,1051.75,2020-06-25,2020-08-12,48,CAD,CA,Art,Sculpture,Calgary,City,"A new sculpture project exploring creative ideas, materials and visual storytelling.",1
2746,59,151,1978.64,2019-12-09,2020-01-20,42,EUR,DE,Photography,Photobooks,Hamburg,City,"A new photobooks project documenting people, places and memorable stories.",1
2747,44,87,63254.47,2020-03-15,2020-05-03,49,USD,US,Music,Rock,Austin,City,Support our new rock project and help us share the music with listeners.,1
2748,18,54,18431.07,2019-04-04,2019-05-04,30,USD,US,Food,Drinks,Seattle,County,We are developing a new drinks project for people who love great food.,1
2749,28,88,114713.47,2020-09-16,2020-10-21,35,GBP,GB,Games,Video Games,London,City,"A new video games experience built for players, families and communities.",1
2750,65,125,3137.67,2021-02-16,2021-03-15,27,USD,US,Technology,Software,Los Angeles,City,Introducing a new software project designed to make everyday work easier.,1
2751,46,126,5126.57,2019-02-19,2019-04-09,49,EUR,NL,Dance,Experimental,Amsterdam,City,"A new experimental project combining movement, performance and original ideas.",0
2752,27,76,30112.9,2018-02-14,2018-04-11,56,USD,US,Art,Sculpture,Austin,City,"A new sculpture project exploring creative ideas, materials and visual storytelling.",1
2753,48,97,61726.0,2020-01-17,2020-03-03,46,USD,IN,Art,Mixed Media,Chennai,City,"A new mixed media project exploring creative ideas, materials and visual storytelling.",1
2754,16,134,951.94,2018-12-02,2019-01-23,52,NOK,NO,Crafts,Crochet,Oslo,Town,A new crochet project making useful and creative handmade products.,1
2755,27,105,8266.11,2019-03-19,2019-04-08,20,USD,US,Theater,Plays,Austin,Suburb,A new plays production bringing an original story to the stage.,0
2756,1,77,22284.34,2018-12-21,2019-02-11,52,USD,US,Technology,Gadgets,Los Angeles,City,Introducing a new gadgets project designed to make everyday work easier.,1
2757,44,84,40388.02,2020-06-15,2020-08-06,52,SEK,SE,Design,Product Design,Gothenburg,Zip,We are creating a practical product design with a fresh and thoughtful design.,1
2758,18,150,54871.36,2019-08-11,2019-09-07,27,USD,IN,Design,Graphic Design,Hyderabad,City,We are creating a practical graphic design with a fresh and thoughtful design.,0
2759,34,94,10690.34,2021-03-20,2021-05-19,60,GBP,GB,Games,Mobile Games,Bristol,City,"A new mobile games experience built for players, families and communities.",1
2760,12,110,1768.13,2018-03-05,2018-04-27,53,USD,US,Journalism,Investigative,Portland,City,A new investigative project focused on independent stories and community voices.,1
2761,38,60,606.79,2020-06-10,2020-07-07,27,GBP,GB,Technology,Apps,Edinburgh,City,Introducing a new apps project designed to make everyday work easier.,1
2762,34,101,9046.74,2020-09-02,2020-09-28,26,AUD,AU,Photography,Nature,Melbourne,City,"A new nature project documenting people, places and memorable stories.",1
2763,13,151,7669.27,2020-05-13,2020-06-29,47,USD,US,Comics,Webcomics,New York,LocalAdmin,"A new webcomics project featuring original characters, artwork and storytelling.",1
2764,28,151,3494.13,2020-01-07,2020-02-18,42,EUR,DE,Comics,Comic Books,Munich,Town,"A new comic books project featuring original characters, artwork and storytelling.",1
2765,37,116,47904.2,2020-05-28,2020-06-14,17,USD,US,Fashion,Accessories,Chicago,City,"A new accessories collection focused on creativity, quality and original ideas.",1
2766,42,151,2026.17,2019-07-24,2019-08-25,32,USD,US,Theater,Plays,Portland,City,A new plays production bringing an original story to the stage.,1
2767,59,126,4300.9,2019-04-16,2019-05-26,40,USD,US,Games,Video Games,Austin,County,"A new video games experience built for players, families and communities.",1
2768,53,151,73218.41,2019-02-10,2019-04-05,54,USD,US,Art,Painting,Seattle,Suburb,"A new painting project exploring creative ideas, materials and visual storytelling.",1
2769,25,128,3610.03,2020-11-06,2020-11-22,16,USD,US,Games,Mobile Games,San Francisco,Town,"A new mobile games experience built for players, families and communities.",1
2770,24,148,19802.46,2018-11-04,2018-11-22,18,GBP,GB,Games,Video Games,Manchester,City,"A new video games experience built for players, families and communities.",0
2771,14,45,11822.91,2021-02-15,2021-03-29,42,USD,US,Publishing,Nonfiction,Los Angeles,Zip,We are creating a new nonfiction book and bringing the project to readers.,1
2772,20,120,17494.15,2020-08-20,2020-10-01,42,USD,US,Games,Tabletop Games,Chicago,City,"A new tabletop games experience built for players, families and communities.",1
2773,48,90,47054.26,2020-11-20,2020-12-29,39,USD,US,Design,Graphic Design,San Francisco,City,We are creating a practical graphic design with a fresh and thoughtful design.,1
2774,11,125,19867.95,2019-05-12,2019-06-21,40,USD,IN,Publishing,Children's Books,Mumbai,City,We are creating a new children's books book and bringing the project to readers.,1
2775,33,124,1399.02,2020-07-20,2020-09-17,59,USD,US,Theater,Experimental Theater,Boston,Zip,A new experimental theater production bringing an original story to the stage.,1
2776,30,150,1818.38,2019-09-08,2019-09-24,16,GBP,GB,Games,Mobile Games,London,City,"A new mobile games experience built for players, families and communities.",0
2777,24,139,18951.5,2018-07-10,2018-09-04,56,CAD,CA,Music,Rock,Montreal,City,Support our new rock project and help us share the music with listeners.,1
2778,15,66,2885.65,2018-11-11,2018-12-29,48,USD,IN,Dance,Dance Training,Bengaluru,City,"A new dance training project combining movement, performance and original ideas.",1
2779,7,52,52751.84,2019-09-18,2019-11-01,44,USD,US,Comics,Comic Books,Boston,Zip,"A new comic books project featuring original characters, artwork and storytelling.",1
2780,16,102,19376.9,2021-03-15,2021-04-19,35,AUD,AU,Publishing,Children's Books,Melbourne,City,We are creating a new children's books book and bringing the project to readers.,1
2781,34,131,839.84,2018-10-22,2018-12-19,58,EUR,DE,Fashion,Accessories,Hamburg,Town,"A new accessories collection focused on creativity, quality and original ideas.",1
2782,44,127,224300.14,2019-01-08,2019-02-28,51,CAD,CA,Technology,Hardware,Toronto,Town,Introducing a new hardware project designed to make everyday work easier.,1
2783,59,110,6802.11,2018-09-02,2018-10-30,58,USD,US,Dance,Dance Training,Los Angeles,Island,"A new dance training project combining movement, performance and original ideas.",1
2784,40,126,8675.57,2020-12-26,2021-02-01,37,AUD,AU,Fashion,Accessories,Brisbane,Suburb,"A new accessories collection focused on creativity, quality and original ideas.",1
2785,44,133,23100.46,2020-03-29,2020-05-15,47,USD,US,Crafts,Woodworking,Seattle,City,A new woodworking project making useful and creative handmade products.,0
2786,59,110,10492.07,2018-05-31,2018-06-16,16,CAD,CA,Fashion,Accessories,Vancouver,City,"A new accessories collection focused on creativity, quality and original ideas.",1
2787,40,127,53273.99,2019-06-18,2019-07-29,41,EUR,DE,Comics,Webcomics,Cologne,City,"A new webcomics project featuring original characters, artwork and storytelling.",1
2788,50,129,2476.87,2019-06-12,2019-07-18,36,USD,US,Comics,Graphic Novels,Chicago,County,"A new graphic novels project featuring original characters, artwork and storytelling.",0
2789,29,107,71013.14,2018-10-28,2018-12-15,48,EUR,ES,Publishing,Children's Books,Barcelona,City,We are creating a new children's books book and bringing the project to readers.,0
2790,46,151,34482.52,2018-07-14,2018-08-13,30,USD,US,Games,Tabletop Games,Boston,City,"A new tabletop games experience built for players, families and communities.",1
2791,38,72,3613.18,2020-08-02,2020-09-05,34,EUR,ES,Film & Video,Webseries,Madrid,City,Help us bring this original webseries story to life for a wider audience.,1
2792,31,151,17725.05,2018-10-19,2018-11-28,40,GBP,GB,Crafts,Crochet,Edinburgh,City,A new crochet project making useful and creative handmade products.,1
2793,58,139,78554.21,2018-09-15,2018-10-15,30,USD,US,Publishing,Children's Books,Chicago,City,We are creating a new children's books book and bringing the project to readers.,1
2794,17,151,26932.14,2018-06-13,2018-07-03,20,USD,US,Music,Pop,Seattle,Town,Support our new pop project and help us share the music with listeners.,1
2795,22,62,15080.0,2020-03-25,2020-05-23,59,NOK,NO,Art,Mixed Media,Bergen,Town,"A new mixed media project exploring creative ideas, materials and visual storytelling.",0
2796,53,97,31491.06,2020-03-05,2020-05-02,58,USD,US,Food,Drinks,Portland,County,We are developing a new drinks project for people who love great food.,1
2797,50,122,35880.75,2018-07-05,2018-08-11,37,USD,US,Technology,Hardware,Boston,County,Introducing a new hardware project designed to make everyday work easier.,1
2798,35,116,5479.21,2018-02-05,2018-04-02,56,USD,US,Fashion,Accessories,Boston,City,"A new accessories collection focused on creativity, quality and original ideas.",0
2799,40,95,15300.41,2018-10-02,2018-11-22,51,CAD,CA,Film & Video,Feature Film,Calgary,Suburb,Help us bring this original feature film story to life for a wider audience.,0
2800,43,117,44716.38,2018-02-26,2018-03-20,22,GBP,GB,Games,Video Games,Manchester,Suburb,"A new video games experience built for players, families and communities.",1
2801,40,145,14745.53,2018-07-01,2018-07-21,20,USD,US,Design,Product Design,Chicago,Town,We are creating a practical product design with a fresh and thoughtful design.,1
2802,39,112,3946.36,2018-09-03,2018-10-24,51,USD,US,Theater,Experimental Theater,Boston,Town,A new experimental theater production bringing an original story to the stage.,1
2803,22,67,18524.5,2019-06-01,2019-07-07,36,USD,US,Art,Painting,Chicago,City,"A new painting project exploring creative ideas, materials and visual storytelling.",1
2804,54,151,6551.45,2019-04-10,2019-04-30,20,USD,US,Photography,Nature,San Francisco,City,"A new nature project documenting people, places and memorable stories.",1
2805,32,79,29587.48,2019-10-01,2019-11-16,46,USD,US,Journalism,Investigative,Boston,Suburb,A new investigative project focused on independent stories and community voices.,1
2806,20,71,109574.04,2018-04-11,2018-05-12,31,EUR,DE,Film & Video,Documentary,Berlin,City,Help us bring this original documentary story to life for a wider audience.,1
2807,37,86,34277.86,2018-12-31,2019-02-21,52,USD,US,Theater,Experimental Theater,Portland,Town,A new experimental theater production bringing an original story to the stage.,1
2808,40,90,3347.51,2018-07-23,2018-08-23,31,USD,US,Design,Architecture,Boston,Suburb,We are creating a practical architecture with a fresh and thoughtful design.,1
2809,41,116,19154.19,2020-10-24,2020-12-14,51,USD,US,Crafts,Woodworking,New York,City,A new woodworking project making useful and creative handmade products.,1
2810,50,151,220.1,2021-02-15,2021-03-24,37,USD,IN,Photography,Nature,Delhi,City,"A new nature project documenting people, places and memorable stories.",1
2811,29,81,10282.67,2019-03-15,2019-04-11,27,NOK,NO,Publishing,Nonfiction,Oslo,Suburb,We are creating a new nonfiction book and bringing the project to readers.,1
2812,34,141,51532.43,2018-11-10,2018-12-26,46,EUR,IT,Games,Mobile Games,Milan,County,"A new mobile games experience built for players, families and communities.",1
2813,22,151,22383.4,2018-11-24,2018-12-30,36,USD,US,Art,Mixed Media,Austin,City,"A new mixed media project exploring creative ideas, materials and visual storytelling.",1
2814,39,95,14232.3,2019-05-09,2019-05-30,21,USD,US,Art,Sculpture,San Francisco,Town,"A new sculpture project exploring creative ideas, materials and visual storytelling.",1
2815,22,105,325745.88,2018-02-02,2018-03-10,36,USD,US,Art,Mixed Media,New York,Suburb,"A new mixed media project exploring creative ideas, materials and visual storytelling.",1
2816,26,117,854.21,2019-04-12,2019-05-17,35,USD,US,Crafts,Crochet,Los Angeles,LocalAdmin,A new crochet project making useful and creative handmade products.,0
2817,50,94,1208.85,2019-11-06,2019-11-26,20,GBP,GB,Photography,Nature,Manchester,Zip,"A new nature project documenting people, places and memorable stories.",1
2818,37,54,25334.1,2019-04-20,2019-05-18,28,EUR,FR,Fashion,Apparel,Marseille,City,"A new apparel collection focused on creativity, quality and original ideas.",1
2819,56,149,48276.74,2020-11-11,2020-12-11,30,EUR,NL,Journalism,Audio,Rotterdam,City,A new audio project focused on independent stories and community voices.,0
2820,53,113,51424.89,2020-01-19,2020-02-05,17,EUR,ES,Music,Pop,Seville,Island,Support our new pop project and help us share the music with listeners.,0
2821,38,91,4938.71,2018-05-06,2018-05-29,23,USD,US,Crafts,DIY,Los Angeles,City,A new diy project making useful and creative handmade products.,1
2822,40,107,3243.06,2019-06-02,2019-07-07,35,AUD,AU,Food,Restaurants,Brisbane,Town,We are developing a new restaurants project for people who love great food.,1
2823,31,99,2581.13,2019-06-18,2019-08-01,44,USD,US,Technology,Gadgets,Portland,City,Introducing a new gadgets project designed to make everyday work easier.,1
2824,51,126,19774.63,2020-01-13,2020-02-26,44,USD,US,Technology,Apps,Boston,City,Introducing a new apps project designed to make everyday work easier.,1
2825,40,81,2614.14,2018-11-18,2019-01-13,56,EUR,DE,Journalism,Print,Munich,City,A new print project focused on independent stories and community voices.,1
2826,49,97,67529.61,2020-11-04,2020-12-30,56,USD,US,Comics,Webcomics,Chicago,City,"A new webcomics project featuring original characters, artwork and storytelling.",1
2827,25,112,11599.8,2019-11-12,2019-12-28,46,USD,US,Technology,Hardware,Portland,Zip,Introducing a new hardware project designed to make everyday work easier.,1
2828,15,49,4031.47,2020-02-29,2020-04-06,37,USD,US,Games,Tabletop Games,New York,City,"A new tabletop games experience built for players, families and communities.",1
2829,43,101,4056.98,2019-09-22,2019-10-09,17,AUD,AU,Crafts,DIY,Perth,City,A new diy project making useful and creative handmade products.,1
2830,46,87,1116.78,2020-08-27,2020-09-11,15,EUR,FR,Design,Graphic Design,Toulouse,City,We are creating a practical graphic design with a fresh and thoughtful design.,1
2831,36,126,3504.11,2018-01-28,2018-02-14,17,USD,US,Journalism,Investigative,Seattle,City,A new investigative project focused on independent stories and community voices.,0
2832,44,115,5094.12,2019-09-30,2019-11-20,51,EUR,IT,Food,Restaurants,Rome,LocalAdmin,We are developing a new restaurants project for people who love great food.,1
2833,22,146,22588.28,2018-01-11,2018-02-01,21,USD,US,Comics,Graphic Novels,Austin,City,"A new graphic novels project featuring original characters, artwork and storytelling.",1
2834,49,48,10289.74,2019-02-01,2019-02-18,17,GBP,GB,Fashion,Footwear,Bristol,City,"A new footwear collection focused on creativity, quality and original ideas.",0
2835,53,89,3165.57,2018-09-03,2018-10-23,50,EUR,DE,Photography,Fine Art,Cologne,City,"A new fine art project documenting people, places and memorable stories.",1
2836,50,114,1796.41,2018-02-16,2018-03-05,17,AUD,AU,Design,Product Design,Brisbane,City,We are creating a practical product design with a fresh and thoughtful design.,1
2837,37,147,8311.0,2020-11-08,2020-11-26,18,USD,IN,Publishing,Children's Books,Chennai,City,We are creating a new children's books book and bringing the project to readers.,1
2838,53,75,497.96,2020-10-11,2020-11-25,45,USD,US,Journalism,Investigative,Portland,Town,A new investigative project focused on independent stories and community voices.,1
2839,18,84,7331.79,2018-12-22,2019-01-07,16,AUD,AU,Games,Video Games,Perth,City,"A new video games experience built for players, families and communities.",1
2840,44,147,67627.51,2019-10-21,2019-11-18,28,CAD,CA,Photography,Nature,Toronto,Suburb,"A new nature project documenting people, places and memorable stories.",1
2841,46,151,8796.58,2018-04-10,2018-05-31,51,NZD,NZ,Design,Architecture,Wellington,City,We are creating a practical architecture with a fresh and thoughtful design.,1
2842,43,151,15361.36,2019-05-13,2019-06-27,45,USD,US,Comics,Webcomics,Boston,City,"A new webcomics project featuring original characters, artwork and storytelling.",1
2843,21,151,12729.86,2019-10-30,2019-11-15,16,EUR,DE,Design,Architecture,Munich,City,We are creating a practical architecture with a fresh and thoughtful design.,1
2844,38,121,1401.86,2018-03-19,2018-05-03,45,CAD,CA,Theater,Plays,Montreal,City,A new plays production bringing an original story to the stage.,1
2845,31,112,182913.99,2019-02-11,2019-04-09,57,USD,US,Photography,Nature,Los Angeles,City,"A new nature project documenting people, places and memorable stories.",1
2846,6,151,6380.08,2019-06-12,2019-07-18,36,GBP,GB,Dance,Dance Training,Edinburgh,LocalAdmin,"A new dance training project combining movement, performance and original ideas.",1
2847,17,98,11937.87,2019-11-11,2019-12-05,24,USD,US,Theater,Plays,Boston,City,A new plays production bringing an original story to the stage.,1
2848,52,78,4343.54,2019-05-07,2019-06-20,44,CAD,CA,Music,Pop,Montreal,City,Support our new pop project and help us share the music with listeners.,0
2849,29,117,70028.9,2018-09-10,2018-10-27,47,SEK,SE,Film & Video,Short Film,Malmo,City,Help us bring this original short film story to life for a wider audience.,1
2850,51,97,1251.01,2020-10-17,2020-11-19,33,CAD,CA,Fashion,Accessories,Montreal,City,"A new accessories collection focused on creativity, quality and original ideas.",1
2851,52,85,90329.88,2021-01-22,2021-03-23,60,CAD,CA,Technology,Gadgets,Calgary,City,Introducing a new gadgets project designed to make everyday work easier.,1
2852,43,134,7487.57,2020-02-06,2020-03-16,39,GBP,GB,Comics,Comic Books,Bristol,City,"A new comic books project featuring original characters, artwork and storytelling.",1
2853,26,100,5248.46,2020-09-21,2020-11-20,60,USD,US,Photography,Photobooks,Austin,City,"A new photobooks project documenting people, places and memorable stories.",1
2854,49,114,4535.3,2020-06-10,2020-06-25,15,USD,US,Music,Classical,Portland,County,Support our new classical project and help us share the music with listeners.,1
2855,38,124,198008.89,2018-07-05,2018-08-20,46,GBP,GB,Music,Pop,London,Town,Support our new pop project and help us share the music with listeners.,1
2856,36,55,997.5,2018-12-02,2019-01-10,39,USD,US,Publishing,Fiction,Chicago,City,We are creating a new fiction book and bringing the project to readers.,0
2857,21,145,5237.86,2019-07-05,2019-08-29,55,USD,US,Design,Graphic Design,Los Angeles,Town,We are creating a practical graphic design with a fresh and thoughtful design.,0
2858,27,151,1622.9,2020-08-23,2020-09-23,31,GBP,GB,Film & Video,Documentary,Manchester,Suburb,Help us bring this original documentary story to life for a wider audience.,1
2859,22,146,722.87,2020-07-14,2020-08-11,28,USD,US,Music,Hip-Hop,New York,City,Support our new hip-hop project and help us share the music with listeners.,1
2860,49,1,90749.36,2018-06-04,2018-08-02,59,USD,US,Film & Video,Documentary,Portland,Town,Help us bring this original documentary story to life for a wider audience.,1
2861,58,115,11505.88,2020-05-25,2020-06-21,27,GBP,GB,Theater,Plays,Manchester,Town,A new plays production bringing an original story to the stage.,1
2862,49,52,1984.96,2020-12-30,2021-02-20,52,USD,US,Design,Graphic Design,Los Angeles,City,We are creating a practical graphic design with a fresh and thoughtful design.,1
2863,38,144,43379.82,2020-08-12,2020-10-04,53,EUR,IE,Photography,Nature,Galway,County,"A new nature project documenting people, places and memorable stories.",1
2864,30,144,6448.49,2019-11-23,2019-12-09,16,EUR,NL,Theater,Plays,Amsterdam,County,A new plays production bringing an original story to the stage.,0
2865,42,119,4404.95,2019-05-31,2019-07-16,46,EUR,DE,Games,Tabletop Games,Hamburg,Zip,"A new tabletop games experience built for players, families and communities.",1
2866,29,29,29275.4,2019-11-24,2020-01-09,46,USD,US,Dance,Performances,San Francisco,City,"A new performances project combining movement, performance and original ideas.",0
2867,35,108,6237.09,2018-09-27,2018-11-20,54,EUR,FR,Music,Classical,Toulouse,Town,Support our new classical project and help us share the music with listeners.,0
2868,23,74,2698.25,2018-04-23,2018-05-13,20,EUR,IT,Crafts,Candles,Florence,City,A new candles project making useful and creative handmade products.,1
2869,45,112,35261.1,2020-04-08,2020-05-17,39,EUR,FR,Theater,Musicals,Marseille,City,A new musicals production bringing an original story to the stage.,1
2870,46,108,9638.68,2020-06-08,2020-06-25,17,USD,US,Dance,Dance Training,Portland,Suburb,"A new dance training project combining movement, performance and original ideas.",1
2871,49,139,38161.78,2020-03-01,2020-04-02,32,AUD,AU,Design,Graphic Design,Brisbane,Zip,We are creating a practical graphic design with a fresh and thoughtful design.,0
2872,43,103,6427.15,2018-05-11,2018-07-02,52,EUR,ES,Publishing,Fiction,Madrid,City,We are creating a new fiction book and bringing the project to readers.,1
2873,42,151,58229.52,2018-06-05,2018-08-01,57,CAD,CA,Fashion,Footwear,Vancouver,City,"A new footwear collection focused on creativity, quality and original ideas.",1
2874,19,120,12263.82,2018-07-29,2018-08-15,17,AUD,AU,Crafts,Woodworking,Brisbane,City,A new woodworking project making useful and creative handmade products.,1
2875,19,92,61986.79,2019-12-08,2019-12-27,19,GBP,GB,Comics,Webcomics,Manchester,LocalAdmin,"A new webcomics project featuring original characters, artwork and storytelling.",0
2876,40,105,58922.02,2019-10-29,2019-12-06,38,GBP,GB,Technology,Apps,Edinburgh,City,Introducing a new apps project designed to make everyday work easier.,1
2877,52,147,81540.26,2018-05-21,2018-07-08,48,USD,US,Publishing,Children's Books,Los Angeles,Zip,We are creating a new children's books book and bringing the project to readers.,1
2878,31,151,13339.8,2020-12-08,2021-01-30,53,CAD,CA,Dance,Performances,Montreal,City,"A new performances project combining movement, performance and original ideas.",1
2879,35,28,21717.6,2019-03-11,2019-04-18,38,USD,US,Design,Product Design,Los Angeles,Suburb,We are creating a practical product design with a fresh and thoughtful design.,1
2880,35,72,8392.02,2020-01-17,2020-03-07,50,USD,US,Dance,Dance Training,Portland,Town,"A new dance training project combining movement, performance and original ideas.",1
2881,7,89,2984.6,2019-05-26,2019-07-07,42,USD,US,Technology,Gadgets,Portland,Zip,Introducing a new gadgets project designed to make everyday work easier.,0
2882,39,150,267740.27,2019-02-23,2019-04-12,48,GBP,GB,Music,Rock,Edinburgh,City,Support our new rock project and help us share the music with listeners.,0
2883,27,146,3740.22,2018-10-03,2018-11-02,30,USD,US,Publishing,Children's Books,Portland,City,We are creating a new children's books book and bringing the project to readers.,1
2884,44,138,48786.39,2019-09-19,2019-11-08,50,AUD,AU,Theater,Plays,Perth,City,A new plays production bringing an original story to the stage.,0
2885,35,142,36962.94,2020-03-23,2020-04-13,21,EUR,FR,Photography,Fine Art,Paris,Town,"A new fine art project documenting people, places and memorable stories.",1
2886,32,151,15887.6,2020-08-24,2020-09-25,32,USD,US,Crafts,Crochet,Portland,City,A new crochet project making useful and creative handmade products.,1
2887,33,125,9437.34,2018-10-09,2018-10-29,20,USD,US,Food,Food,San Francisco,Town,We are developing a new food project for people who love great food.,1
2888,30,141,9583.96,2020-11-28,2021-01-09,42,USD,US,Journalism,Print,San Francisco,Zip,A new print project focused on independent stories and community voices.,1
2889,15,121,4333.75,2019-04-19,2019-06-11,53,EUR,NL,Dance,Dance Training,Utrecht,County,"A new dance training project combining movement, performance and original ideas.",1
2890,49,140,13891.7,2018-01-15,2018-03-04,48,GBP,GB,Technology,Software,Manchester,County,Introducing a new software project designed to make everyday work easier.,0
2891,25,93,1922.75,2018-03-26,2018-05-20,55,GBP,GB,Comics,Webcomics,Edinburgh,Suburb,"A new webcomics project featuring original characters, artwork and storytelling.",1
2892,28,82,38211.94,2018-11-28,2019-01-10,43,USD,US,Comics,Webcomics,New York,City,"A new webcomics project featuring original characters, artwork and storytelling.",1
2893,36,88,8420.53,2018-04-05,2018-04-23,18,AUD,AU,Art,Painting,Melbourne,Town,"A new painting project exploring creative ideas, materials and visual storytelling.",0
2894,18,100,2701.41,2018-01-02,2018-01-30,28,EUR,NL,Publishing,Fiction,Rotterdam,Town,We are creating a new fiction book and bringing the project to readers.,0
2895,28,132,1659.34,2019-03-04,2019-03-23,19,EUR,ES,Dance,Experimental,Valencia,LocalAdmin,"A new experimental project combining movement, performance and original ideas.",1
2896,64,151,9781.18,2020-05-29,2020-07-07,39,CAD,CA,Journalism,Audio,Calgary,Town,A new audio project focused on independent stories and community voices.,1
2897,40,90,10323.01,2018-06-07,2018-07-30,53,USD,US,Games,Tabletop Games,Seattle,Suburb,"A new tabletop games experience built for players, families and communities.",1
2898,22,151,5375.8,2018-06-02,2018-06-24,22,USD,US,Technology,Software,Austin,City,Introducing a new software project designed to make everyday work easier.,1
2899,4,101,26144.35,2018-10-08,2018-11-06,29,USD,US,Music,Rock,New York,City,Support our new rock project and help us share the music with listeners.,1
2900,50,109,20593.85,2018-09-23,2018-10-26,33,USD,US,Film & Video,Short Film,Austin,Zip,Help us bring this original short film story to life for a wider audience.,0
2901,20,117,13103.84,2019-02-17,2019-03-14,25,USD,US,Theater,Plays,Chicago,City,A new plays production bringing an original story to the stage.,1
2902,27,89,2856.7,2021-01-03,2021-02-06,34,USD,US,Photography,Fine Art,Seattle,County,"A new fine art project documenting people, places and memorable stories.",0
2903,29,93,3810.97,2021-02-08,2021-03-30,50,USD,US,Journalism,Audio,Portland,Suburb,A new audio project focused on independent stories and community voices.,1
2904,21,99,1377.39,2019-11-27,2019-12-29,32,DKK,DK,Film & Video,Webseries,Copenhagen,Zip,Help us bring this original webseries story to life for a wider audience.,0
2905,34,73,8919.88,2018-04-16,2018-05-14,28,CAD,CA,Publishing,Nonfiction,Toronto,Island,We are creating a new nonfiction book and bringing the project to readers.,0
2906,27,83,28618.59,2021-02-26,2021-04-19,52,EUR,ES,Theater,Musicals,Seville,City,A new musicals production bringing an original story to the stage.,1
2907,44,106,1836.3,2020-10-30,2020-12-08,39,EUR,DE,Film & Video,Short Film,Hamburg,City,Help us bring this original short film story to life for a wider audience.,1
2908,37,96,5028.44,2018-03-23,2018-04-22,30,USD,US,Theater,Experimental Theater,New York,LocalAdmin,A new experimental theater production bringing an original story to the stage.,1
2909,56,89,11055.35,2021-01-09,2021-02-10,32,EUR,DE,Food,Food,Berlin,City,We are developing a new food project for people who love great food.,1
2910,57,139,28552.21,2018-08-27,2018-09-11,15,USD,US,Art,Mixed Media,New York,City,"A new mixed media project exploring creative ideas, materials and visual storytelling.",1
2911,21,55,1216.18,2019-04-11,2019-06-04,54,CAD,CA,Journalism,Investigative,Calgary,City,A new investigative project focused on independent stories and community voices.,1
2912,30,126,374558.8,2021-02-05,2021-02-20,15,USD,US,Publishing,Nonfiction,Los Angeles,City,We are creating a new nonfiction book and bringing the project to readers.,1
2913,67,113,38530.19,2020-04-03,2020-04-18,15,USD,IN,Journalism,Print,Chennai,City,A new print project focused on independent stories and community voices.,0
2914,18,116,4741.59,2018-10-21,2018-11-25,35,USD,US,Food,Drinks,Chicago,Suburb,We are developing a new drinks project for people who love great food.,1
2915,47,71,2283.87,2019-07-29,2019-09-06,39,USD,US,Dance,Performances,Boston,Suburb,"A new performances project combining movement, performance and original ideas.",1
2916,43,91,18626.49,2019-06-21,2019-08-01,41,EUR,IE,Dance,Dance Training,Dublin,Suburb,"A new dance training project combining movement, performance and original ideas.",1
2917,22,120,24938.88,2020-10-13,2020-11-06,24,USD,US,Dance,Dance Training,New York,Zip,"A new dance training project combining movement, performance and original ideas.",1
2918,23,92,2585.69,2020-09-01,2020-09-27,26,AUD,AU,Fashion,Apparel,Melbourne,City,"A new apparel collection focused on creativity, quality and original ideas.",0
2919,63,62,2134.04,2018-12-16,2019-01-27,42,EUR,DE,Film & Video,Short Film,Berlin,Town,Help us bring this original short film story to life for a wider audience.,0
2920,62,100,3004.36,2021-03-18,2021-05-03,46,EUR,ES,Fashion,Apparel,Madrid,City,"A new apparel collection focused on creativity, quality and original ideas.",1
2921,41,102,13262.01,2020-03-27,2020-05-13,47,USD,IN,Art,Mixed Media,Chennai,LocalAdmin,"A new mixed media project exploring creative ideas, materials and visual storytelling.",1
2922,14,130,13525.08,2018-07-11,2018-08-02,22,USD,IN,Photography,Fine Art,Bengaluru,Town,"A new fine art project documenting people, places and memorable stories.",0
2923,54,142,343648.55,2020-05-22,2020-07-17,56,USD,US,Food,Food,Chicago,City,We are developing a new food project for people who love great food.,0
2924,14,112,418.64,2018-08-06,2018-09-15,40,EUR,IT,Publishing,Children's Books,Florence,City,We are creating a new children's books book and bringing the project to readers.,1
2925,46,121,4236.65,2019-04-13,2019-06-08,56,AUD,AU,Journalism,Print,Melbourne,LocalAdmin,A new print project focused on independent stories and community voices.,1
2926,11,140,5284.11,2018-11-01,2018-12-26,55,AUD,AU,Theater,Musicals,Melbourne,LocalAdmin,A new musicals production bringing an original story to the stage.,1
2927,35,102,25506.4,2020-01-08,2020-01-24,16,USD,US,Music,Rock,Seattle,County,Support our new rock project and help us share the music with listeners.,1
2928,48,124,27146.46,2018-03-01,2018-04-19,49,AUD,AU,Publishing,Children's Books,Melbourne,Town,We are creating a new children's books book and bringing the project to readers.,1
2929,1,65,8806.9,2020-05-06,2020-06-23,48,USD,IN,Film & Video,Documentary,Delhi,Town,Help us bring this original documentary story to life for a wider audience.,1
2930,27,91,124805.41,2020-06-12,2020-07-02,20,NZD,NZ,Fashion,Footwear,Wellington,City,"A new footwear collection focused on creativity, quality and original ideas.",0
2931,37,151,2127.38,2019-01-25,2019-03-11,45,USD,US,Fashion,Apparel,Chicago,City,"A new apparel collection focused on creativity, quality and original ideas.",1
2932,30,139,4080.52,2018-09-19,2018-10-26,37,USD,US,Design,Product Design,Boston,City,We are creating a practical product design with a fresh and thoughtful design.,1
2933,25,133,1561.85,2019-02-01,2019-02-27,26,USD,US,Fashion,Footwear,New York,City,"A new footwear collection focused on creativity, quality and original ideas.",1
2934,33,81,9560.78,2019-09-15,2019-10-27,42,EUR,IT,Photography,Fine Art,Milan,City,"A new fine art project documenting people, places and memorable stories.",1
2935,51,62,7176.09,2020-03-17,2020-04-15,29,EUR,DE,Games,Video Games,Cologne,Suburb,"A new video games experience built for players, families and communities.",1
2936,56,79,40592.15,2018-01-06,2018-02-08,33,GBP,GB,Journalism,Audio,London,County,A new audio project focused on independent stories and community voices.,1
2937,46,111,212263.35,2019-04-20,2019-05-16,26,USD,US,Games,Tabletop Games,Los Angeles,City,"A new tabletop games experience built for players, families and communities.",1
2938,58,124,120935.86,2018-02-21,2018-03-09,16,USD,US,Theater,Plays,Austin,Zip,A new plays production bringing an original story to the stage.,1
2939,27,151,1803.1,2019-09-21,2019-10-16,25,GBP,GB,Journalism,Audio,Bristol,City,A new audio project focused on independent stories and community voices.,1
2940,44,72,13034.69,2018-07-25,2018-09-21,58,EUR,IE,Food,Restaurants,Cork,City,We are developing a new restaurants project for people who love great food.,0
2941,20,91,39852.95,2019-02-20,2019-04-12,51,AUD,AU,Journalism,Print,Melbourne,City,A new print project focused on independent stories and community voices.,0
2942,79,151,33818.53,2018-05-21,2018-07-12,52,USD,US,Games,Video Games,Chicago,Zip,"A new video games experience built for players, families and communities.",1
2943,37,60,433657.25,2019-11-15,2019-12-24,39,GBP,GB,Publishing,Children's Books,Bristol,City,We are creating a new children's books book and bringing the project to readers.,0
2944,47,115,8535.06,2021-03-10,2021-05-06,57,USD,US,Journalism,Print,Boston,LocalAdmin,A new print project focused on independent stories and community voices.,1
2945,9,50,13544.08,2020-07-11,2020-08-15,35,USD,IN,Food,Restaurants,Mumbai,City,We are developing a new restaurants project for people who love great food.,0
2946,47,98,386915.97,2019-02-24,2019-04-21,56,USD,US,Food,Restaurants,New York,County,We are developing a new restaurants project for people who love great food.,1
2947,37,151,23006.52,2018-06-01,2018-07-21,50,GBP,GB,Art,Painting,Manchester,City,"A new painting project exploring creative ideas, materials and visual storytelling.",0
2948,42,124,4756.0,2019-03-12,2019-04-04,23,USD,US,Journalism,Investigative,Los Angeles,Suburb,A new investigative project focused on independent stories and community voices.,1
2949,35,148,2648.46,2020-01-22,2020-02-17,26,AUD,AU,Music,Hip-Hop,Sydney,Zip,Support our new hip-hop project and help us share the music with listeners.,1
2950,33,124,16592.86,2019-04-06,2019-04-30,24,AUD,AU,Design,Graphic Design,Melbourne,Island,We are creating a practical graphic design with a fresh and thoughtful design.,1
2951,30,124,62686.36,2019-04-08,2019-06-07,60,EUR,DE,Dance,Performances,Munich,County,"A new performances project combining movement, performance and original ideas.",0
2952,34,59,61450.92,2019-04-03,2019-04-22,19,USD,US,Comics,Graphic Novels,Portland,Town,"A new graphic novels project featuring original characters, artwork and storytelling.",1
2953,57,151,3105.19,2018-01-27,2018-03-15,47,USD,US,Food,Restaurants,Austin,City,We are developing a new restaurants project for people who love great food.,1
2954,29,151,14083.28,2020-10-09,2020-10-28,19,USD,US,Crafts,DIY,Boston,County,A new diy project making useful and creative handmade products.,0
2955,69,86,5966.12,2018-09-06,2018-10-06,30,AUD,AU,Dance,Dance Training,Sydney,City,"A new dance training project combining movement, performance and original ideas.",1
2956,36,151,9541.06,2020-10-11,2020-12-01,51,USD,US,Photography,Nature,New York,Suburb,"A new nature project documenting people, places and memorable stories.",0
2957,56,140,48839.57,2020-08-30,2020-10-20,51,CAD,CA,Film & Video,Webseries,Montreal,City,Help us bring this original webseries story to life for a wider audience.,0
2958,52,128,11106.56,2018-06-27,2018-08-09,43,EUR,NL,Journalism,Print,Rotterdam,City,A new print project focused on independent stories and community voices.,1
2959,12,114,32991.14,2018-06-09,2018-07-11,32,SEK,SE,Games,Mobile Games,Gothenburg,City,"A new mobile games experience built for players, families and communities.",1
2960,15,105,34559.04,2018-05-03,2018-06-15,43,GBP,GB,Comics,Webcomics,Manchester,City,"A new webcomics project featuring original characters, artwork and storytelling.",1
2961,25,151,4654.81,2019-10-14,2019-11-03,20,GBP,GB,Crafts,Woodworking,Manchester,City,A new woodworking project making useful and creative handmade products.,1
2962,12,112,80620.59,2019-10-24,2019-11-25,32,USD,US,Dance,Performances,New York,City,"A new performances project combining movement, performance and original ideas.",1
2963,29,122,2197.43,2019-02-10,2019-03-28,46,AUD,AU,Journalism,Audio,Sydney,City,A new audio project focused on independent stories and community voices.,0
2964,35,151,1693.22,2019-06-21,2019-08-16,56,EUR,IT,Art,Painting,Florence,Suburb,"A new painting project exploring creative ideas, materials and visual storytelling.",1
2965,45,143,5724.55,2018-07-20,2018-09-03,45,USD,US,Film & Video,Short Film,Los Angeles,City,Help us bring this original short film story to life for a wider audience.,1
2966,38,71,2647.26,2019-05-16,2019-06-10,25,USD,US,Comics,Webcomics,Seattle,Zip,"A new webcomics project featuring original characters, artwork and storytelling.",0
2967,35,90,30665.19,2018-06-01,2018-07-11,40,EUR,ES,Design,Architecture,Barcelona,Town,We are creating a practical architecture with a fresh and thoughtful design.,1
2968,50,83,637995.64,2018-05-23,2018-07-04,42,EUR,NL,Theater,Musicals,Amsterdam,Suburb,A new musicals production bringing an original story to the stage.,1
2969,48,121,68951.81,2021-01-21,2021-03-03,41,USD,US,Art,Painting,Austin,City,"A new painting project exploring creative ideas, materials and visual storytelling.",1
2970,64,94,3382.36,2019-09-24,2019-10-27,33,GBP,GB,Crafts,Woodworking,Edinburgh,City,A new woodworking project making useful and creative handmade products.,1
2971,38,97,2554.86,2021-02-13,2021-04-13,59,USD,US,Photography,Nature,New York,City,"A new nature project documenting people, places and memorable stories.",1
2972,1,101,54597.31,2018-05-02,2018-06-12,41,USD,US,Comics,Graphic Novels,Chicago,City,"A new graphic novels project featuring original characters, artwork and storytelling.",1
2973,41,119,1915.77,2020-11-23,2020-12-27,34,NZD,NZ,Art,Sculpture,Wellington,County,"A new sculpture project exploring creative ideas, materials and visual storytelling.",1
2974,69,100,2607.68,2020-01-23,2020-02-09,17,EUR,IT,Film & Video,Feature Film,Turin,County,Help us bring this original feature film story to life for a wider audience.,1
2975,50,137,21262.89,2018-04-26,2018-05-26,30,EUR,FR,Design,Product Design,Marseille,Town,We are creating a practical product design with a fresh and thoughtful design.,1
2976,54,75,5180.91,2019-12-28,2020-02-19,53,USD,US,Art,Illustration,Portland,Suburb,"A new illustration project exploring creative ideas, materials and visual storytelling.",1
2977,36,64,14438.13,2020-04-08,2020-06-05,58,EUR,ES,Fashion,Footwear,Valencia,City,"A new footwear collection focused on creativity, quality and original ideas.",1
2978,49,88,7189.21,2018-03-22,2018-05-04,43,USD,US,Design,Product Design,Chicago,County,We are creating a practical product design with a fresh and thoughtful design.,1
2979,55,77,11492.56,2020-11-07,2020-12-06,29,USD,US,Theater,Experimental Theater,Chicago,City,A new experimental theater production bringing an original story to the stage.,1
2980,30,110,46537.19,2019-03-17,2019-04-30,44,GBP,GB,Crafts,Crochet,Edinburgh,Town,A new crochet project making useful and creative handmade products.,0
2981,27,96,31445.71,2020-02-01,2020-03-26,54,USD,US,Photography,Nature,Austin,Suburb,"A new nature project documenting people, places and memorable stories.",0
2982,42,69,49712.63,2020-07-11,2020-07-26,15,EUR,DE,Film & Video,Documentary,Cologne,LocalAdmin,Help us bring this original documentary story to life for a wider audience.,0
2983,50,68,32322.95,2020-01-14,2020-02-26,43,CAD,CA,Music,Rock,Calgary,Town,Support our new rock project and help us share the music with listeners.,1
2984,1,113,35980.28,2018-03-15,2018-04-28,44,USD,US,Journalism,Audio,Portland,City,A new audio project focused on independent stories and community voices.,1
2985,32,135,11959.58,2019-02-09,2019-04-04,54,USD,US,Games,Mobile Games,Portland,City,"A new mobile games experience built for players, families and communities.",0
2986,6,87,1259.18,2018-06-19,2018-08-18,60,USD,US,Technology,Apps,Los Angeles,City,Introducing a new apps project designed to make everyday work easier.,0
2987,33,105,10160.34,2020-11-25,2021-01-10,46,USD,US,Publishing,Fiction,San Francisco,Suburb,We are creating a new fiction book and bringing the project to readers.,1
2988,60,89,19581.66,2018-02-02,2018-02-26,24,CAD,CA,Publishing,Fiction,Montreal,Town,We are creating a new fiction book and bringing the project to readers.,1
2989,26,103,13463.05,2020-01-03,2020-02-13,41,EUR,ES,Games,Mobile Games,Barcelona,LocalAdmin,"A new mobile games experience built for players, families and communities.",1
2990,31,151,23006.09,2021-03-11,2021-04-02,22,USD,US,Technology,Apps,Los Angeles,Suburb,Introducing a new apps project designed to make everyday work easier.,1
2991,45,151,292779.63,2020-01-25,2020-03-15,50,USD,US,Games,Video Games,New York,Island,"A new video games experience built for players, families and communities.",0
2992,50,95,5515.47,2018-05-24,2018-07-19,56,CAD,CA,Comics,Webcomics,Calgary,City,"A new webcomics project featuring original characters, artwork and storytelling.",1
2993,49,93,6406.94,2019-08-18,2019-10-06,49,EUR,IT,Crafts,DIY,Florence,Town,A new diy project making useful and creative handmade products.,0
2994,36,121,78129.66,2019-12-06,2020-01-25,50,USD,US,Film & Video,Short Film,Austin,City,Help us bring this original short film story to life for a wider audience.,1
2995,44,112,14555.82,2020-08-26,2020-10-15,50,USD,US,Design,Product Design,Boston,City,We are creating a practical product design with a fresh and thoughtful design.,0
2996,43,128,24278.98,2020-01-14,2020-02-22,39,CAD,CA,Comics,Comic Books,Calgary,Island,"A new comic books project featuring original characters, artwork and storytelling.",1
2997,24,104,4795.08,2019-03-18,2019-04-21,34,USD,US,Crafts,DIY,Seattle,LocalAdmin,A new diy project making useful and creative handmade products.,1
2998,9,103,3855.88,2018-04-13,2018-06-11,59,USD,US,Journalism,Audio,New York,City,A new audio project focused on independent stories and community voices.,1
2999,22,121,1847.71,2018-08-13,2018-09-13,31,EUR,DE,Fashion,Accessories,Hamburg,Suburb,"A new accessories collection focused on creativity, quality and original ideas.",1
3000,57,115,15675.7,2019-12-20,2020-01-26,37,CAD,CA,Publishing,Nonfiction,Montreal,Zip,We are creating a new nonfiction book and bringing the project to readers.,0
3001,68,94,2632.91,2018-05-24,2018-07-02,39,CAD,CA,Film & Video,Webseries,Montreal,LocalAdmin,Help us bring this original webseries story to life for a wider audience.,0
3002,34,112,2176.63,2019-12-23,2020-02-06,45,EUR,DE,Games,Tabletop Games,Hamburg,Suburb,"A new tabletop games experience built for players, families and communities.",1
3003,56,112,33432.51,2020-02-29,2020-03-20,20,AUD,AU,Art,Painting,Perth,City,"A new painting project exploring creative ideas, materials and visual storytelling.",1
3004,31,25,4486.45,2019-06-17,2019-08-05,49,USD,US,Music,Pop,San Francisco,City,Support our new pop project and help us share the music with listeners.,1
3005,40,106,1867.38,2018-04-11,2018-04-29,18,USD,US,Film & Video,Short Film,Boston,Suburb,Help us bring this original short film story to life for a wider audience.,1
3006,26,135,1591.53,2019-01-12,2019-03-07,54,USD,US,Food,Drinks,Los Angeles,County,We are developing a new drinks project for people who love great food.,1
3007,50,95,49307.55,2020-03-06,2020-04-09,34,USD,US,Photography,Nature,Portland,City,"A new nature project documenting people, places and memorable stories.",0
3008,25,86,10173.95,2020-07-20,2020-09-13,55,AUD,AU,Technology,Apps,Perth,City,Introducing a new apps project designed to make everyday work easier.,0
3009,22,86,6462.04,2020-08-26,2020-09-10,15,EUR,NL,Crafts,Candles,Utrecht,County,A new candles project making useful and creative handmade products.,1
3010,36,118,15653.16,2020-03-13,2020-05-11,59,USD,IN,Dance,Performances,Chennai,Suburb,"A new performances project combining movement, performance and original ideas.",0
3011,47,78,13505.95,2020-02-24,2020-04-04,40,CAD,CA,Journalism,Audio,Montreal,City,A new audio project focused on independent stories and community voices.,1
3012,37,115,5282.7,2018-01-24,2018-03-13,48,USD,US,Fashion,Footwear,New York,City,"A new footwear collection focused on creativity, quality and original ideas.",1
3013,28,113,7154.19,2018-04-09,2018-05-03,24,USD,US,Journalism,Print,Boston,City,A new print project focused on independent stories and community voices.,1
3014,22,68,37245.74,2018-07-20,2018-08-26,37,EUR,IT,Film & Video,Webseries,Rome,City,Help us bring this original webseries story to life for a wider audience.,1
3015,10,136,43090.61,2019-07-19,2019-08-26,38,CAD,CA,Publishing,Children's Books,Toronto,City,We are creating a new children's books book and bringing the project to readers.,1
3016,28,146,3273.02,2020-02-06,2020-03-04,27,CAD,CA,Technology,Hardware,Calgary,Zip,Introducing a new hardware project designed to make everyday work easier.,1
3017,33,116,87217.18,2018-10-08,2018-11-20,43,EUR,FR,Dance,Performances,Paris,Suburb,"A new performances project combining movement, performance and original ideas.",0
3018,43,109,270141.42,2020-08-11,2020-10-10,60,EUR,DE,Food,Drinks,Berlin,LocalAdmin,We are developing a new drinks project for people who love great food.,1
3019,17,93,7639.36,2019-04-28,2019-06-08,41,EUR,ES,Design,Graphic Design,Valencia,City,We are creating a practical graphic design with a fresh and thoughtful design.,0
3020,45,94,7360.73,2020-07-30,2020-09-13,45,USD,US,Art,Sculpture,San Francisco,Suburb,"A new sculpture project exploring creative ideas, materials and visual storytelling.",0
3021,26,95,2982.18,2019-05-03,2019-06-29,57,EUR,DE,Dance,Performances,Hamburg,City,"A new performances project combining movement, performance and original ideas.",1
3022,27,130,4257.13,2020-11-03,2020-11-27,24,EUR,ES,Crafts,Woodworking,Valencia,City,A new woodworking project making useful and creative handmade products.,1
3023,54,125,19812.0,2020-08-15,2020-09-29,45,USD,US,Games,Tabletop Games,Chicago,City,"A new tabletop games experience built for players, families and communities.",1
3024,1,49,435365.19,2021-01-07,2021-03-01,53,AUD,AU,Food,Drinks,Perth,City,We are developing a new drinks project for people who love great food.,0
3025,17,64,37108.02,2020-03-16,2020-04-09,24,USD,US,Art,Mixed Media,Boston,City,"A new mixed media project exploring creative ideas, materials and visual storytelling.",1
3026,36,83,7171.34,2020-10-28,2020-12-05,38,NOK,NO,Music,Pop,Trondheim,City,Support our new pop project and help us share the music with listeners.,0
3027,35,94,6212.6,2018-02-13,2018-04-01,47,USD,US,Fashion,Apparel,Los Angeles,Suburb,"A new apparel collection focused on creativity, quality and original ideas.",0
3028,9,121,4288.46,2018-01-17,2018-02-14,28,CAD,CA,Games,Video Games,Toronto,City,"A new video games experience built for players, families and communities.",1
3029,28,92,62038.06,2019-06-18,2019-08-06,49,USD,US,Film & Video,Documentary,Boston,County,Help us bring this original documentary story to life for a wider audience.,1
3030,49,121,8230.89,2019-01-02,2019-03-02,59,EUR,DE,Dance,Dance Training,Cologne,City,"A new dance training project combining movement, performance and original ideas.",1
3031,18,151,24264.73,2020-09-18,2020-11-05,48,USD,US,Publishing,Nonfiction,Portland,City,We are creating a new nonfiction book and bringing the project to readers.,1
3032,51,91,8314.07,2020-02-16,2020-03-18,31,USD,US,Art,Mixed Media,Seattle,City,"A new mixed media project exploring creative ideas, materials and visual storytelling.",1
3033,24,81,319856.53,2020-03-08,2020-04-12,35,GBP,GB,Photography,Fine Art,London,Island,"A new fine art project documenting people, places and memorable stories.",0
3034,7,74,5243.11,2018-05-06,2018-06-21,46,NZD,NZ,Comics,Comic Books,Christchurch,Island,"A new comic books project featuring original characters, artwork and storytelling.",0
3035,47,77,4033.79,2018-12-25,2019-01-11,17,USD,US,Photography,Nature,Seattle,City,"A new nature project documenting people, places and memorable stories.",1
3036,39,125,5687.33,2020-01-04,2020-02-02,29,USD,US,Design,Architecture,Seattle,Suburb,We are creating a practical architecture with a fresh and thoughtful design.,1
3037,13,131,23152.94,2020-03-23,2020-04-14,22,EUR,FR,Photography,Nature,Paris,Zip,"A new nature project documenting people, places and memorable stories.",0
3038,27,127,110906.03,2020-01-01,2020-02-16,46,GBP,GB,Music,Pop,Edinburgh,Zip,Support our new pop project and help us share the music with listeners.,1
3039,61,77,23230.51,2018-06-23,2018-08-14,52,NZD,NZ,Design,Product Design,Wellington,Town,We are creating a practical product design with a fresh and thoughtful design.,0
3040,45,96,35877.1,2020-03-26,2020-05-05,40,USD,US,Food,Food,San Francisco,City,We are developing a new food project for people who love great food.,1
3041,52,97,28923.56,2019-03-06,2019-04-19,44,AUD,AU,Fashion,Apparel,Sydney,Suburb,"A new apparel collection focused on creativity, quality and original ideas.",1
3042,18,151,908.58,2019-01-15,2019-02-07,23,USD,US,Food,Food,Austin,City,We are developing a new food project for people who love great food.,1
3043,53,117,11703.56,2019-12-12,2020-01-27,46,USD,US,Comics,Comic Books,New York,County,"A new comic books project featuring original characters, artwork and storytelling.",1
3044,14,111,7340.57,2020-02-05,2020-03-01,25,AUD,AU,Crafts,Woodworking,Perth,City,A new woodworking project making useful and creative handmade products.,1
3045,14,116,9640.74,2019-10-27,2019-12-02,36,CAD,CA,Fashion,Apparel,Vancouver,City,"A new apparel collection focused on creativity, quality and original ideas.",1
3046,48,95,3351.76,2020-04-21,2020-06-08,48,EUR,DE,Photography,Fine Art,Hamburg,City,"A new fine art project documenting people, places and memorable stories.",1
3047,15,120,46098.65,2020-11-08,2021-01-02,55,USD,US,Publishing,Children's Books,Boston,City,We are creating a new children's books book and bringing the project to readers.,1
3048,58,94,12936.34,2018-10-08,2018-11-09,32,GBP,GB,Journalism,Audio,Edinburgh,Town,A new audio project focused on independent stories and community voices.,0
3049,16,151,12815.77,2019-05-21,2019-06-23,33,USD,US,Crafts,Candles,Austin,Island,A new candles project making useful and creative handmade products.,1
3050,20,82,9551.49,2020-10-02,2020-11-03,32,USD,IN,Fashion,Apparel,Chennai,City,"A new apparel collection focused on creativity, quality and original ideas.",1
3051,52,114,4524.43,2018-02-12,2018-04-04,51,USD,US,Fashion,Apparel,Chicago,City,"A new apparel collection focused on creativity, quality and original ideas.",0
3052,26,128,757.86,2020-08-12,2020-09-13,32,USD,US,Comics,Webcomics,Portland,City,"A new webcomics project featuring original characters, artwork and storytelling.",0
3053,47,106,18283.83,2019-09-30,2019-10-26,26,USD,US,Film & Video,Feature Film,Los Angeles,City,Help us bring this original feature film story to life for a wider audience.,1
3054,18,112,14310.08,2021-03-05,2021-03-23,18,CAD,CA,Photography,Photobooks,Toronto,City,"A new photobooks project documenting people, places and memorable stories.",0
3055,31,102,27466.89,2020-09-06,2020-11-02,57,USD,US,Comics,Webcomics,Chicago,County,"A new webcomics project featuring original characters, artwork and storytelling.",1
3056,46,81,13423.31,2019-11-27,2020-01-07,41,NZD,NZ,Fashion,Footwear,Auckland,LocalAdmin,"A new footwear collection focused on creativity, quality and original ideas.",1
3057,22,151,2252.43,2020-03-24,2020-04-12,19,USD,US,Art,Painting,Chicago,City,"A new painting project exploring creative ideas, materials and visual storytelling.",1
3058,50,97,3500.73,2018-02-20,2018-03-12,20,SEK,SE,Crafts,Candles,Stockholm,City,A new candles project making useful and creative handmade products.,0
3059,30,69,95684.8,2018-01-01,2018-01-28,27,USD,US,Comics,Webcomics,San Francisco,City,"A new webcomics project featuring original characters, artwork and storytelling.",1
3060,37,86,19673.21,2019-03-28,2019-05-04,37,AUD,AU,Film & Video,Documentary,Melbourne,City,Help us bring this original documentary story to life for a wider audience.,1
3061,20,148,41674.6,2020-08-20,2020-10-15,56,NZD,NZ,Technology,Hardware,Wellington,City,Introducing a new hardware project designed to make everyday work easier.,1
3062,23,151,49860.4,2020-08-24,2020-10-02,39,USD,US,Dance,Experimental,San Francisco,City,"A new experimental project combining movement, performance and original ideas.",1
3063,22,119,2612.03,2020-04-22,2020-06-21,60,USD,IN,Food,Restaurants,Mumbai,City,We are developing a new restaurants project for people who love great food.,1
3064,26,132,7078.94,2019-08-23,2019-09-10,18,GBP,GB,Fashion,Footwear,Bristol,Town,"A new footwear collection focused on creativity, quality and original ideas.",1
3065,58,151,34483.37,2020-04-20,2020-06-05,46,DKK,DK,Photography,Nature,Aarhus,City,"A new nature project documenting people, places and memorable stories.",0
3066,52,79,3389.99,2020-04-22,2020-06-19,58,AUD,AU,Journalism,Investigative,Sydney,Town,A new investigative project focused on independent stories and community voices.,1
3067,42,120,6373.36,2020-10-25,2020-11-23,29,USD,US,Dance,Dance Training,Los Angeles,City,"A new dance training project combining movement, performance and original ideas.",1
3068,25,151,5364.95,2021-02-25,2021-04-06,40,USD,US,Design,Graphic Design,Los Angeles,City,We are creating a practical graphic design with a fresh and thoughtful design.,0
3069,22,133,3822.19,2019-02-06,2019-04-03,56,USD,US,Publishing,Children's Books,Boston,City,We are creating a new children's books book and bringing the project to readers.,1
3070,20,100,9807.78,2018-01-21,2018-02-15,25,USD,US,Publishing,Fiction,Los Angeles,City,We are creating a new fiction book and bringing the project to readers.,0
3071,30,119,5651.19,2019-08-23,2019-09-15,23,USD,US,Theater,Experimental Theater,Portland,City,A new experimental theater production bringing an original story to the stage.,0
3072,39,151,6469.9,2020-01-03,2020-01-28,25,USD,US,Theater,Experimental Theater,Austin,City,A new experimental theater production bringing an original story to the stage.,1
3073,44,113,18192.78,2019-11-07,2019-11-23,16,USD,US,Games,Video Games,Portland,City,"A new video games experience built for players, families and communities.",0
3074,35,80,56370.35,2019-07-07,2019-09-04,59,EUR,FR,Film & Video,Short Film,Marseille,Zip,Help us bring this original short film story to life for a wider audience.,1
3075,43,126,39252.07,2019-11-30,2020-01-10,41,USD,US,Journalism,Audio,New York,County,A new audio project focused on independent stories and community voices.,0
3076,49,81,15773.66,2019-10-03,2019-11-12,40,USD,US,Technology,Software,San Francisco,County,Introducing a new software project designed to make everyday work easier.,1
3077,29,86,152313.95,2020-09-01,2020-09-23,22,AUD,AU,Technology,Software,Perth,City,Introducing a new software project designed to make everyday work easier.,1
3078,51,94,33327.05,2019-07-23,2019-08-27,35,USD,US,Games,Mobile Games,New York,Zip,"A new mobile games experience built for players, families and communities.",1
3079,20,107,41757.63,2020-05-14,2020-06-18,35,USD,US,Film & Video,Feature Film,Austin,Suburb,Help us bring this original feature film story to life for a wider audience.,1
3080,44,83,9320.17,2019-11-09,2019-12-01,22,USD,US,Photography,Photobooks,Boston,City,"A new photobooks project documenting people, places and memorable stories.",0
3081,35,120,6590.66,2019-08-03,2019-08-18,15,EUR,IE,Art,Sculpture,Dublin,City,"A new sculpture project exploring creative ideas, materials and visual storytelling.",0
3082,38,98,21493.58,2020-08-29,2020-10-20,52,EUR,IT,Photography,Nature,Rome,City,"A new nature project documenting people, places and memorable stories.",1
3083,29,133,48888.45,2019-08-04,2019-08-31,27,USD,US,Food,Food,New York,City,We are developing a new food project for people who love great food.,1
3084,54,109,15725.66,2019-12-20,2020-01-12,23,AUD,AU,Dance,Dance Training,Sydney,County,"A new dance training project combining movement, performance and original ideas.",1
3085,26,103,4497.45,2018-10-23,2018-12-04,42,GBP,GB,Crafts,Candles,Bristol,City,A new candles project making useful and creative handmade products.,1
3086,56,105,1641.04,2018-05-11,2018-05-31,20,AUD,AU,Technology,Apps,Perth,Suburb,Introducing a new apps project designed to make everyday work easier.,1
3087,56,151,1034.11,2019-03-12,2019-04-18,37,AUD,AU,Publishing,Nonfiction,Brisbane,City,We are creating a new nonfiction book and bringing the project to readers.,1
3088,42,134,12818.06,2020-06-04,2020-07-24,50,CAD,CA,Film & Video,Documentary,Toronto,Island,Help us bring this original documentary story to life for a wider audience.,1
3089,30,65,42506.13,2018-09-23,2018-10-24,31,USD,US,Photography,Photobooks,New York,Town,"A new photobooks project documenting people, places and memorable stories.",1
3090,22,93,337.96,2020-02-06,2020-02-29,23,USD,US,Crafts,Woodworking,Portland,Zip,A new woodworking project making useful and creative handmade products.,1
3091,5,111,4680.11,2019-06-05,2019-07-01,26,GBP,GB,Food,Food,Manchester,City,We are developing a new food project for people who love great food.,1
3092,43,43,3634.36,2020-05-22,2020-06-27,36,SEK,SE,Fashion,Accessories,Malmo,City,"A new accessories collection focused on creativity, quality and original ideas.",1
3093,18,121,21601.64,2020-08-16,2020-09-11,26,CAD,CA,Design,Graphic Design,Calgary,City,We are creating a practical graphic design with a fresh and thoughtful design.,0
3094,20,83,4268.89,2021-01-12,2021-02-01,20,EUR,ES,Dance,Performances,Madrid,City,"A new performances project combining movement, performance and original ideas.",1
3095,43,86,1781.94,2019-02-05,2019-04-04,58,USD,IN,Food,Food,Bengaluru,County,We are developing a new food project for people who love great food.,1
3096,29,87,4669.16,2018-02-27,2018-03-22,23,USD,US,Food,Restaurants,Seattle,City,We are developing a new restaurants project for people who love great food.,0
3097,38,146,3662.23,2018-11-01,2018-12-22,51,AUD,AU,Photography,Fine Art,Perth,City,"A new fine art project documenting people, places and memorable stories.",1
3098,42,126,12244.05,2019-10-16,2019-11-02,17,AUD,AU,Art,Sculpture,Perth,City,"A new sculpture project exploring creative ideas, materials and visual storytelling.",1
3099,59,94,8601.87,2019-06-27,2019-08-14,48,USD,IN,Games,Tabletop Games,Bengaluru,City,"A new tabletop games experience built for players, families and communities.",1
3100,38,91,23825.42,2020-12-30,2021-01-21,22,USD,IN,Technology,Hardware,Delhi,City,Introducing a new hardware project designed to make everyday work easier.,1
3101,27,113,11884.3,2019-11-21,2019-12-15,24,AUD,AU,Design,Product Design,Melbourne,City,We are creating a practical product design with a fresh and thoughtful design.,1
3102,34,151,57864.63,2020-06-22,2020-08-16,55,USD,US,Dance,Dance Training,Seattle,Zip,"A new dance training project combining movement, performance and original ideas.",0
3103,26,100,5993.03,2020-10-09,2020-12-04,56,EUR,IT,Fashion,Accessories,Rome,LocalAdmin,"A new accessories collection focused on creativity, quality and original ideas.",1
3104,63,52,31376.86,2019-09-05,2019-11-01,57,USD,US,Fashion,Footwear,Boston,LocalAdmin,"A new footwear collection focused on creativity, quality and original ideas.",1
3105,41,113,19640.14,2020-07-25,2020-08-17,23,EUR,FR,Comics,Graphic Novels,Marseille,City,"A new graphic novels project featuring original characters, artwork and storytelling.",0
3106,44,116,7591.58,2019-09-19,2019-10-17,28,NZD,NZ,Food,Restaurants,Auckland,City,We are developing a new restaurants project for people who love great food.,1
3107,55,119,34857.97,2020-09-24,2020-11-14,51,USD,US,Film & Video,Short Film,Austin,City,Help us bring this original short film story to life for a wider audience.,1
3108,22,107,3460.66,2021-03-29,2021-05-09,41,CAD,CA,Art,Illustration,Toronto,City,"A new illustration project exploring creative ideas, materials and visual storytelling.",1
3109,14,112,81994.61,2021-01-12,2021-03-08,55,USD,US,Design,Product Design,Seattle,City,We are creating a practical product design with a fresh and thoughtful design.,1
3110,35,79,3602.15,2018-05-20,2018-07-05,46,USD,US,Photography,Nature,San Francisco,City,"A new nature project documenting people, places and memorable stories.",1
3111,14,141,1502.16,2019-07-10,2019-07-28,18,USD,US,Fashion,Footwear,Seattle,LocalAdmin,"A new footwear collection focused on creativity, quality and original ideas.",1
3112,29,92,1330.91,2018-01-06,2018-01-22,16,EUR,FR,Dance,Dance Training,Lyon,Suburb,"A new dance training project combining movement, performance and original ideas.",1
3113,2,100,13819.73,2018-01-19,2018-03-07,47,DKK,DK,Comics,Comic Books,Odense,Zip,"A new comic books project featuring original characters, artwork and storytelling.",0
3114,15,120,5005.07,2020-06-29,2020-08-03,35,DKK,DK,Publishing,Children's Books,Aarhus,City,We are creating a new children's books book and bringing the project to readers.,1
3115,53,114,15892.2,2019-07-24,2019-08-08,15,USD,US,Technology,Hardware,Portland,City,Introducing a new hardware project designed to make everyday work easier.,0
3116,41,151,2172.22,2019-12-25,2020-02-21,58,EUR,NL,Dance,Dance Training,Rotterdam,County,"A new dance training project combining movement, performance and original ideas.",1
3117,62,147,25526.9,2020-06-01,2020-06-26,25,EUR,DE,Art,Painting,Munich,City,"A new painting project exploring creative ideas, materials and visual storytelling.",0
3118,35,93,15961.99,2018-07-11,2018-07-26,15,USD,US,Film & Video,Feature Film,Chicago,City,Help us bring this original feature film story to life for a wider audience.,1
3119,34,151,5905.02,2018-09-06,2018-11-05,60,USD,US,Comics,Graphic Novels,New York,County,"A new graphic novels project featuring original characters, artwork and storytelling.",1
3120,38,136,31608.62,2019-01-10,2019-02-04,25,USD,US,Publishing,Nonfiction,Austin,City,We are creating a new nonfiction book and bringing the project to readers.,1
3121,85,112,29260.82,2020-01-29,2020-02-19,21,NZD,NZ,Comics,Graphic Novels,Auckland,LocalAdmin,"A new graphic novels project featuring original characters, artwork and storytelling.",0
3122,51,88,13840.84,2020-05-15,2020-05-31,16,CAD,CA,Games,Video Games,Vancouver,City,"A new video games experience built for players, families and communities.",0
3123,22,106,47474.55,2018-06-27,2018-07-26,29,EUR,DE,Design,Architecture,Munich,LocalAdmin,We are creating a practical architecture with a fresh and thoughtful design.,1
3124,41,51,67099.73,2020-02-09,2020-03-02,22,USD,US,Comics,Comic Books,Los Angeles,City,"A new comic books project featuring original characters, artwork and storytelling.",0
3125,37,124,3534.75,2020-11-14,2020-12-24,40,EUR,DE,Music,Pop,Berlin,City,Support our new pop project and help us share the music with listeners.,1
3126,46,68,69422.7,2019-07-25,2019-09-17,54,USD,US,Games,Video Games,Portland,City,"A new video games experience built for players, families and communities.",0
3127,63,123,2978.3,2019-02-11,2019-04-08,56,USD,US,Games,Mobile Games,Seattle,City,"A new mobile games experience built for players, families and communities.",1
3128,44,94,39677.9,2020-06-19,2020-08-07,49,CAD,CA,Art,Illustration,Calgary,City,"A new illustration project exploring creative ideas, materials and visual storytelling.",1
3129,29,112,52095.68,2018-11-05,2019-01-04,60,USD,US,Music,Pop,Boston,LocalAdmin,Support our new pop project and help us share the music with listeners.,0
3130,63,90,9154.05,2019-05-29,2019-07-23,55,EUR,IT,Crafts,Woodworking,Rome,County,A new woodworking project making useful and creative handmade products.,1
3131,15,86,11049.1,2018-12-10,2019-02-03,55,USD,US,Dance,Dance Training,New York,City,"A new dance training project combining movement, performance and original ideas.",1
3132,31,130,7548.98,2020-06-09,2020-07-14,35,AUD,AU,Technology,Hardware,Sydney,City,Introducing a new hardware project designed to make everyday work easier.,1
3133,49,89,3343.68,2021-01-22,2021-03-15,52,USD,US,Film & Video,Documentary,Portland,City,Help us bring this original documentary story to life for a wider audience.,0
3134,23,81,4465.33,2019-01-03,2019-01-25,22,CAD,CA,Journalism,Investigative,Vancouver,Town,A new investigative project focused on independent stories and community voices.,0
3135,34,76,25910.96,2018-12-13,2019-02-08,57,USD,US,Dance,Performances,Seattle,Suburb,"A new performances project combining movement, performance and original ideas.",1
3136,24,134,45206.24,2020-01-12,2020-02-27,46,USD,US,Comics,Comic Books,New York,City,"A new comic books project featuring original characters, artwork and storytelling.",1
3137,34,74,11734.44,2019-07-16,2019-08-07,22,NZD,NZ,Film & Video,Short Film,Wellington,Island,Help us bring this original short film story to life for a wider audience.,1
3138,25,108,2507.37,2019-09-04,2019-11-01,58,USD,US,Fashion,Accessories,Seattle,City,"A new accessories collection focused on creativity, quality and original ideas.",1
3139,36,151,2030.39,2018-11-30,2018-12-24,24,EUR,IT,Crafts,Candles,Rome,City,A new candles project making useful and creative handmade products.,1
3140,30,87,10180.0,2020-06-02,2020-07-09,37,USD,IN,Fashion,Footwear,Hyderabad,County,"A new footwear collection focused on creativity, quality and original ideas.",1
3141,55,85,5296.97,2018-08-17,2018-09-04,18,USD,US,Music,Pop,Seattle,City,Support our new pop project and help us share the music with listeners.,0
3142,41,141,75455.06,2019-03-12,2019-05-03,52,USD,US,Theater,Musicals,Boston,City,A new musicals production bringing an original story to the stage.,1
3143,46,72,4040.47,2020-12-08,2021-01-21,44,AUD,AU,Fashion,Apparel,Sydney,City,"A new apparel collection focused on creativity, quality and original ideas.",1
3144,37,141,30290.82,2020-01-20,2020-03-15,55,USD,IN,Photography,Fine Art,Delhi,City,"A new fine art project documenting people, places and memorable stories.",1
3145,28,97,4585.74,2018-08-16,2018-09-22,37,NZD,NZ,Design,Graphic Design,Auckland,City,We are creating a practical graphic design with a fresh and thoughtful design.,0
3146,40,135,7732.9,2018-04-25,2018-05-14,19,GBP,GB,Dance,Dance Training,Bristol,City,"A new dance training project combining movement, performance and original ideas.",1
3147,38,121,15669.75,2019-09-11,2019-10-16,35,EUR,FR,Journalism,Audio,Lyon,City,A new audio project focused on independent stories and community voices.,0
3148,1,125,26849.84,2020-06-30,2020-07-20,20,USD,US,Photography,Photobooks,New York,City,"A new photobooks project documenting people, places and memorable stories.",1
3149,36,95,23100.97,2020-11-19,2020-12-20,31,USD,IN,Theater,Musicals,Chennai,City,A new musicals production bringing an original story to the stage.,1
3150,45,96,5038.43,2019-07-09,2019-08-17,39,USD,IN,Art,Painting,Delhi,LocalAdmin,"A new painting project exploring creative ideas, materials and visual storytelling.",0
3151,24,92,14019.45,2020-01-18,2020-02-25,38,USD,US,Journalism,Investigative,New York,City,A new investigative project focused on independent stories and community voices.,0
3152,48,148,6712.61,2019-09-17,2019-10-23,36,USD,US,Fashion,Accessories,San Francisco,City,"A new accessories collection focused on creativity, quality and original ideas.",1
3153,40,108,1305.3,2018-07-26,2018-08-22,27,USD,US,Comics,Graphic Novels,Austin,City,"A new graphic novels project featuring original characters, artwork and storytelling.",1
3154,29,151,17111.39,2018-05-25,2018-06-25,31,USD,US,Publishing,Nonfiction,Seattle,City,We are creating a new nonfiction book and bringing the project to readers.,0
3155,43,115,84953.05,2018-01-18,2018-02-15,28,EUR,IT,Crafts,Woodworking,Milan,City,A new woodworking project making useful and creative handmade products.,0
3156,29,102,131419.04,2018-10-31,2018-12-18,48,USD,US,Technology,Apps,Boston,County,Introducing a new apps project designed to make everyday work easier.,1
3157,39,102,19625.95,2020-05-31,2020-07-10,40,USD,US,Food,Food,New York,City,We are developing a new food project for people who love great food.,1
3158,31,87,17732.35,2018-12-06,2019-01-08,33,USD,US,Journalism,Investigative,Los Angeles,City,A new investigative project focused on independent stories and community voices.,1
3159,43,115,207.0,2020-04-02,2020-05-12,40,USD,IN,Technology,Gadgets,Chennai,City,Introducing a new gadgets project designed to make everyday work easier.,1
3160,55,105,822431.19,2020-12-10,2020-12-27,17,CAD,CA,Technology,Software,Vancouver,City,Introducing a new software project designed to make everyday work easier.,0
3161,28,90,110267.34,2018-12-26,2019-01-11,16,USD,US,Fashion,Apparel,Boston,Town,"A new apparel collection focused on creativity, quality and original ideas.",1
3162,49,106,38922.3,2018-05-06,2018-06-17,42,USD,US,Crafts,Crochet,Boston,City,A new crochet project making useful and creative handmade products.,1
3163,31,93,13416.74,2019-01-03,2019-01-19,16,USD,IN,Film & Video,Feature Film,Hyderabad,LocalAdmin,Help us bring this original feature film story to life for a wider audience.,0
3164,31,117,377.98,2021-01-16,2021-02-21,36,EUR,IT,Dance,Performances,Rome,Town,"A new performances project combining movement, performance and original ideas.",1
3165,29,129,15918.47,2019-07-01,2019-07-22,21,USD,US,Technology,Apps,Chicago,City,Introducing a new apps project designed to make everyday work easier.,1
3166,10,89,12605.68,2019-11-11,2019-11-29,18,USD,US,Games,Video Games,Boston,Suburb,"A new video games experience built for players, families and communities.",0
3167,43,94,1350.61,2018-02-27,2018-04-20,52,USD,US,Theater,Experimental Theater,Seattle,Zip,A new experimental theater production bringing an original story to the stage.,1
3168,39,81,24036.12,2020-10-26,2020-12-18,53,USD,US,Design,Product Design,San Francisco,Suburb,We are creating a practical product design with a fresh and thoughtful design.,0
3169,37,142,81586.04,2019-09-30,2019-11-03,34,CAD,CA,Crafts,Woodworking,Montreal,LocalAdmin,A new woodworking project making useful and creative handmade products.,1
3170,58,55,20343.84,2019-09-23,2019-10-13,20,EUR,IE,Comics,Comic Books,Cork,LocalAdmin,"A new comic books project featuring original characters, artwork and storytelling.",1
3171,60,88,20240.92,2019-01-26,2019-02-18,23,GBP,GB,Music,Classical,Edinburgh,City,Support our new classical project and help us share the music with listeners.,1
3172,55,129,22358.85,2020-12-22,2021-02-05,45,EUR,ES,Comics,Graphic Novels,Valencia,City,"A new graphic novels project featuring original characters, artwork and storytelling.",1
3173,31,89,7276.22,2020-10-03,2020-11-12,40,GBP,GB,Crafts,Crochet,Manchester,City,A new crochet project making useful and creative handmade products.,0
3174,31,88,38874.15,2020-09-10,2020-10-30,50,EUR,DE,Comics,Webcomics,Berlin,City,"A new webcomics project featuring original characters, artwork and storytelling.",1
3175,20,128,127330.88,2020-09-04,2020-10-14,40,EUR,DE,Technology,Software,Cologne,Town,Introducing a new software project designed to make everyday work easier.,0
3176,36,40,12792.52,2019-05-22,2019-07-03,42,USD,US,Dance,Dance Training,San Francisco,Zip,"A new dance training project combining movement, performance and original ideas.",1
3177,35,109,3721.33,2020-05-18,2020-06-06,19,USD,US,Comics,Webcomics,Portland,City,"A new webcomics project featuring original characters, artwork and storytelling.",1
3178,43,91,1401.21,2019-06-21,2019-07-15,24,CAD,CA,Journalism,Audio,Toronto,LocalAdmin,A new audio project focused on independent stories and community voices.,1
3179,19,92,26085.39,2019-02-12,2019-03-16,32,USD,US,Games,Tabletop Games,Los Angeles,Suburb,"A new tabletop games experience built for players, families and communities.",1
3180,29,140,31091.84,2018-10-09,2018-11-07,29,USD,US,Comics,Comic Books,Boston,City,"A new comic books project featuring original characters, artwork and storytelling.",0
3181,10,107,21094.72,2019-12-25,2020-02-10,47,GBP,GB,Games,Tabletop Games,Manchester,LocalAdmin,"A new tabletop games experience built for players, families and communities.",1
3182,24,73,8328.57,2021-03-31,2021-04-19,19,USD,IN,Publishing,Children's Books,Delhi,County,We are creating a new children's books book and bringing the project to readers.,0
3183,48,64,18438.77,2021-03-14,2021-05-04,51,GBP,GB,Fashion,Footwear,Edinburgh,City,"A new footwear collection focused on creativity, quality and original ideas.",1
3184,18,106,5231.56,2019-08-16,2019-10-09,54,EUR,IT,Art,Sculpture,Turin,County,"A new sculpture project exploring creative ideas, materials and visual storytelling.",1
3185,61,67,3987.59,2018-01-25,2018-03-02,36,USD,US,Dance,Performances,Austin,City,"A new performances project combining movement, performance and original ideas.",1
3186,50,144,2561.63,2018-11-30,2019-01-05,36,EUR,FR,Theater,Musicals,Toulouse,Suburb,A new musicals production bringing an original story to the stage.,1
3187,43,75,2603.3,2020-04-25,2020-05-31,36,CAD,CA,Technology,Gadgets,Montreal,City,Introducing a new gadgets project designed to make everyday work easier.,0
3188,55,108,27305.58,2018-11-27,2018-12-26,29,SEK,SE,Art,Painting,Malmo,LocalAdmin,"A new painting project exploring creative ideas, materials and visual storytelling.",1
3189,33,50,7905.34,2019-03-10,2019-04-10,31,USD,US,Technology,Apps,Seattle,Suburb,Introducing a new apps project designed to make everyday work easier.,1
3190,24,51,4173.49,2019-04-06,2019-06-04,59,CAD,CA,Fashion,Accessories,Montreal,City,"A new accessories collection focused on creativity, quality and original ideas.",0
3191,34,102,1453.45,2020-05-09,2020-06-20,42,CAD,CA,Technology,Apps,Calgary,Town,Introducing a new apps project designed to make everyday work easier.,1
3192,9,151,33955.55,2020-02-12,2020-03-19,36,USD,US,Publishing,Nonfiction,Boston,City,We are creating a new nonfiction book and bringing the project to readers.,0
3193,53,91,62992.17,2018-01-18,2018-02-22,35,USD,US,Dance,Performances,Seattle,Suburb,"A new performances project combining movement, performance and original ideas.",1
3194,30,129,2453.44,2019-07-15,2019-09-09,56,USD,US,Crafts,Crochet,Los Angeles,City,A new crochet project making useful and creative handmade products.,1
3195,24,93,9891.62,2020-05-29,2020-06-29,31,USD,US,Crafts,DIY,Boston,Zip,A new diy project making useful and creative handmade products.,1
3196,25,139,2827.62,2020-08-19,2020-09-07,19,EUR,NL,Games,Tabletop Games,Utrecht,Island,"A new tabletop games experience built for players, families and communities.",1
3197,35,105,9632.46,2018-01-19,2018-02-20,32,USD,US,Fashion,Accessories,Chicago,City,"A new accessories collection focused on creativity, quality and original ideas.",0
3198,37,71,30789.16,2019-09-19,2019-10-20,31,USD,US,Games,Mobile Games,Portland,City,"A new mobile games experience built for players, families and communities.",1
3199,33,101,147426.53,2018-01-31,2018-02-18,18,EUR,DE,Publishing,Children's Books,Cologne,LocalAdmin,We are creating a new children's books book and bringing the project to readers.,1
3200,33,55,6001.49,2021-01-09,2021-01-30,21,USD,US,Design,Product Design,San Francisco,County,We are creating a practical product design with a fresh and thoughtful design.,1
3201,43,81,35508.47,2018-08-29,2018-10-07,39,GBP,GB,Comics,Comic Books,Manchester,Town,"A new comic books project featuring original characters, artwork and storytelling.",1
3202,19,119,36878.05,2020-11-06,2020-12-27,51,USD,US,Food,Restaurants,New York,City,We are developing a new restaurants project for people who love great food.,1
3203,38,88,9493.95,2020-10-27,2020-12-20,54,NOK,NO,Design,Architecture,Trondheim,Zip,We are creating a practical architecture with a fresh and thoughtful design.,1
3204,30,95,72461.93,2021-02-15,2021-04-10,54,EUR,ES,Comics,Webcomics,Valencia,City,"A new webcomics project featuring original characters, artwork and storytelling.",0
3205,5,136,7220.68,2019-05-25,2019-07-21,57,EUR,NL,Dance,Experimental,Amsterdam,Island,"A new experimental project combining movement, performance and original ideas.",0
3206,19,93,23565.39,2020-11-12,2020-12-05,23,USD,US,Games,Video Games,Boston,Zip,"A new video games experience built for players, families and communities.",1
3207,23,123,4932.23,2019-03-31,2019-05-03,33,EUR,FR,Theater,Musicals,Lyon,City,A new musicals production bringing an original story to the stage.,0
3208,60,90,27351.02,2020-04-18,2020-05-11,23,USD,US,Dance,Performances,New York,Zip,"A new performances project combining movement, performance and original ideas.",1
3209,42,135,23412.81,2020-05-20,2020-06-26,37,USD,US,Publishing,Children's Books,Chicago,City,We are creating a new children's books book and bringing the project to readers.,0
3210,39,147,75589.44,2018-05-01,2018-06-15,45,USD,US,Photography,Photobooks,Austin,City,"A new photobooks project documenting people, places and memorable stories.",1
3211,28,49,206447.53,2018-09-08,2018-10-24,46,CAD,CA,Photography,Nature,Calgary,City,"A new nature project documenting people, places and memorable stories.",1
3212,27,78,49622.11,2019-08-31,2019-10-15,45,GBP,GB,Photography,Photobooks,London,City,"A new photobooks project documenting people, places and memorable stories.",0
3213,17,101,33934.42,2019-07-27,2019-08-27,31,GBP,GB,Publishing,Nonfiction,Bristol,City,We are creating a new nonfiction book and bringing the project to readers.,0
3214,30,87,6549.25,2020-08-17,2020-10-09,53,USD,US,Theater,Experimental Theater,Seattle,City,A new experimental theater production bringing an original story to the stage.,1
3215,56,134,358.12,2018-10-09,2018-11-14,36,USD,US,Technology,Apps,Los Angeles,City,Introducing a new apps project designed to make everyday work easier.,1
3216,15,115,89772.3,2019-03-27,2019-05-15,49,EUR,DE,Dance,Experimental,Munich,City,"A new experimental project combining movement, performance and original ideas.",0
3217,26,80,213148.97,2019-04-30,2019-06-13,44,USD,US,Comics,Comic Books,Austin,County,"A new comic books project featuring original characters, artwork and storytelling.",1
3218,49,151,19492.46,2020-11-29,2021-01-22,54,EUR,DE,Publishing,Children's Books,Munich,City,We are creating a new children's books book and bringing the project to readers.,1
3219,49,150,2522.98,2018-11-12,2019-01-02,51,USD,US,Photography,Fine Art,Boston,County,"A new fine art project documenting people, places and memorable stories.",1
3220,24,68,101554.33,2020-04-07,2020-05-17,40,EUR,IT,Theater,Experimental Theater,Rome,City,A new experimental theater production bringing an original story to the stage.,1
3221,52,90,66538.81,2021-02-25,2021-03-17,20,CAD,CA,Fashion,Apparel,Toronto,City,"A new apparel collection focused on creativity, quality and original ideas.",1
3222,28,133,510.21,2018-11-10,2018-12-28,48,USD,US,Publishing,Children's Books,Portland,Town,We are creating a new children's books book and bringing the project to readers.,0
3223,18,136,14917.6,2020-11-18,2021-01-03,46,USD,US,Music,Pop,Seattle,City,Support our new pop project and help us share the music with listeners.,1
3224,57,150,17483.36,2018-08-14,2018-09-22,39,CAD,CA,Technology,Gadgets,Montreal,City,Introducing a new gadgets project designed to make everyday work easier.,1
3225,36,151,998.06,2019-12-05,2020-01-01,27,EUR,ES,Comics,Graphic Novels,Seville,City,"A new graphic novels project featuring original characters, artwork and storytelling.",1
3226,32,121,2253.9,2018-04-02,2018-05-24,52,USD,US,Photography,Nature,Seattle,Town,"A new nature project documenting people, places and memorable stories.",1
3227,38,146,65158.71,2018-03-24,2018-05-15,52,USD,US,Film & Video,Webseries,New York,Town,Help us bring this original webseries story to life for a wider audience.,1
3228,20,151,13369.74,2018-05-15,2018-05-31,16,EUR,NL,Crafts,Candles,Amsterdam,City,A new candles project making useful and creative handmade products.,0
3229,27,108,2752.46,2020-12-15,2021-01-03,19,AUD,AU,Theater,Experimental Theater,Perth,County,A new experimental theater production bringing an original story to the stage.,1
3230,57,84,4251.71,2020-10-10,2020-11-04,25,GBP,GB,Crafts,Crochet,London,Town,A new crochet project making useful and creative handmade products.,0
3231,63,116,1864.85,2018-06-05,2018-06-30,25,GBP,GB,Design,Product Design,Manchester,City,We are creating a practical product design with a fresh and thoughtful design.,1
3232,18,151,13488.09,2020-08-06,2020-09-13,38,USD,US,Crafts,Crochet,New York,City,A new crochet project making useful and creative handmade products.,1
3233,29,151,38512.3,2019-05-23,2019-06-20,28,CAD,CA,Comics,Graphic Novels,Montreal,Island,"A new graphic novels project featuring original characters, artwork and storytelling.",1
3234,35,112,74347.45,2021-03-15,2021-05-13,59,USD,US,Journalism,Audio,Los Angeles,City,A new audio project focused on independent stories and community voices.,1
3235,38,103,4261.12,2018-12-29,2019-02-11,44,USD,IN,Games,Mobile Games,Hyderabad,Town,"A new mobile games experience built for players, families and communities.",1
3236,21,70,6934.73,2020-12-17,2021-02-09,54,GBP,GB,Comics,Graphic Novels,London,Suburb,"A new graphic novels project featuring original characters, artwork and storytelling.",1
3237,45,110,26093.95,2021-01-15,2021-03-14,58,GBP,GB,Technology,Apps,Edinburgh,City,Introducing a new apps project designed to make everyday work easier.,1
3238,46,73,52533.38,2018-07-10,2018-08-28,49,CAD,CA,Music,Rock,Montreal,LocalAdmin,Support our new rock project and help us share the music with listeners.,1
3239,48,79,21319.36,2020-09-25,2020-10-30,35,NZD,NZ,Comics,Webcomics,Wellington,Suburb,"A new webcomics project featuring original characters, artwork and storytelling.",0
3240,46,115,85591.24,2020-01-01,2020-01-20,19,EUR,IT,Publishing,Children's Books,Milan,Suburb,We are creating a new children's books book and bringing the project to readers.,1
3241,36,70,200559.4,2020-11-30,2021-01-21,52,GBP,GB,Theater,Plays,Edinburgh,Suburb,A new plays production bringing an original story to the stage.,1
3242,50,119,959.24,2019-04-11,2019-04-27,16,EUR,DE,Food,Restaurants,Munich,City,We are developing a new restaurants project for people who love great food.,1
3243,43,136,126391.31,2019-07-09,2019-09-01,54,CAD,CA,Theater,Experimental Theater,Vancouver,County,A new experimental theater production bringing an original story to the stage.,0
3244,13,76,89809.31,2021-01-21,2021-03-13,51,GBP,GB,Games,Tabletop Games,Bristol,Town,"A new tabletop games experience built for players, families and communities.",1
3245,13,90,1940.22,2018-01-01,2018-02-18,48,USD,US,Film & Video,Documentary,Seattle,Suburb,Help us bring this original documentary story to life for a wider audience.,1
3246,40,65,24625.07,2021-01-20,2021-02-14,25,GBP,GB,Crafts,Woodworking,London,City,A new woodworking project making useful and creative handmade products.,1
3247,54,126,32158.16,2020-03-11,2020-04-30,50,USD,US,Games,Mobile Games,Los Angeles,City,"A new mobile games experience built for players, families and communities.",1
3248,42,63,2215.97,2019-03-22,2019-04-16,25,NZD,NZ,Crafts,Woodworking,Christchurch,City,A new woodworking project making useful and creative handmade products.,1
3249,44,129,10915.94,2020-08-15,2020-09-07,23,USD,US,Design,Graphic Design,Austin,City,We are creating a practical graphic design with a fresh and thoughtful design.,1
3250,19,117,15291.92,2018-12-14,2019-01-03,20,NOK,NO,Games,Video Games,Oslo,City,"A new video games experience built for players, families and communities.",1
3251,36,151,2250.19,2020-01-18,2020-03-06,48,GBP,GB,Photography,Nature,Manchester,City,"A new nature project documenting people, places and memorable stories.",1
3252,52,151,7096.39,2019-10-02,2019-11-22,51,CAD,CA,Technology,Gadgets,Vancouver,City,Introducing a new gadgets project designed to make everyday work easier.,0
3253,42,72,105291.4,2020-11-02,2020-12-18,46,GBP,GB,Technology,Software,Bristol,Town,Introducing a new software project designed to make everyday work easier.,1
3254,37,151,163050.34,2021-01-13,2021-02-08,26,USD,US,Crafts,Candles,Portland,City,A new candles project making useful and creative handmade products.,1
3255,44,92,2169.19,2018-02-20,2018-04-20,59,USD,US,Film & Video,Feature Film,Portland,City,Help us bring this original feature film story to life for a wider audience.,1
3256,38,84,192.93,2019-05-15,2019-06-30,46,USD,US,Photography,Fine Art,Los Angeles,LocalAdmin,"A new fine art project documenting people, places and memorable stories.",1
3257,53,93,81680.17,2020-01-29,2020-02-29,31,CAD,CA,Art,Painting,Montreal,City,"A new painting project exploring creative ideas, materials and visual storytelling.",0
3258,38,99,202278.73,2020-12-03,2020-12-21,18,GBP,GB,Dance,Experimental,Manchester,Town,"A new experimental project combining movement, performance and original ideas.",1
3259,35,151,46706.97,2020-06-01,2020-07-27,56,EUR,FR,Dance,Dance Training,Paris,City,"A new dance training project combining movement, performance and original ideas.",1
3260,19,24,7691.02,2020-01-08,2020-02-24,47,USD,US,Film & Video,Feature Film,Los Angeles,City,Help us bring this original feature film story to life for a wider audience.,1
3261,53,151,2236.99,2018-09-13,2018-11-09,57,USD,US,Food,Food,Boston,County,We are developing a new food project for people who love great food.,1
3262,21,133,31215.32,2018-03-20,2018-05-16,57,USD,US,Art,Illustration,Seattle,City,"A new illustration project exploring creative ideas, materials and visual storytelling.",1
3263,39,113,61538.26,2021-01-23,2021-02-15,23,EUR,IE,Design,Product Design,Galway,City,We are creating a practical product design with a fresh and thoughtful design.,1
3264,47,90,4315.46,2021-02-10,2021-03-30,48,EUR,DE,Film & Video,Documentary,Hamburg,Zip,Help us bring this original documentary story to life for a wider audience.,1
3265,62,105,18379.7,2020-12-15,2021-02-06,53,USD,US,Photography,Fine Art,Los Angeles,City,"A new fine art project documenting people, places and memorable stories.",1
3266,38,134,6117.21,2019-11-02,2019-12-16,44,GBP,GB,Dance,Experimental,Manchester,Town,"A new experimental project combining movement, performance and original ideas.",1
3267,56,137,38609.83,2020-09-11,2020-10-15,34,USD,US,Publishing,Children's Books,Seattle,City,We are creating a new children's books book and bringing the project to readers.,1
3268,35,83,493.47,2020-09-30,2020-11-22,53,USD,IN,Dance,Performances,Bengaluru,City,"A new performances project combining movement, performance and original ideas.",1
3269,27,131,22192.38,2019-04-12,2019-05-19,37,AUD,AU,Dance,Dance Training,Melbourne,Suburb,"A new dance training project combining movement, performance and original ideas.",1
3270,76,90,6805.2,2020-12-02,2021-01-26,55,USD,US,Photography,Photobooks,Boston,Zip,"A new photobooks project documenting people, places and memorable stories.",1
3271,17,103,205328.96,2020-06-29,2020-08-26,58,CAD,CA,Fashion,Accessories,Toronto,Suburb,"A new accessories collection focused on creativity, quality and original ideas.",1
3272,79,147,19462.52,2020-05-30,2020-07-18,49,USD,US,Film & Video,Short Film,New York,Suburb,Help us bring this original short film story to life for a wider audience.,1
3273,59,132,35941.96,2018-02-23,2018-04-01,37,USD,IN,Comics,Comic Books,Bengaluru,Zip,"A new comic books project featuring original characters, artwork and storytelling.",0
3274,26,59,2781.58,2020-03-14,2020-05-06,53,USD,US,Theater,Experimental Theater,Chicago,Suburb,A new experimental theater production bringing an original story to the stage.,1
3275,45,112,8513.85,2020-02-27,2020-04-04,37,AUD,AU,Design,Product Design,Perth,City,We are creating a practical product design with a fresh and thoughtful design.,0
3276,14,121,22118.01,2018-04-28,2018-06-18,51,USD,US,Dance,Dance Training,Chicago,City,"A new dance training project combining movement, performance and original ideas.",1
3277,44,112,6874.39,2018-11-02,2018-12-09,37,EUR,DE,Theater,Plays,Cologne,City,A new plays production bringing an original story to the stage.,1
3278,40,32,8243.27,2018-07-02,2018-08-24,53,EUR,FR,Technology,Hardware,Paris,City,Introducing a new hardware project designed to make everyday work easier.,1
3279,48,67,18038.34,2020-05-27,2020-07-08,42,AUD,AU,Publishing,Children's Books,Sydney,City,We are creating a new children's books book and bringing the project to readers.,0
3280,29,55,843.13,2018-09-18,2018-10-21,33,CAD,CA,Crafts,Candles,Montreal,Suburb,A new candles project making useful and creative handmade products.,1
3281,37,89,5323.14,2019-07-07,2019-08-20,44,SEK,SE,Film & Video,Documentary,Stockholm,City,Help us bring this original documentary story to life for a wider audience.,0
3282,42,112,40753.48,2019-04-28,2019-06-02,35,USD,US,Music,Classical,Portland,City,Support our new classical project and help us share the music with listeners.,1
3283,28,92,6519.24,2020-06-26,2020-08-03,38,USD,US,Photography,Photobooks,Portland,City,"A new photobooks project documenting people, places and memorable stories.",1
3284,56,89,448807.29,2018-01-03,2018-02-07,35,USD,US,Fashion,Footwear,San Francisco,City,"A new footwear collection focused on creativity, quality and original ideas.",0
3285,37,56,13812.31,2020-08-06,2020-09-15,40,USD,IN,Technology,Apps,Chennai,City,Introducing a new apps project designed to make everyday work easier.,1
3286,40,71,679.95,2019-10-17,2019-12-06,50,USD,US,Film & Video,Short Film,San Francisco,City,Help us bring this original short film story to life for a wider audience.,1
3287,23,79,23876.93,2020-08-14,2020-09-23,40,EUR,DE,Design,Product Design,Cologne,Suburb,We are creating a practical product design with a fresh and thoughtful design.,1
3288,10,134,2335.5,2020-10-02,2020-11-18,47,AUD,AU,Publishing,Nonfiction,Melbourne,LocalAdmin,We are creating a new nonfiction book and bringing the project to readers.,1
3289,15,121,20325.91,2019-09-03,2019-10-23,50,USD,US,Fashion,Footwear,New York,City,"A new footwear collection focused on creativity, quality and original ideas.",1
3290,44,132,4992.96,2020-11-04,2020-11-22,18,USD,US,Design,Graphic Design,Chicago,City,We are creating a practical graphic design with a fresh and thoughtful design.,0
3291,23,122,5533.38,2019-06-30,2019-07-23,23,USD,US,Technology,Hardware,Portland,LocalAdmin,Introducing a new hardware project designed to make everyday work easier.,0
3292,46,133,59704.12,2019-07-16,2019-08-07,22,USD,US,Film & Video,Feature Film,New York,City,Help us bring this original feature film story to life for a wider audience.,1
3293,60,67,1030.97,2019-03-29,2019-04-14,16,USD,US,Comics,Graphic Novels,New York,City,"A new graphic novels project featuring original characters, artwork and storytelling.",1
3294,47,148,5656.25,2020-12-03,2021-01-15,43,USD,US,Technology,Hardware,San Francisco,City,Introducing a new hardware project designed to make everyday work easier.,1
3295,41,139,4756.57,2020-04-22,2020-05-29,37,EUR,NL,Music,Classical,Amsterdam,City,Support our new classical project and help us share the music with listeners.,0
3296,45,97,95327.4,2019-01-19,2019-02-08,20,USD,IN,Design,Product Design,Bengaluru,Zip,We are creating a practical product design with a fresh and thoughtful design.,1
3297,52,137,6987.27,2020-12-11,2021-02-06,57,USD,US,Fashion,Apparel,Seattle,City,"A new apparel collection focused on creativity, quality and original ideas.",1
3298,40,144,2788.38,2018-07-20,2018-09-08,50,USD,US,Fashion,Apparel,Los Angeles,City,"A new apparel collection focused on creativity, quality and original ideas.",1
3299,45,106,17172.93,2018-04-28,2018-06-27,60,USD,US,Theater,Musicals,Los Angeles,City,A new musicals production bringing an original story to the stage.,1
3300,27,124,3000.45,2020-09-27,2020-11-01,35,AUD,AU,Design,Product Design,Perth,LocalAdmin,We are creating a practical product design with a fresh and thoughtful design.,1
3301,20,92,3756.1,2018-04-21,2018-05-27,36,EUR,IT,Journalism,Investigative,Turin,City,A new investigative project focused on independent stories and community voices.,0
3302,27,148,34973.47,2018-05-04,2018-05-27,23,USD,US,Film & Video,Short Film,Chicago,City,Help us bring this original short film story to life for a wider audience.,1
3303,30,94,141.21,2019-08-17,2019-10-04,48,USD,US,Journalism,Audio,Seattle,City,A new audio project focused on independent stories and community voices.,1
3304,29,117,2693.02,2019-04-21,2019-05-31,40,EUR,FR,Food,Food,Paris,County,We are developing a new food project for people who love great food.,1
3305,52,107,4203.49,2018-01-31,2018-02-15,15,CAD,CA,Film & Video,Webseries,Vancouver,County,Help us bring this original webseries story to life for a wider audience.,1
3306,1,91,131611.35,2020-08-26,2020-10-15,50,USD,US,Design,Graphic Design,Chicago,Zip,We are creating a practical graphic design with a fresh and thoughtful design.,1
3307,32,57,23930.87,2018-09-09,2018-11-06,58,CAD,CA,Art,Sculpture,Toronto,City,"A new sculpture project exploring creative ideas, materials and visual storytelling.",1
3308,46,135,11424.16,2019-10-20,2019-11-08,19,USD,US,Publishing,Children's Books,Chicago,City,We are creating a new children's books book and bringing the project to readers.,1
3309,46,107,10226.1,2020-01-21,2020-03-16,55,USD,US,Design,Product Design,Los Angeles,LocalAdmin,We are creating a practical product design with a fresh and thoughtful design.,0
3310,23,151,14530.98,2019-10-26,2019-12-01,36,EUR,FR,Journalism,Audio,Paris,LocalAdmin,A new audio project focused on independent stories and community voices.,0
3311,61,145,17559.42,2020-12-04,2020-12-22,18,EUR,IT,Comics,Comic Books,Milan,City,"A new comic books project featuring original characters, artwork and storytelling.",1
3312,14,144,14577.61,2019-08-07,2019-08-23,16,USD,US,Publishing,Children's Books,Boston,City,We are creating a new children's books book and bringing the project to readers.,1
3313,30,130,245205.4,2019-07-09,2019-08-08,30,DKK,DK,Design,Graphic Design,Aarhus,City,We are creating a practical graphic design with a fresh and thoughtful design.,0
3314,30,131,6074.75,2021-02-07,2021-03-09,30,USD,US,Design,Architecture,Seattle,City,We are creating a practical architecture with a fresh and thoughtful design.,1
3315,30,113,15724.3,2019-12-30,2020-02-04,36,EUR,FR,Comics,Comic Books,Marseille,County,"A new comic books project featuring original characters, artwork and storytelling.",1
3316,55,133,12727.87,2018-10-16,2018-12-12,57,GBP,GB,Design,Architecture,London,City,We are creating a practical architecture with a fresh and thoughtful design.,1
3317,35,95,51459.2,2019-09-17,2019-10-02,15,SEK,SE,Publishing,Nonfiction,Gothenburg,Suburb,We are creating a new nonfiction book and bringing the project to readers.,0
3318,40,35,4097.63,2018-02-13,2018-03-14,29,NZD,NZ,Dance,Dance Training,Christchurch,City,"A new dance training project combining movement, performance and original ideas.",1
3319,48,129,6796.05,2020-08-18,2020-09-25,38,USD,US,Art,Painting,Austin,City,"A new painting project exploring creative ideas, materials and visual storytelling.",1
3320,25,130,1152.4,2018-02-15,2018-03-05,18,DKK,DK,Crafts,Candles,Aarhus,City,A new candles project making useful and creative handmade products.,1
3321,33,68,55411.08,2018-08-10,2018-09-11,32,EUR,IT,Art,Sculpture,Rome,City,"A new sculpture project exploring creative ideas, materials and visual storytelling.",0
3322,60,123,1132.49,2018-11-18,2018-12-19,31,EUR,FR,Photography,Nature,Marseille,LocalAdmin,"A new nature project documenting people, places and memorable stories.",0
3323,41,123,27694.09,2020-10-21,2020-11-11,21,USD,US,Music,Hip-Hop,San Francisco,City,Support our new hip-hop project and help us share the music with listeners.,1
3324,19,140,162488.13,2020-09-28,2020-11-26,59,EUR,IT,Theater,Experimental Theater,Rome,City,A new experimental theater production bringing an original story to the stage.,1
3325,22,105,237411.89,2019-08-13,2019-09-06,24,EUR,ES,Design,Architecture,Valencia,City,We are creating a practical architecture with a fresh and thoughtful design.,1
3326,48,62,7468.21,2018-04-09,2018-04-24,15,USD,US,Dance,Performances,Los Angeles,Town,"A new performances project combining movement, performance and original ideas.",0
3327,18,93,7020.23,2021-01-14,2021-01-30,16,NOK,NO,Film & Video,Webseries,Bergen,City,Help us bring this original webseries story to life for a wider audience.,1
3328,28,93,10697.63,2020-08-26,2020-10-01,36,USD,US,Design,Architecture,Los Angeles,Town,We are creating a practical architecture with a fresh and thoughtful design.,1
3329,38,104,48475.21,2019-12-28,2020-02-12,46,USD,US,Journalism,Print,Seattle,City,A new print project focused on independent stories and community voices.,1
3330,35,112,9778.22,2018-05-31,2018-07-13,43,GBP,GB,Technology,Hardware,London,City,Introducing a new hardware project designed to make everyday work easier.,1
3331,57,101,7850.77,2019-08-13,2019-10-01,49,CAD,CA,Dance,Performances,Vancouver,Town,"A new performances project combining movement, performance and original ideas.",0
3332,1,120,63281.97,2020-08-25,2020-09-25,31,AUD,AU,Comics,Webcomics,Melbourne,City,"A new webcomics project featuring original characters, artwork and storytelling.",1
3333,42,75,12840.49,2018-01-15,2018-02-10,26,USD,US,Dance,Experimental,Chicago,City,"A new experimental project combining movement, performance and original ideas.",1
3334,31,119,9465.17,2018-12-14,2019-01-21,38,NOK,NO,Photography,Photobooks,Trondheim,Zip,"A new photobooks project documenting people, places and memorable stories.",0
3335,55,85,3086.08,2019-09-13,2019-10-27,44,USD,US,Comics,Graphic Novels,Austin,City,"A new graphic novels project featuring original characters, artwork and storytelling.",1
3336,31,102,58956.73,2020-08-24,2020-10-21,58,USD,US,Food,Food,New York,City,We are developing a new food project for people who love great food.,1
3337,32,53,17599.63,2018-05-05,2018-06-18,44,USD,US,Crafts,Crochet,Chicago,City,A new crochet project making useful and creative handmade products.,0
3338,35,136,11783.93,2019-12-27,2020-01-30,34,CAD,CA,Games,Video Games,Toronto,City,"A new video games experience built for players, families and communities.",1
3339,25,99,669.55,2018-11-18,2019-01-13,56,EUR,IE,Publishing,Fiction,Dublin,Suburb,We are creating a new fiction book and bringing the project to readers.,0
3340,26,118,52687.55,2018-09-05,2018-09-26,21,AUD,AU,Dance,Dance Training,Perth,LocalAdmin,"A new dance training project combining movement, performance and original ideas.",0
3341,33,83,2068.5,2019-05-06,2019-07-01,56,EUR,IT,Publishing,Nonfiction,Turin,City,We are creating a new nonfiction book and bringing the project to readers.,1
3342,60,91,24176.5,2018-05-03,2018-06-24,52,USD,US,Fashion,Apparel,Portland,City,"A new apparel collection focused on creativity, quality and original ideas.",1
3343,28,79,3590.09,2021-01-02,2021-01-23,21,GBP,GB,Journalism,Audio,Bristol,City,A new audio project focused on independent stories and community voices.,0
3344,25,113,2274.14,2019-07-20,2019-09-02,44,GBP,GB,Design,Graphic Design,Bristol,City,We are creating a practical graphic design with a fresh and thoughtful design.,1
3345,29,125,50579.25,2018-03-26,2018-04-21,26,GBP,GB,Journalism,Audio,Edinburgh,County,A new audio project focused on independent stories and community voices.,1
3346,35,78,14047.95,2018-08-20,2018-10-04,45,USD,US,Publishing,Fiction,Los Angeles,City,We are creating a new fiction book and bringing the project to readers.,1
3347,62,112,12788.15,2021-02-15,2021-03-19,32,AUD,AU,Art,Painting,Melbourne,Town,"A new painting project exploring creative ideas, materials and visual storytelling.",0
3348,24,101,246705.76,2018-05-01,2018-06-30,60,GBP,GB,Games,Video Games,Edinburgh,City,"A new video games experience built for players, families and communities.",1
3349,72,114,240859.08,2019-11-09,2020-01-05,57,EUR,FR,Art,Mixed Media,Marseille,Zip,"A new mixed media project exploring creative ideas, materials and visual storytelling.",1
3350,42,81,8183.56,2018-07-21,2018-08-06,16,GBP,GB,Food,Food,Manchester,LocalAdmin,We are developing a new food project for people who love great food.,1
3351,20,122,1582.22,2018-03-10,2018-04-26,47,USD,US,Games,Tabletop Games,Seattle,Suburb,"A new tabletop games experience built for players, families and communities.",1
3352,27,100,107373.67,2020-06-10,2020-07-05,25,AUD,AU,Games,Video Games,Melbourne,City,"A new video games experience built for players, families and communities.",1
3353,6,104,1492.96,2020-05-03,2020-06-20,48,USD,US,Art,Painting,Los Angeles,Suburb,"A new painting project exploring creative ideas, materials and visual storytelling.",1
3354,37,151,25064.81,2020-02-26,2020-03-27,30,EUR,NL,Comics,Graphic Novels,Rotterdam,Town,"A new graphic novels project featuring original characters, artwork and storytelling.",1
3355,51,55,7922.24,2020-07-01,2020-08-19,49,CAD,CA,Photography,Photobooks,Toronto,City,"A new photobooks project documenting people, places and memorable stories.",1
3356,35,124,13500.22,2018-10-10,2018-11-26,47,USD,US,Publishing,Children's Books,Seattle,City,We are creating a new children's books book and bringing the project to readers.,1
3357,47,121,80291.08,2020-08-06,2020-09-10,35,USD,IN,Art,Mixed Media,Mumbai,LocalAdmin,"A new mixed media project exploring creative ideas, materials and visual storytelling.",0
3358,41,127,3544.15,2020-02-02,2020-03-07,34,GBP,GB,Journalism,Investigative,Manchester,City,A new investigative project focused on independent stories and community voices.,1
3359,53,126,4675.13,2020-04-11,2020-05-03,22,USD,US,Comics,Comic Books,Seattle,County,"A new comic books project featuring original characters, artwork and storytelling.",1
3360,20,114,38856.99,2020-04-24,2020-06-03,40,CAD,CA,Journalism,Investigative,Calgary,Town,A new investigative project focused on independent stories and community voices.,1
3361,48,120,192015.29,2019-02-02,2019-03-21,47,USD,US,Photography,Fine Art,Boston,Suburb,"A new fine art project documenting people, places and memorable stories.",1
3362,63,151,555504.27,2019-09-17,2019-10-27,40,EUR,IT,Food,Restaurants,Rome,City,We are developing a new restaurants project for people who love great food.,1
3363,73,103,1266.36,2019-04-16,2019-06-06,51,EUR,IT,Design,Product Design,Milan,Zip,We are creating a practical product design with a fresh and thoughtful design.,0
3364,56,103,6262.07,2018-03-30,2018-05-13,44,USD,IN,Photography,Fine Art,Chennai,Suburb,"A new fine art project documenting people, places and memorable stories.",0
3365,38,76,2425.45,2021-02-10,2021-03-27,45,GBP,GB,Music,Pop,Bristol,City,Support our new pop project and help us share the music with listeners.,1
3366,21,83,44570.03,2019-04-22,2019-06-08,47,GBP,GB,Film & Video,Webseries,Edinburgh,City,Help us bring this original webseries story to life for a wider audience.,1
3367,23,115,13187.26,2018-12-09,2019-01-03,25,EUR,DE,Comics,Comic Books,Cologne,City,"A new comic books project featuring original characters, artwork and storytelling.",0
3368,32,119,46781.0,2018-01-04,2018-02-28,55,USD,US,Food,Food,Seattle,City,We are developing a new food project for people who love great food.,1
3369,63,105,6504.4,2018-10-09,2018-10-28,19,GBP,GB,Music,Rock,London,City,Support our new rock project and help us share the music with listeners.,1
3370,27,128,35487.31,2021-01-03,2021-01-19,16,GBP,GB,Fashion,Accessories,Edinburgh,City,"A new accessories collection focused on creativity, quality and original ideas.",0
3371,38,96,9093.4,2019-07-05,2019-08-01,27,USD,US,Food,Restaurants,New York,Suburb,We are developing a new restaurants project for people who love great food.,1
3372,49,151,14959.76,2018-11-07,2018-12-09,32,USD,US,Art,Illustration,Austin,City,"A new illustration project exploring creative ideas, materials and visual storytelling.",1
3373,1,113,4912.26,2019-12-23,2020-02-01,40,EUR,ES,Theater,Musicals,Seville,City,A new musicals production bringing an original story to the stage.,1
3374,19,128,98787.81,2020-08-12,2020-09-20,39,EUR,ES,Art,Mixed Media,Barcelona,Suburb,"A new mixed media project exploring creative ideas, materials and visual storytelling.",1
3375,64,113,1695.02,2018-08-13,2018-10-10,58,USD,US,Photography,Nature,Austin,Island,"A new nature project documenting people, places and memorable stories.",1
3376,51,90,10060.58,2018-12-22,2019-01-19,28,USD,US,Film & Video,Feature Film,Chicago,County,Help us bring this original feature film story to life for a wider audience.,1
3377,51,93,189668.31,2020-06-20,2020-07-09,19,USD,US,Food,Drinks,New York,City,We are developing a new drinks project for people who love great food.,1
3378,21,74,86719.46,2018-12-25,2019-02-19,56,EUR,NL,Publishing,Nonfiction,Utrecht,County,We are creating a new nonfiction book and bringing the project to readers.,1
3379,57,56,3247.61,2018-05-04,2018-05-20,16,USD,US,Crafts,Woodworking,New York,City,A new woodworking project making useful and creative handmade products.,1
3380,23,136,3513.96,2020-01-13,2020-01-31,18,EUR,DE,Design,Graphic Design,Cologne,City,We are creating a practical graphic design with a fresh and thoughtful design.,1
3381,36,90,26621.59,2018-06-24,2018-07-20,26,USD,US,Photography,Nature,Chicago,City,"A new nature project documenting people, places and memorable stories.",1
3382,45,106,32861.57,2019-01-23,2019-02-17,25,CAD,CA,Art,Illustration,Vancouver,County,"A new illustration project exploring creative ideas, materials and visual storytelling.",1
3383,47,151,75887.91,2020-07-11,2020-07-29,18,USD,US,Film & Video,Webseries,San Francisco,Zip,Help us bring this original webseries story to life for a wider audience.,1
3384,42,143,1350.61,2019-07-18,2019-09-13,57,EUR,FR,Design,Architecture,Toulouse,Zip,We are creating a practical architecture with a fresh and thoughtful design.,1
3385,32,112,92239.31,2019-08-18,2019-09-10,23,USD,US,Food,Drinks,Austin,City,We are developing a new drinks project for people who love great food.,1
3386,7,102,2967.41,2021-01-23,2021-02-16,24,CAD,CA,Publishing,Fiction,Vancouver,City,We are creating a new fiction book and bringing the project to readers.,1
3387,36,103,94978.54,2019-07-19,2019-08-29,41,USD,US,Food,Restaurants,Chicago,City,We are developing a new restaurants project for people who love great food.,1
3388,2,151,981.18,2020-07-03,2020-07-23,20,EUR,DE,Games,Mobile Games,Cologne,City,"A new mobile games experience built for players, families and communities.",0
3389,44,113,2134.6,2020-09-13,2020-10-12,29,EUR,NL,Film & Video,Feature Film,Utrecht,City,Help us bring this original feature film story to life for a wider audience.,1
3390,20,151,172859.76,2018-09-19,2018-11-14,56,USD,US,Music,Pop,Austin,Suburb,Support our new pop project and help us share the music with listeners.,0
3391,33,69,188248.89,2019-08-11,2019-09-25,45,EUR,NL,Art,Sculpture,Rotterdam,City,"A new sculpture project exploring creative ideas, materials and visual storytelling.",1
3392,27,109,14019.18,2018-04-23,2018-05-29,36,CAD,CA,Publishing,Nonfiction,Calgary,Suburb,We are creating a new nonfiction book and bringing the project to readers.,1
3393,43,143,7203.07,2019-02-21,2019-03-13,20,USD,US,Crafts,Crochet,Chicago,City,A new crochet project making useful and creative handmade products.,1
3394,23,140,11705.09,2020-07-27,2020-09-12,47,USD,US,Food,Drinks,Austin,Island,We are developing a new drinks project for people who love great food.,1
3395,39,127,22822.23,2019-02-05,2019-03-20,43,USD,US,Crafts,Woodworking,Portland,City,A new woodworking project making useful and creative handmade products.,1
3396,38,90,26242.05,2018-06-12,2018-07-17,35,EUR,DE,Food,Restaurants,Hamburg,City,We are developing a new restaurants project for people who love great food.,1
3397,36,69,7599.41,2020-09-13,2020-10-27,44,EUR,FR,Art,Mixed Media,Paris,City,"A new mixed media project exploring creative ideas, materials and visual storytelling.",0
3398,41,103,597.45,2020-09-19,2020-10-24,35,USD,US,Design,Architecture,Chicago,City,We are creating a practical architecture with a fresh and thoughtful design.,1
3399,17,139,5166.35,2018-05-05,2018-06-24,50,GBP,GB,Dance,Dance Training,London,City,"A new dance training project combining movement, performance and original ideas.",0
3400,18,151,1077.51,2018-07-23,2018-08-28,36,EUR,IT,Design,Graphic Design,Milan,City,We are creating a practical graphic design with a fresh and thoughtful design.,1
3401,57,111,39327.07,2019-06-16,2019-08-15,60,DKK,DK,Food,Food,Aarhus,City,We are developing a new food project for people who love great food.,1
3402,12,105,21257.11,2019-01-30,2019-03-05,34,GBP,GB,Journalism,Investigative,Manchester,City,A new investigative project focused on independent stories and community voices.,0
3403,67,114,10099.35,2019-11-03,2019-12-09,36,DKK,DK,Theater,Experimental Theater,Odense,LocalAdmin,A new experimental theater production bringing an original story to the stage.,1
3404,33,115,8135.34,2018-03-08,2018-05-01,54,GBP,GB,Technology,Gadgets,Edinburgh,County,Introducing a new gadgets project designed to make everyday work easier.,1
3405,22,144,252741.75,2020-11-15,2020-12-10,25,USD,US,Dance,Performances,San Francisco,City,"A new performances project combining movement, performance and original ideas.",0
3406,48,97,70938.75,2018-08-17,2018-10-01,45,EUR,ES,Music,Classical,Barcelona,Island,Support our new classical project and help us share the music with listeners.,1
3407,27,104,16496.6,2019-01-16,2019-03-11,54,GBP,GB,Dance,Performances,London,LocalAdmin,"A new performances project combining movement, performance and original ideas.",1
3408,40,122,5211.83,2018-07-14,2018-08-10,27,GBP,GB,Theater,Musicals,London,City,A new musicals production bringing an original story to the stage.,1
3409,54,89,88623.97,2020-11-20,2020-12-22,32,GBP,GB,Crafts,Crochet,Bristol,Town,A new crochet project making useful and creative handmade products.,1
3410,46,80,14241.81,2019-08-28,2019-10-03,36,EUR,ES,Film & Video,Short Film,Madrid,City,Help us bring this original short film story to life for a wider audience.,1
3411,41,150,4392.93,2019-08-21,2019-09-21,31,EUR,ES,Crafts,DIY,Madrid,County,A new diy project making useful and creative handmade products.,1
3412,45,107,4804.24,2019-03-29,2019-05-20,52,USD,US,Photography,Fine Art,Boston,City,"A new fine art project documenting people, places and memorable stories.",1
3413,36,135,33474.78,2020-01-12,2020-02-20,39,USD,US,Crafts,Crochet,Seattle,City,A new crochet project making useful and creative handmade products.,1
3414,47,129,52509.96,2020-02-09,2020-03-26,46,GBP,GB,Music,Classical,Edinburgh,City,Support our new classical project and help us share the music with listeners.,1
3415,19,67,32139.55,2019-07-26,2019-08-24,29,CAD,CA,Journalism,Audio,Vancouver,City,A new audio project focused on independent stories and community voices.,1
3416,57,88,33252.16,2018-05-18,2018-06-14,27,USD,US,Design,Architecture,Boston,LocalAdmin,We are creating a practical architecture with a fresh and thoughtful design.,1
3417,33,110,7487.89,2018-11-04,2018-12-14,40,EUR,FR,Design,Graphic Design,Paris,LocalAdmin,We are creating a practical graphic design with a fresh and thoughtful design.,0
3418,38,101,5162.52,2019-12-29,2020-01-23,25,GBP,GB,Technology,Apps,Edinburgh,City,Introducing a new apps project designed to make everyday work easier.,1
3419,30,115,15107.75,2018-12-08,2019-01-04,27,USD,US,Fashion,Apparel,San Francisco,City,"A new apparel collection focused on creativity, quality and original ideas.",0
3420,44,114,10567.34,2018-01-11,2018-02-27,47,USD,US,Food,Restaurants,New York,City,We are developing a new restaurants project for people who love great food.,1
3421,51,132,2543.85,2019-12-06,2020-01-26,51,USD,US,Journalism,Print,Austin,City,A new print project focused on independent stories and community voices.,0
3422,20,107,11414.9,2018-04-04,2018-05-26,52,DKK,DK,Fashion,Apparel,Odense,City,"A new apparel collection focused on creativity, quality and original ideas.",0
3423,34,110,34965.29,2019-08-09,2019-08-24,15,USD,US,Theater,Plays,Portland,County,A new plays production bringing an original story to the stage.,0
3424,38,65,6552.27,2019-01-02,2019-02-24,53,USD,US,Photography,Photobooks,Seattle,City,"A new photobooks project documenting people, places and memorable stories.",1
3425,42,90,140491.55,2018-11-01,2018-12-12,41,GBP,GB,Art,Sculpture,Manchester,City,"A new sculpture project exploring creative ideas, materials and visual storytelling.",0
3426,31,91,1723.9,2018-05-02,2018-06-21,50,USD,US,Theater,Experimental Theater,Los Angeles,City,A new experimental theater production bringing an original story to the stage.,1
3427,29,95,3345.01,2019-08-18,2019-10-03,46,USD,US,Food,Restaurants,Austin,City,We are developing a new restaurants project for people who love great food.,1
3428,48,97,4938.63,2020-07-04,2020-08-28,55,USD,US,Food,Drinks,Portland,Town,We are developing a new drinks project for people who love great food.,1
3429,43,126,42938.4,2020-09-12,2020-10-11,29,GBP,GB,Games,Tabletop Games,Manchester,City,"A new tabletop games experience built for players, families and communities.",1
3430,38,151,16678.12,2019-09-11,2019-10-26,45,GBP,GB,Games,Mobile Games,Edinburgh,City,"A new mobile games experience built for players, families and communities.",1
3431,54,68,3038.98,2020-06-06,2020-06-26,20,USD,US,Comics,Graphic Novels,Chicago,LocalAdmin,"A new graphic novels project featuring original characters, artwork and storytelling.",1
3432,15,102,658.95,2020-04-01,2020-05-10,39,GBP,GB,Theater,Experimental Theater,Manchester,City,A new experimental theater production bringing an original story to the stage.,1
3433,47,82,1906.86,2019-12-13,2020-01-14,32,USD,IN,Comics,Webcomics,Chennai,City,"A new webcomics project featuring original characters, artwork and storytelling.",1
3434,41,68,792.41,2019-02-27,2019-04-04,36,USD,US,Crafts,Crochet,New York,Zip,A new crochet project making useful and creative handmade products.,1
3435,13,92,46469.39,2018-05-16,2018-06-30,45,USD,US,Art,Sculpture,Seattle,City,"A new sculpture project exploring creative ideas, materials and visual storytelling.",1
3436,52,76,2324.09,2018-09-26,2018-11-15,50,USD,US,Dance,Dance Training,Los Angeles,City,"A new dance training project combining movement, performance and original ideas.",1
3437,44,115,34459.3,2018-05-11,2018-06-03,23,GBP,GB,Technology,Gadgets,Edinburgh,Town,Introducing a new gadgets project designed to make everyday work easier.,1
3438,46,103,27876.99,2020-11-14,2021-01-13,60,EUR,FR,Dance,Experimental,Marseille,County,"A new experimental project combining movement, performance and original ideas.",1
3439,30,99,76086.33,2021-02-02,2021-02-19,17,USD,US,Technology,Hardware,Seattle,City,Introducing a new hardware project designed to make everyday work easier.,1
3440,46,117,3963.74,2019-11-03,2019-12-20,47,EUR,DE,Games,Video Games,Hamburg,City,"A new video games experience built for players, families and communities.",1
3441,24,65,22471.14,2019-08-18,2019-09-28,41,USD,US,Games,Tabletop Games,San Francisco,City,"A new tabletop games experience built for players, families and communities.",0
3442,15,78,14490.83,2019-04-21,2019-06-17,57,USD,US,Games,Mobile Games,New York,City,"A new mobile games experience built for players, families and communities.",1
3443,35,119,14553.48,2018-10-04,2018-10-19,15,EUR,FR,Journalism,Audio,Lyon,Town,A new audio project focused on independent stories and community voices.,0
3444,45,77,11651.47,2021-01-06,2021-03-05,58,USD,US,Film & Video,Documentary,Seattle,Suburb,Help us bring this original documentary story to life for a wider audience.,1
3445,50,47,44250.86,2020-05-03,2020-05-26,23,CAD,CA,Technology,Gadgets,Vancouver,City,Introducing a new gadgets project designed to make everyday work easier.,1
3446,37,151,37351.83,2019-02-23,2019-03-14,19,USD,US,Theater,Experimental Theater,Portland,City,A new experimental theater production bringing an original story to the stage.,1
3447,36,118,11953.22,2019-05-20,2019-06-18,29,EUR,DE,Comics,Webcomics,Berlin,City,"A new webcomics project featuring original characters, artwork and storytelling.",1
3448,50,138,5887.55,2018-11-16,2018-12-09,23,USD,US,Journalism,Investigative,Austin,City,A new investigative project focused on independent stories and community voices.,1
3449,30,86,4926.54,2019-05-17,2019-07-15,59,EUR,ES,Design,Architecture,Valencia,City,We are creating a practical architecture with a fresh and thoughtful design.,1
3450,27,67,12677.39,2020-06-08,2020-07-20,42,USD,US,Dance,Dance Training,Portland,City,"A new dance training project combining movement, performance and original ideas.",1
3451,59,117,16923.98,2018-03-24,2018-04-20,27,EUR,NL,Photography,Fine Art,Rotterdam,LocalAdmin,"A new fine art project documenting people, places and memorable stories.",1
3452,31,75,10413.91,2018-04-02,2018-05-10,38,USD,US,Music,Classical,San Francisco,County,Support our new classical project and help us share the music with listeners.,0
3453,49,139,1620.32,2019-08-10,2019-10-08,59,EUR,DE,Food,Restaurants,Hamburg,City,We are developing a new restaurants project for people who love great food.,1
3454,55,115,7483.39,2018-12-15,2019-01-08,24,USD,US,Comics,Webcomics,New York,City,"A new webcomics project featuring original characters, artwork and storytelling.",0
3455,38,114,5301.19,2018-08-21,2018-10-16,56,NZD,NZ,Fashion,Apparel,Wellington,City,"A new apparel collection focused on creativity, quality and original ideas.",1
3456,39,114,12283.78,2020-03-27,2020-05-02,36,USD,US,Publishing,Fiction,San Francisco,Zip,We are creating a new fiction book and bringing the project to readers.,1
3457,62,151,611522.47,2018-06-01,2018-07-24,53,USD,US,Design,Product Design,Los Angeles,County,We are creating a practical product design with a fresh and thoughtful design.,0
3458,15,128,23374.49,2019-09-04,2019-10-10,36,GBP,GB,Theater,Musicals,Manchester,City,A new musicals production bringing an original story to the stage.,1
3459,15,102,84892.08,2018-05-24,2018-07-14,51,USD,US,Photography,Photobooks,Chicago,City,"A new photobooks project documenting people, places and memorable stories.",0
3460,47,112,4156.1,2020-10-24,2020-12-16,53,USD,US,Comics,Comic Books,New York,Suburb,"A new comic books project featuring original characters, artwork and storytelling.",0
3461,29,82,12414.09,2019-02-26,2019-04-01,34,DKK,DK,Music,Hip-Hop,Copenhagen,City,Support our new hip-hop project and help us share the music with listeners.,0
3462,48,92,80588.36,2018-09-01,2018-09-25,24,USD,IN,Journalism,Audio,Hyderabad,Zip,A new audio project focused on independent stories and community voices.,0
3463,34,146,1035.85,2020-12-05,2020-12-29,24,USD,US,Theater,Plays,Boston,Zip,A new plays production bringing an original story to the stage.,1
3464,47,109,8357.12,2019-03-20,2019-04-29,40,EUR,IE,Art,Mixed Media,Cork,County,"A new mixed media project exploring creative ideas, materials and visual storytelling.",1
3465,22,131,31403.56,2019-11-14,2019-12-23,39,GBP,GB,Food,Restaurants,London,Town,We are developing a new restaurants project for people who love great food.,1
3466,44,81,10723.14,2019-11-05,2019-12-17,42,USD,US,Comics,Webcomics,Portland,City,"A new webcomics project featuring original characters, artwork and storytelling.",1
3467,27,133,4976.23,2018-06-13,2018-07-10,27,EUR,DE,Film & Video,Webseries,Munich,City,Help us bring this original webseries story to life for a wider audience.,1
3468,46,102,5428.9,2021-02-02,2021-03-03,29,AUD,AU,Games,Tabletop Games,Sydney,County,"A new tabletop games experience built for players, families and communities.",0
3469,70,115,19565.56,2019-03-15,2019-04-04,20,USD,IN,Games,Tabletop Games,Mumbai,City,"A new tabletop games experience built for players, families and communities.",0
3470,23,110,1051.95,2019-02-04,2019-03-02,26,USD,US,Food,Restaurants,Boston,City,We are developing a new restaurants project for people who love great food.,1
3471,30,113,14557.11,2019-02-24,2019-03-29,33,AUD,AU,Music,Rock,Sydney,Town,Support our new rock project and help us share the music with listeners.,1
3472,33,105,36965.31,2018-02-25,2018-04-12,46,USD,US,Technology,Software,Los Angeles,City,Introducing a new software project designed to make everyday work easier.,1
3473,40,147,6845.58,2020-09-02,2020-09-27,25,USD,US,Photography,Photobooks,Los Angeles,Zip,"A new photobooks project documenting people, places and memorable stories.",1
3474,1,63,1069.23,2021-02-23,2021-04-16,52,USD,US,Journalism,Audio,Chicago,Island,A new audio project focused on independent stories and community voices.,1
3475,35,124,5426.25,2020-02-25,2020-04-12,47,USD,IN,Games,Tabletop Games,Hyderabad,Suburb,"A new tabletop games experience built for players, families and communities.",1
3476,32,88,9905.3,2020-08-07,2020-08-23,16,EUR,IT,Comics,Comic Books,Florence,LocalAdmin,"A new comic books project featuring original characters, artwork and storytelling.",0
3477,32,79,2262.07,2018-11-14,2018-12-13,29,EUR,FR,Fashion,Accessories,Toulouse,City,"A new accessories collection focused on creativity, quality and original ideas.",1
3478,39,151,12583.5,2020-05-29,2020-07-18,50,GBP,GB,Dance,Dance Training,Manchester,City,"A new dance training project combining movement, performance and original ideas.",1
3479,40,79,15667.36,2021-03-06,2021-03-25,19,USD,US,Technology,Software,Seattle,City,Introducing a new software project designed to make everyday work easier.,1
3480,40,53,77394.51,2018-06-24,2018-07-23,29,USD,US,Dance,Performances,Austin,City,"A new performances project combining movement, performance and original ideas.",0
3481,19,137,9293.13,2019-03-12,2019-05-08,57,USD,US,Design,Product Design,Seattle,City,We are creating a practical product design with a fresh and thoughtful design.,1
3482,31,93,14268.84,2018-09-24,2018-10-18,24,USD,US,Photography,Photobooks,Los Angeles,LocalAdmin,"A new photobooks project documenting people, places and memorable stories.",1
3483,31,146,5108.63,2019-10-26,2019-11-26,31,EUR,DE,Crafts,DIY,Berlin,City,A new diy project making useful and creative handmade products.,1
3484,43,40,5727.55,2019-04-14,2019-06-01,48,GBP,GB,Technology,Hardware,London,Suburb,Introducing a new hardware project designed to make everyday work easier.,1
3485,21,151,35744.6,2020-07-23,2020-08-30,38,USD,US,Art,Mixed Media,Portland,Suburb,"A new mixed media project exploring creative ideas, materials and visual storytelling.",1
3486,38,136,8343.12,2018-08-25,2018-09-18,24,USD,US,Food,Restaurants,Seattle,City,We are developing a new restaurants project for people who love great food.,0
3487,59,102,43212.95,2021-03-13,2021-04-26,44,USD,US,Design,Graphic Design,Seattle,Town,We are creating a practical graphic design with a fresh and thoughtful design.,1
3488,1,56,11160.54,2021-03-23,2021-04-09,17,USD,US,Crafts,Woodworking,Chicago,County,A new woodworking project making useful and creative handmade products.,1
3489,32,68,2037.99,2019-05-27,2019-07-17,51,EUR,IE,Journalism,Audio,Cork,City,A new audio project focused on independent stories and community voices.,1
3490,5,87,4099.68,2020-03-22,2020-04-08,17,CAD,CA,Technology,Software,Calgary,County,Introducing a new software project designed to make everyday work easier.,1
3491,35,129,509490.42,2018-12-06,2019-01-29,54,EUR,IT,Film & Video,Webseries,Florence,City,Help us bring this original webseries story to life for a wider audience.,1
3492,48,82,10269.63,2019-12-12,2019-12-31,19,GBP,GB,Film & Video,Short Film,Manchester,LocalAdmin,Help us bring this original short film story to life for a wider audience.,1
3493,27,46,981.32,2020-06-21,2020-08-02,42,USD,US,Art,Illustration,Los Angeles,County,"A new illustration project exploring creative ideas, materials and visual storytelling.",1
3494,49,115,2055.52,2018-09-12,2018-11-09,58,USD,US,Photography,Photobooks,Austin,City,"A new photobooks project documenting people, places and memorable stories.",1
3495,55,138,3974.82,2019-06-19,2019-07-17,28,EUR,NL,Games,Tabletop Games,Rotterdam,City,"A new tabletop games experience built for players, families and communities.",1
3496,41,151,3005.11,2019-07-07,2019-08-29,53,EUR,FR,Theater,Musicals,Marseille,City,A new musicals production bringing an original story to the stage.,0
3497,27,77,2183.95,2019-06-01,2019-06-26,25,USD,US,Comics,Webcomics,Los Angeles,Town,"A new webcomics project featuring original characters, artwork and storytelling.",1
3498,43,80,115766.33,2020-05-29,2020-06-20,22,GBP,GB,Design,Architecture,Edinburgh,Suburb,We are creating a practical architecture with a fresh and thoughtful design.,1
3499,60,18,33620.42,2018-05-19,2018-07-09,51,GBP,GB,Publishing,Children's Books,Edinburgh,City,We are creating a new children's books book and bringing the project to readers.,1
3500,15,62,8803.8,2018-10-30,2018-11-21,22,CAD,CA,Technology,Apps,Montreal,LocalAdmin,Introducing a new apps project designed to make everyday work easier.,1
3501,52,76,4829.0,2020-12-27,2021-01-22,26,DKK,DK,Design,Product Design,Odense,LocalAdmin,We are creating a practical product design with a fresh and thoughtful design.,1
3502,16,81,9339.75,2018-11-27,2018-12-26,29,CAD,CA,Technology,Software,Vancouver,Suburb,Introducing a new software project designed to make everyday work easier.,0
3503,12,92,189636.04,2019-01-14,2019-02-16,33,GBP,GB,Food,Food,Edinburgh,City,We are developing a new food project for people who love great food.,1
3504,16,126,3139.61,2019-04-15,2019-06-14,60,USD,US,Technology,Hardware,San Francisco,Town,Introducing a new hardware project designed to make everyday work easier.,1
3505,34,123,1041.12,2020-07-12,2020-08-23,42,USD,US,Food,Restaurants,Boston,County,We are developing a new restaurants project for people who love great food.,1
3506,54,93,33760.93,2020-01-25,2020-02-15,21,USD,US,Technology,Software,Austin,LocalAdmin,Introducing a new software project designed to make everyday work easier.,1
3507,5,108,57254.95,2020-03-06,2020-04-29,54,USD,US,Film & Video,Webseries,Portland,City,Help us bring this original webseries story to life for a wider audience.,1
3508,50,67,113856.6,2020-12-01,2020-12-22,21,EUR,DE,Film & Video,Short Film,Hamburg,City,Help us bring this original short film story to life for a wider audience.,1
3509,33,91,6950.28,2019-08-22,2019-10-05,44,EUR,DE,Photography,Fine Art,Munich,City,"A new fine art project documenting people, places and memorable stories.",1
3510,18,69,7063.86,2020-03-12,2020-04-13,32,USD,US,Music,Hip-Hop,Los Angeles,County,Support our new hip-hop project and help us share the music with listeners.,0
3511,44,86,271494.59,2018-12-20,2019-01-27,38,EUR,ES,Fashion,Footwear,Barcelona,Suburb,"A new footwear collection focused on creativity, quality and original ideas.",0
3512,28,151,30202.7,2020-03-09,2020-03-29,20,USD,US,Fashion,Accessories,Portland,City,"A new accessories collection focused on creativity, quality and original ideas.",1
3513,69,112,10517.48,2021-03-04,2021-03-22,18,USD,US,Music,Rock,Chicago,City,Support our new rock project and help us share the music with listeners.,1
3514,42,90,26183.4,2020-09-30,2020-10-17,17,USD,US,Games,Mobile Games,San Francisco,Town,"A new mobile games experience built for players, families and communities.",1
3515,36,122,6104.99,2020-09-08,2020-09-28,20,USD,US,Fashion,Footwear,Chicago,Suburb,"A new footwear collection focused on creativity, quality and original ideas.",0
3516,45,96,19140.47,2018-10-03,2018-11-12,40,USD,US,Photography,Photobooks,Los Angeles,Suburb,"A new photobooks project documenting people, places and memorable stories.",1
3517,55,151,18664.84,2020-09-07,2020-11-04,58,GBP,GB,Publishing,Children's Books,London,County,We are creating a new children's books book and bringing the project to readers.,0
3518,57,119,43723.05,2020-07-13,2020-09-03,52,USD,US,Publishing,Nonfiction,Seattle,City,We are creating a new nonfiction book and bringing the project to readers.,1
3519,49,73,2607.17,2020-11-01,2020-11-26,25,USD,IN,Comics,Graphic Novels,Bengaluru,City,"A new graphic novels project featuring original characters, artwork and storytelling.",0
3520,56,148,20818.04,2020-12-25,2021-02-06,43,USD,US,Comics,Webcomics,New York,County,"A new webcomics project featuring original characters, artwork and storytelling.",1
3521,53,127,1967.36,2019-09-18,2019-10-22,34,USD,US,Publishing,Fiction,New York,LocalAdmin,We are creating a new fiction book and bringing the project to readers.,0
3522,49,122,219633.84,2018-05-03,2018-05-27,24,USD,US,Design,Graphic Design,Chicago,City,We are creating a practical graphic design with a fresh and thoughtful design.,0
3523,29,133,6266.01,2020-06-29,2020-08-08,40,CAD,CA,Theater,Plays,Vancouver,City,A new plays production bringing an original story to the stage.,1
3524,54,130,922.95,2020-11-29,2021-01-09,41,USD,US,Dance,Dance Training,Boston,City,"A new dance training project combining movement, performance and original ideas.",1
3525,29,123,888750.0,2020-04-16,2020-05-14,28,EUR,ES,Music,Pop,Seville,City,Support our new pop project and help us share the music with listeners.,1
3526,39,103,5350.77,2018-02-23,2018-04-14,50,GBP,GB,Comics,Webcomics,Manchester,Town,"A new webcomics project featuring original characters, artwork and storytelling.",0
3527,29,135,13902.95,2018-05-05,2018-05-31,26,GBP,GB,Theater,Experimental Theater,Edinburgh,Town,A new experimental theater production bringing an original story to the stage.,1
3528,45,103,866.86,2020-04-13,2020-05-20,37,CAD,CA,Theater,Plays,Vancouver,City,A new plays production bringing an original story to the stage.,1
3529,54,148,11053.48,2020-04-11,2020-05-16,35,USD,US,Crafts,Crochet,San Francisco,LocalAdmin,A new crochet project making useful and creative handmade products.,0
3530,29,123,160390.76,2020-02-01,2020-02-23,22,USD,US,Film & Video,Feature Film,San Francisco,City,Help us bring this original feature film story to life for a wider audience.,1
3531,14,114,35786.31,2019-07-02,2019-08-24,53,USD,US,Food,Food,Los Angeles,City,We are developing a new food project for people who love great food.,0
3532,50,127,859.51,2020-05-20,2020-06-12,23,CAD,CA,Photography,Fine Art,Toronto,Town,"A new fine art project documenting people, places and memorable stories.",1
3533,51,113,3676.57,2019-05-10,2019-06-17,38,USD,US,Publishing,Fiction,Los Angeles,Zip,We are creating a new fiction book and bringing the project to readers.,1
3534,58,146,49803.61,2018-03-03,2018-04-17,45,USD,US,Fashion,Apparel,Boston,City,"A new apparel collection focused on creativity, quality and original ideas.",1
3535,48,136,32191.51,2019-02-20,2019-03-31,39,USD,IN,Music,Hip-Hop,Bengaluru,Zip,Support our new hip-hop project and help us share the music with listeners.,0
3536,49,110,5649.59,2020-01-12,2020-02-12,31,USD,US,Design,Graphic Design,Los Angeles,Suburb,We are creating a practical graphic design with a fresh and thoughtful design.,1
3537,24,10,22206.02,2019-07-30,2019-09-24,56,EUR,IT,Publishing,Children's Books,Turin,Town,We are creating a new children's books book and bringing the project to readers.,0
3538,46,134,1873.41,2020-01-31,2020-03-14,43,EUR,FR,Art,Sculpture,Paris,LocalAdmin,"A new sculpture project exploring creative ideas, materials and visual storytelling.",1
3539,67,120,1582.56,2019-04-21,2019-05-08,17,USD,US,Food,Restaurants,Seattle,City,We are developing a new restaurants project for people who love great food.,1
3540,27,151,251.66,2018-12-13,2019-01-17,35,USD,US,Crafts,Woodworking,Chicago,City,A new woodworking project making useful and creative handmade products.,1
3541,17,69,50362.99,2018-12-06,2018-12-28,22,USD,US,Theater,Musicals,San Francisco,Suburb,A new musicals production bringing an original story to the stage.,1
3542,37,101,10194.87,2020-09-19,2020-10-17,28,AUD,AU,Fashion,Accessories,Perth,County,"A new accessories collection focused on creativity, quality and original ideas.",1
3543,49,62,12078.79,2018-09-15,2018-11-07,53,AUD,AU,Crafts,Woodworking,Melbourne,County,A new woodworking project making useful and creative handmade products.,1
3544,38,86,102.97,2018-10-22,2018-11-21,30,EUR,FR,Film & Video,Webseries,Lyon,Suburb,Help us bring this original webseries story to life for a wider audience.,1
3545,62,151,11111.43,2020-06-08,2020-07-10,32,DKK,DK,Publishing,Nonfiction,Aarhus,City,We are creating a new nonfiction book and bringing the project to readers.,0
3546,22,58,28192.13,2019-12-15,2020-01-29,45,AUD,AU,Technology,Gadgets,Perth,Suburb,Introducing a new gadgets project designed to make everyday work easier.,1
3547,12,66,470.61,2019-01-15,2019-02-09,25,USD,US,Film & Video,Documentary,Austin,LocalAdmin,Help us bring this original documentary story to life for a wider audience.,1
3548,56,125,12850.93,2021-02-24,2021-04-17,52,USD,US,Photography,Nature,Seattle,Suburb,"A new nature project documenting people, places and memorable stories.",1
3549,14,114,10824.6,2020-03-17,2020-04-20,34,EUR,ES,Theater,Plays,Seville,City,A new plays production bringing an original story to the stage.,1
3550,40,98,5833.92,2018-11-23,2019-01-22,60,USD,US,Games,Video Games,Chicago,City,"A new video games experience built for players, families and communities.",1
3551,56,31,91078.52,2019-02-24,2019-04-24,59,USD,US,Design,Architecture,Los Angeles,City,We are creating a practical architecture with a fresh and thoughtful design.,1
3552,38,146,62790.67,2018-11-29,2018-12-17,18,EUR,DE,Theater,Experimental Theater,Berlin,Town,A new experimental theater production bringing an original story to the stage.,1
3553,25,101,2053542.41,2020-06-23,2020-07-27,34,USD,US,Food,Food,Austin,City,We are developing a new food project for people who love great food.,1
3554,54,77,1831.01,2020-07-20,2020-09-03,45,NZD,NZ,Journalism,Audio,Auckland,City,A new audio project focused on independent stories and community voices.,0
3555,38,118,23319.76,2020-07-15,2020-08-18,34,AUD,AU,Journalism,Audio,Sydney,City,A new audio project focused on independent stories and community voices.,1
3556,32,146,122696.04,2019-01-14,2019-02-08,25,USD,US,Food,Restaurants,New York,City,We are developing a new restaurants project for people who love great food.,1
3557,60,100,4104.17,2018-12-11,2018-12-26,15,DKK,DK,Art,Sculpture,Odense,City,"A new sculpture project exploring creative ideas, materials and visual storytelling.",1
3558,29,89,165067.29,2019-10-08,2019-12-05,58,USD,US,Photography,Photobooks,Chicago,City,"A new photobooks project documenting people, places and memorable stories.",1
3559,26,109,21126.07,2018-12-05,2019-01-06,32,USD,US,Design,Product Design,Seattle,City,We are creating a practical product design with a fresh and thoughtful design.,1
3560,21,119,800.54,2019-10-11,2019-12-03,53,USD,US,Crafts,Woodworking,San Francisco,County,A new woodworking project making useful and creative handmade products.,1
3561,53,122,1635.26,2020-12-21,2021-02-17,58,USD,US,Art,Painting,Boston,LocalAdmin,"A new painting project exploring creative ideas, materials and visual storytelling.",1
3562,41,101,4881.03,2018-01-20,2018-03-08,47,GBP,GB,Dance,Experimental,Bristol,City,"A new experimental project combining movement, performance and original ideas.",1
3563,28,145,10466.17,2019-06-01,2019-07-21,50,USD,US,Food,Drinks,Los Angeles,LocalAdmin,We are developing a new drinks project for people who love great food.,1
3564,13,82,81817.43,2018-08-11,2018-09-12,32,USD,US,Crafts,Woodworking,Boston,City,A new woodworking project making useful and creative handmade products.,1
3565,56,103,10442.86,2020-10-12,2020-11-26,45,USD,US,Journalism,Audio,Chicago,City,A new audio project focused on independent stories and community voices.,0
3566,28,103,77000.48,2018-09-16,2018-11-04,49,EUR,FR,Comics,Webcomics,Lyon,Suburb,"A new webcomics project featuring original characters, artwork and storytelling.",1
3567,8,62,14185.66,2018-06-21,2018-08-13,53,EUR,IT,Music,Rock,Turin,LocalAdmin,Support our new rock project and help us share the music with listeners.,1
3568,36,119,12232.49,2018-12-14,2019-02-04,52,USD,US,Games,Video Games,Portland,Suburb,"A new video games experience built for players, families and communities.",1
3569,50,111,7632.34,2019-09-20,2019-10-19,29,USD,US,Journalism,Audio,Chicago,City,A new audio project focused on independent stories and community voices.,1
3570,46,102,54984.14,2021-02-13,2021-03-05,20,USD,US,Design,Product Design,Boston,Town,We are creating a practical product design with a fresh and thoughtful design.,1
3571,36,123,14666.96,2018-07-07,2018-07-29,22,USD,US,Technology,Software,Los Angeles,City,Introducing a new software project designed to make everyday work easier.,1
3572,28,102,3855.29,2019-10-29,2019-12-22,54,EUR,IT,Film & Video,Feature Film,Rome,City,Help us bring this original feature film story to life for a wider audience.,0
3573,27,150,20078.11,2019-09-16,2019-10-22,36,EUR,DE,Music,Pop,Hamburg,City,Support our new pop project and help us share the music with listeners.,1
3574,54,122,5906.5,2020-01-28,2020-02-12,15,USD,US,Music,Classical,Los Angeles,City,Support our new classical project and help us share the music with listeners.,1
3575,6,119,5421.62,2019-01-16,2019-02-12,27,USD,US,Comics,Webcomics,Austin,City,"A new webcomics project featuring original characters, artwork and storytelling.",1
3576,21,88,75039.29,2019-12-15,2020-01-22,38,USD,US,Games,Video Games,Portland,City,"A new video games experience built for players, families and communities.",1
3577,34,51,9373.52,2020-02-18,2020-03-24,35,CAD,CA,Publishing,Fiction,Toronto,City,We are creating a new fiction book and bringing the project to readers.,1
3578,5,132,328169.34,2019-02-24,2019-04-24,59,USD,US,Games,Video Games,San Francisco,City,"A new video games experience built for players, families and communities.",0
3579,32,51,37508.46,2019-07-06,2019-09-01,57,USD,IN,Dance,Dance Training,Bengaluru,City,"A new dance training project combining movement, performance and original ideas.",1
3580,17,100,3661.78,2018-07-23,2018-08-10,18,EUR,FR,Dance,Experimental,Paris,Zip,"A new experimental project combining movement, performance and original ideas.",0
3581,42,134,3292.15,2019-12-22,2020-01-12,21,USD,US,Fashion,Apparel,San Francisco,Suburb,"A new apparel collection focused on creativity, quality and original ideas.",1
3582,26,82,1753.7,2018-09-19,2018-10-15,26,CAD,CA,Journalism,Investigative,Toronto,City,A new investigative project focused on independent stories and community voices.,0
3583,29,94,30695.56,2018-01-06,2018-02-02,27,NZD,NZ,Journalism,Audio,Auckland,Town,A new audio project focused on independent stories and community voices.,0
3584,25,66,3180.86,2019-02-06,2019-04-05,58,GBP,GB,Journalism,Print,London,City,A new print project focused on independent stories and community voices.,0
3585,45,80,358.15,2019-01-07,2019-02-06,30,USD,US,Fashion,Apparel,Seattle,City,"A new apparel collection focused on creativity, quality and original ideas.",1
3586,34,84,927.91,2018-05-15,2018-06-04,20,USD,US,Photography,Photobooks,New York,City,"A new photobooks project documenting people, places and memorable stories.",1
3587,49,94,2167.32,2018-09-10,2018-10-08,28,EUR,ES,Art,Painting,Valencia,Town,"A new painting project exploring creative ideas, materials and visual storytelling.",1
3588,53,112,20227.22,2018-05-30,2018-07-14,45,AUD,AU,Technology,Software,Melbourne,Town,Introducing a new software project designed to make everyday work easier.,0
3589,31,115,10557.54,2019-09-06,2019-10-26,50,AUD,AU,Technology,Gadgets,Brisbane,City,Introducing a new gadgets project designed to make everyday work easier.,1
3590,25,151,51744.18,2018-12-08,2019-01-28,51,EUR,NL,Games,Video Games,Utrecht,City,"A new video games experience built for players, families and communities.",0
3591,29,93,2941.03,2019-11-07,2020-01-01,55,SEK,SE,Comics,Graphic Novels,Gothenburg,Zip,"A new graphic novels project featuring original characters, artwork and storytelling.",1
3592,75,125,7258.35,2020-07-21,2020-09-08,49,NZD,NZ,Design,Graphic Design,Wellington,Town,We are creating a practical graphic design with a fresh and thoughtful design.,1
3593,26,89,180057.01,2019-09-17,2019-10-11,24,USD,US,Games,Mobile Games,San Francisco,Zip,"A new mobile games experience built for players, families and communities.",1
3594,32,151,7071.55,2018-01-25,2018-02-25,31,GBP,GB,Dance,Performances,London,Suburb,"A new performances project combining movement, performance and original ideas.",1
3595,38,112,16993.16,2018-05-31,2018-07-26,56,EUR,DE,Music,Rock,Munich,City,Support our new rock project and help us share the music with listeners.,0
3596,43,102,4339.03,2018-09-15,2018-10-29,44,EUR,DE,Crafts,Candles,Cologne,City,A new candles project making useful and creative handmade products.,0
3597,37,84,8459.7,2019-01-26,2019-03-25,58,CAD,CA,Theater,Plays,Calgary,City,A new plays production bringing an original story to the stage.,1
3598,62,135,25067.5,2021-03-02,2021-03-23,21,USD,US,Film & Video,Webseries,Chicago,City,Help us bring this original webseries story to life for a wider audience.,1
3599,39,112,33228.29,2019-03-06,2019-04-07,32,EUR,FR,Fashion,Footwear,Toulouse,City,"A new footwear collection focused on creativity, quality and original ideas.",0
3600,33,114,14411.22,2020-05-06,2020-06-08,33,EUR,DE,Food,Restaurants,Berlin,City,We are developing a new restaurants project for people who love great food.,1
3601,49,76,8021.79,2020-11-01,2020-11-30,29,USD,US,Crafts,Woodworking,Chicago,City,A new woodworking project making useful and creative handmade products.,1
3602,22,85,14683.52,2019-02-21,2019-04-15,53,GBP,GB,Design,Architecture,Manchester,Town,We are creating a practical architecture with a fresh and thoughtful design.,1
3603,43,55,3834.0,2020-05-11,2020-07-08,58,USD,US,Journalism,Audio,Chicago,City,A new audio project focused on independent stories and community voices.,1
3604,29,93,8592.46,2021-01-18,2021-02-23,36,USD,US,Dance,Dance Training,Portland,LocalAdmin,"A new dance training project combining movement, performance and original ideas.",1
3605,54,94,20086.19,2020-09-29,2020-11-21,53,USD,US,Theater,Plays,Seattle,LocalAdmin,A new plays production bringing an original story to the stage.,0
3606,55,68,55409.1,2019-08-05,2019-09-30,56,USD,US,Publishing,Children's Books,New York,County,We are creating a new children's books book and bringing the project to readers.,1
3607,32,106,2921.38,2019-10-27,2019-12-10,44,GBP,GB,Dance,Dance Training,Bristol,City,"A new dance training project combining movement, performance and original ideas.",1
3608,22,98,9117.95,2020-03-17,2020-04-20,34,CAD,CA,Dance,Dance Training,Vancouver,Town,"A new dance training project combining movement, performance and original ideas.",0
3609,7,86,2526.99,2018-06-02,2018-07-18,46,AUD,AU,Journalism,Audio,Sydney,City,A new audio project focused on independent stories and community voices.,0
3610,38,82,6025.62,2019-05-10,2019-07-05,56,EUR,ES,Food,Restaurants,Valencia,LocalAdmin,We are developing a new restaurants project for people who love great food.,1
3611,3,113,56581.84,2021-02-22,2021-04-02,39,USD,US,Fashion,Footwear,New York,County,"A new footwear collection focused on creativity, quality and original ideas.",0
3612,34,85,5224.14,2019-08-31,2019-10-07,37,USD,US,Crafts,Woodworking,New York,City,A new woodworking project making useful and creative handmade products.,1
3613,27,151,10340.97,2020-06-23,2020-07-12,19,EUR,ES,Journalism,Audio,Seville,Suburb,A new audio project focused on independent stories and community voices.,1
3614,43,102,1764.52,2018-05-19,2018-07-13,55,USD,US,Design,Architecture,Boston,LocalAdmin,We are creating a practical architecture with a fresh and thoughtful design.,0
3615,35,136,5028.74,2020-11-06,2020-12-20,44,USD,IN,Fashion,Apparel,Delhi,City,"A new apparel collection focused on creativity, quality and original ideas.",1
3616,27,74,1088.65,2018-02-08,2018-04-02,53,EUR,ES,Design,Graphic Design,Valencia,LocalAdmin,We are creating a practical graphic design with a fresh and thoughtful design.,0
3617,48,103,18484.67,2019-04-13,2019-05-24,41,GBP,GB,Fashion,Accessories,Edinburgh,City,"A new accessories collection focused on creativity, quality and original ideas.",0
3618,19,79,21230.77,2020-05-14,2020-07-09,56,USD,IN,Food,Restaurants,Chennai,City,We are developing a new restaurants project for people who love great food.,1
3619,43,121,20228.34,2018-02-10,2018-04-02,51,USD,US,Film & Video,Webseries,Chicago,City,Help us bring this original webseries story to life for a wider audience.,1
3620,66,106,22345.28,2018-07-31,2018-08-21,21,USD,US,Design,Graphic Design,San Francisco,City,We are creating a practical graphic design with a fresh and thoughtful design.,1
3621,49,151,20285.62,2019-12-14,2020-01-02,19,CAD,CA,Journalism,Audio,Toronto,Zip,A new audio project focused on independent stories and community voices.,0
3622,29,97,1126.55,2018-02-07,2018-03-08,29,USD,US,Fashion,Footwear,Seattle,County,"A new footwear collection focused on creativity, quality and original ideas.",1
3623,20,55,3538.98,2019-06-08,2019-08-03,56,EUR,IE,Technology,Apps,Dublin,Town,Introducing a new apps project designed to make everyday work easier.,0
3624,49,106,370.51,2020-08-16,2020-09-07,22,USD,US,Dance,Performances,Seattle,City,"A new performances project combining movement, performance and original ideas.",1
3625,17,114,5849.56,2019-05-11,2019-06-03,23,GBP,GB,Photography,Nature,Edinburgh,Suburb,"A new nature project documenting people, places and memorable stories.",1
3626,35,89,3112.02,2021-01-02,2021-01-27,25,CAD,CA,Games,Tabletop Games,Vancouver,City,"A new tabletop games experience built for players, families and communities.",0
3627,46,85,11301.55,2018-08-07,2018-09-12,36,AUD,AU,Publishing,Nonfiction,Melbourne,City,We are creating a new nonfiction book and bringing the project to readers.,1
3628,20,72,542980.69,2020-07-04,2020-08-21,48,USD,US,Dance,Experimental,Chicago,Suburb,"A new experimental project combining movement, performance and original ideas.",0
3629,19,122,40343.76,2019-03-21,2019-05-09,49,USD,US,Art,Mixed Media,Los Angeles,City,"A new mixed media project exploring creative ideas, materials and visual storytelling.",0
3630,15,126,128477.63,2019-07-11,2019-08-07,27,EUR,ES,Film & Video,Feature Film,Madrid,County,Help us bring this original feature film story to life for a wider audience.,0
3631,59,151,42866.9,2020-11-24,2020-12-19,25,USD,US,Film & Video,Feature Film,Austin,City,Help us bring this original feature film story to life for a wider audience.,1
3632,60,103,10275.79,2020-07-09,2020-08-24,46,EUR,IT,Dance,Experimental,Rome,City,"A new experimental project combining movement, performance and original ideas.",1
3633,60,113,11820.93,2020-12-19,2021-02-13,56,CAD,CA,Publishing,Fiction,Toronto,City,We are creating a new fiction book and bringing the project to readers.,1
3634,62,101,45833.43,2019-08-27,2019-09-25,29,EUR,FR,Technology,Software,Toulouse,Suburb,Introducing a new software project designed to make everyday work easier.,1
3635,26,151,17634.39,2018-08-29,2018-10-20,52,EUR,DE,Crafts,Candles,Berlin,Suburb,A new candles project making useful and creative handmade products.,1
3636,8,127,7679.6,2018-07-14,2018-07-29,15,USD,US,Food,Food,New York,City,We are developing a new food project for people who love great food.,1
3637,61,108,109500.39,2018-09-15,2018-11-14,60,CAD,CA,Design,Architecture,Calgary,City,We are creating a practical architecture with a fresh and thoughtful design.,1
3638,49,151,23908.61,2020-10-19,2020-11-26,38,EUR,NL,Journalism,Audio,Utrecht,City,A new audio project focused on independent stories and community voices.,0
3639,48,106,1317.71,2018-03-19,2018-05-15,57,USD,US,Film & Video,Webseries,Chicago,Suburb,Help us bring this original webseries story to life for a wider audience.,1
3640,19,151,9073.28,2019-07-11,2019-09-03,54,USD,IN,Dance,Performances,Bengaluru,City,"A new performances project combining movement, performance and original ideas.",1
3641,36,151,12971.76,2020-06-16,2020-07-22,36,GBP,GB,Dance,Dance Training,Bristol,City,"A new dance training project combining movement, performance and original ideas.",1
3642,37,107,6411.77,2021-01-15,2021-02-01,17,USD,US,Food,Restaurants,Los Angeles,Town,We are developing a new restaurants project for people who love great food.,1
3643,34,123,6605.53,2019-12-22,2020-01-19,28,USD,US,Technology,Gadgets,Los Angeles,County,Introducing a new gadgets project designed to make everyday work easier.,1
3644,22,112,6284.72,2020-01-29,2020-02-14,16,NOK,NO,Food,Food,Oslo,City,We are developing a new food project for people who love great food.,0
3645,6,131,754.74,2021-02-19,2021-04-06,46,USD,US,Comics,Comic Books,Chicago,Town,"A new comic books project featuring original characters, artwork and storytelling.",1
3646,24,91,572.91,2018-04-27,2018-06-18,52,EUR,NL,Technology,Gadgets,Amsterdam,Town,Introducing a new gadgets project designed to make everyday work easier.,0
3647,1,151,4358.58,2020-08-14,2020-09-30,47,EUR,NL,Comics,Comic Books,Utrecht,City,"A new comic books project featuring original characters, artwork and storytelling.",1
3648,29,88,6450.36,2020-02-27,2020-04-27,60,USD,US,Crafts,Crochet,Austin,City,A new crochet project making useful and creative handmade products.,1
3649,26,116,1505.31,2020-07-15,2020-09-09,56,USD,US,Theater,Plays,Austin,City,A new plays production bringing an original story to the stage.,1
3650,17,119,2453.1,2020-01-15,2020-02-04,20,EUR,DE,Photography,Nature,Cologne,City,"A new nature project documenting people, places and memorable stories.",0
3651,41,99,8105.61,2018-07-19,2018-09-12,55,USD,US,Photography,Fine Art,Austin,LocalAdmin,"A new fine art project documenting people, places and memorable stories.",1
3652,30,69,59325.98,2019-08-20,2019-10-12,53,EUR,FR,Crafts,DIY,Paris,Suburb,A new diy project making useful and creative handmade products.,1
3653,31,115,53577.04,2018-03-23,2018-05-01,39,USD,US,Art,Mixed Media,Seattle,City,"A new mixed media project exploring creative ideas, materials and visual storytelling.",0
3654,56,115,56434.26,2019-07-22,2019-09-08,48,GBP,GB,Theater,Plays,London,City,A new plays production bringing an original story to the stage.,0
3655,30,98,2506.54,2020-09-06,2020-10-01,25,EUR,FR,Technology,Apps,Lyon,Suburb,Introducing a new apps project designed to make everyday work easier.,1
3656,42,99,8502.57,2018-10-11,2018-12-10,60,USD,US,Crafts,Woodworking,Austin,City,A new woodworking project making useful and creative handmade products.,1
3657,19,113,81463.37,2019-10-20,2019-12-10,51,USD,US,Fashion,Accessories,San Francisco,Zip,"A new accessories collection focused on creativity, quality and original ideas.",1
3658,39,145,778.52,2021-02-06,2021-04-02,55,USD,US,Food,Drinks,San Francisco,LocalAdmin,We are developing a new drinks project for people who love great food.,1
3659,33,143,5887.09,2020-12-12,2021-01-02,21,USD,US,Publishing,Nonfiction,Portland,City,We are creating a new nonfiction book and bringing the project to readers.,0
3660,36,122,16933.03,2018-01-16,2018-03-17,60,GBP,GB,Photography,Photobooks,Bristol,Town,"A new photobooks project documenting people, places and memorable stories.",0
3661,17,95,853.81,2019-04-24,2019-05-30,36,EUR,IT,Technology,Apps,Milan,Town,Introducing a new apps project designed to make everyday work easier.,1
3662,18,98,23327.67,2018-08-01,2018-09-23,53,USD,US,Journalism,Audio,Boston,County,A new audio project focused on independent stories and community voices.,1
3663,30,101,131992.61,2019-06-03,2019-06-27,24,GBP,GB,Fashion,Footwear,Bristol,Suburb,"A new footwear collection focused on creativity, quality and original ideas.",0
3664,55,94,80078.95,2020-04-29,2020-06-03,35,AUD,AU,Design,Product Design,Brisbane,City,We are creating a practical product design with a fresh and thoughtful design.,1
3665,13,75,9110.11,2018-07-18,2018-08-07,20,USD,US,Theater,Musicals,New York,Suburb,A new musicals production bringing an original story to the stage.,1
3666,60,85,42402.99,2021-03-27,2021-04-11,15,USD,US,Dance,Experimental,Seattle,City,"A new experimental project combining movement, performance and original ideas.",0
3667,24,126,839.12,2020-02-12,2020-03-31,48,EUR,IE,Crafts,Candles,Galway,City,A new candles project making useful and creative handmade products.,1
3668,36,89,18473.8,2018-07-07,2018-08-04,28,EUR,DE,Publishing,Fiction,Cologne,City,We are creating a new fiction book and bringing the project to readers.,1
3669,50,109,7483.21,2018-01-29,2018-03-20,50,CAD,CA,Dance,Dance Training,Montreal,City,"A new dance training project combining movement, performance and original ideas.",1
3670,30,108,9518.93,2018-12-16,2019-01-26,41,AUD,AU,Technology,Apps,Sydney,Town,Introducing a new apps project designed to make everyday work easier.,1
3671,31,122,14095.33,2020-05-03,2020-05-26,23,USD,US,Film & Video,Short Film,Los Angeles,Suburb,Help us bring this original short film story to life for a wider audience.,0
3672,57,88,21883.57,2019-04-02,2019-04-22,20,CAD,CA,Art,Illustration,Montreal,City,"A new illustration project exploring creative ideas, materials and visual storytelling.",0
3673,51,9,1263.86,2020-07-09,2020-08-23,45,GBP,GB,Film & Video,Webseries,Bristol,Suburb,Help us bring this original webseries story to life for a wider audience.,1
3674,46,90,2625.31,2019-01-31,2019-03-03,31,GBP,GB,Art,Painting,Edinburgh,LocalAdmin,"A new painting project exploring creative ideas, materials and visual storytelling.",0
3675,33,80,8066.35,2019-02-02,2019-03-31,57,USD,US,Comics,Webcomics,Los Angeles,City,"A new webcomics project featuring original characters, artwork and storytelling.",1
3676,34,45,761.84,2019-06-07,2019-07-27,50,USD,US,Theater,Experimental Theater,San Francisco,City,A new experimental theater production bringing an original story to the stage.,1
3677,19,91,14844.7,2018-12-06,2019-01-10,35,USD,US,Dance,Dance Training,Los Angeles,City,"A new dance training project combining movement, performance and original ideas.",0
3678,31,87,43624.54,2018-06-01,2018-07-12,41,NOK,NO,Art,Mixed Media,Bergen,City,"A new mixed media project exploring creative ideas, materials and visual storytelling.",1
3679,36,107,103827.21,2020-04-24,2020-06-18,55,USD,US,Music,Hip-Hop,Portland,Zip,Support our new hip-hop project and help us share the music with listeners.,1
3680,34,124,13934.35,2020-04-01,2020-05-13,42,GBP,GB,Photography,Photobooks,Bristol,City,"A new photobooks project documenting people, places and memorable stories.",0
3681,39,151,223364.15,2019-08-19,2019-09-18,30,USD,US,Music,Rock,Portland,City,Support our new rock project and help us share the music with listeners.,1
3682,52,111,11365.57,2020-06-29,2020-08-17,49,USD,US,Theater,Plays,Seattle,City,A new plays production bringing an original story to the stage.,1
3683,12,109,1710.67,2019-09-30,2019-11-19,50,EUR,DE,Music,Hip-Hop,Munich,County,Support our new hip-hop project and help us share the music with listeners.,1
3684,26,151,11003.11,2018-07-17,2018-09-04,49,GBP,GB,Games,Tabletop Games,Manchester,City,"A new tabletop games experience built for players, families and communities.",0
3685,52,70,8724.31,2019-11-26,2020-01-24,59,GBP,GB,Photography,Photobooks,Edinburgh,City,"A new photobooks project documenting people, places and memorable stories.",0
3686,72,72,26707.68,2020-08-09,2020-09-11,33,USD,US,Fashion,Apparel,New York,City,"A new apparel collection focused on creativity, quality and original ideas.",1
3687,19,126,18253.87,2018-04-04,2018-05-09,35,EUR,DE,Publishing,Nonfiction,Cologne,City,We are creating a new nonfiction book and bringing the project to readers.,0
3688,26,147,16342.71,2018-12-09,2019-01-25,47,USD,US,Art,Sculpture,New York,City,"A new sculpture project exploring creative ideas, materials and visual storytelling.",0
3689,15,151,53710.98,2020-10-11,2020-11-17,37,USD,US,Art,Sculpture,San Francisco,City,"A new sculpture project exploring creative ideas, materials and visual storytelling.",1
3690,4,54,6162.43,2021-02-03,2021-02-23,20,GBP,GB,Fashion,Accessories,London,City,"A new accessories collection focused on creativity, quality and original ideas.",1
3691,39,55,27658.4,2019-02-23,2019-04-10,46,USD,US,Dance,Experimental,San Francisco,Town,"A new experimental project combining movement, performance and original ideas.",1
3692,44,104,18545.92,2018-03-15,2018-04-20,36,USD,US,Dance,Performances,San Francisco,City,"A new performances project combining movement, performance and original ideas.",1
3693,31,129,14318.07,2021-03-03,2021-03-20,17,AUD,AU,Theater,Plays,Sydney,City,A new plays production bringing an original story to the stage.,1
3694,31,97,10838.06,2019-11-29,2020-01-17,49,AUD,AU,Music,Hip-Hop,Melbourne,Town,Support our new hip-hop project and help us share the music with listeners.,1
3695,33,73,1672.67,2019-03-05,2019-04-04,30,EUR,IT,Theater,Experimental Theater,Turin,City,A new experimental theater production bringing an original story to the stage.,0
3696,26,70,8095.77,2020-06-02,2020-07-28,56,USD,US,Fashion,Apparel,New York,Town,"A new apparel collection focused on creativity, quality and original ideas.",1
3697,34,139,8941.7,2020-01-29,2020-03-08,39,USD,US,Theater,Plays,Seattle,Suburb,A new plays production bringing an original story to the stage.,1
3698,56,140,3914.48,2020-02-29,2020-03-31,31,USD,US,Technology,Hardware,Los Angeles,LocalAdmin,Introducing a new hardware project designed to make everyday work easier.,1
3699,23,127,1462.55,2018-11-15,2019-01-07,53,USD,IN,Photography,Fine Art,Mumbai,Zip,"A new fine art project documenting people, places and memorable stories.",1
3700,31,106,5064.69,2020-06-07,2020-07-04,27,CAD,CA,Music,Classical,Calgary,Suburb,Support our new classical project and help us share the music with listeners.,0
3701,33,82,5760.92,2019-02-23,2019-04-06,42,EUR,DE,Film & Video,Webseries,Cologne,City,Help us bring this original webseries story to life for a wider audience.,1
3702,26,51,1502.94,2019-09-01,2019-09-26,25,USD,US,Games,Mobile Games,Portland,Suburb,"A new mobile games experience built for players, families and communities.",0
3703,36,63,1500.5,2020-06-19,2020-07-13,24,GBP,GB,Journalism,Investigative,Edinburgh,LocalAdmin,A new investigative project focused on independent stories and community voices.,0
3704,1,47,468.79,2018-09-21,2018-11-13,53,USD,US,Design,Architecture,Portland,County,We are creating a practical architecture with a fresh and thoughtful design.,0
3705,44,99,18958.84,2019-10-09,2019-11-16,38,CAD,CA,Games,Video Games,Montreal,City,"A new video games experience built for players, families and communities.",1
3706,20,122,54645.33,2018-11-10,2019-01-01,52,NZD,NZ,Dance,Dance Training,Christchurch,Suburb,"A new dance training project combining movement, performance and original ideas.",0
3707,22,110,12303.27,2021-02-18,2021-03-28,38,USD,IN,Publishing,Fiction,Mumbai,City,We are creating a new fiction book and bringing the project to readers.,1
3708,32,150,6412.31,2020-09-22,2020-11-08,47,GBP,GB,Journalism,Print,Bristol,Suburb,A new print project focused on independent stories and community voices.,0
3709,14,113,1391.51,2018-10-14,2018-11-14,31,GBP,GB,Comics,Webcomics,Edinburgh,Suburb,"A new webcomics project featuring original characters, artwork and storytelling.",1
3710,55,59,393.51,2020-10-24,2020-12-21,58,DKK,DK,Crafts,Crochet,Copenhagen,County,A new crochet project making useful and creative handmade products.,1
3711,23,104,11402.1,2018-03-27,2018-05-16,50,AUD,AU,Publishing,Fiction,Perth,County,We are creating a new fiction book and bringing the project to readers.,1
3712,74,105,31161.79,2018-02-24,2018-04-14,49,USD,US,Music,Pop,New York,City,Support our new pop project and help us share the music with listeners.,1
3713,44,123,3302.48,2018-09-21,2018-10-11,20,GBP,GB,Art,Painting,London,LocalAdmin,"A new painting project exploring creative ideas, materials and visual storytelling.",1
3714,26,133,61608.0,2018-02-13,2018-03-15,30,USD,US,Technology,Software,Portland,Zip,Introducing a new software project designed to make everyday work easier.,1
3715,30,122,4125.26,2018-07-23,2018-09-20,59,GBP,GB,Technology,Gadgets,Bristol,Zip,Introducing a new gadgets project designed to make everyday work easier.,1
3716,37,93,64499.28,2020-11-05,2020-12-17,42,GBP,GB,Fashion,Apparel,London,City,"A new apparel collection focused on creativity, quality and original ideas.",0
3717,60,149,3577.53,2019-09-06,2019-10-31,55,CAD,CA,Publishing,Children's Books,Montreal,City,We are creating a new children's books book and bringing the project to readers.,1
3718,49,133,193.47,2018-12-20,2019-02-04,46,USD,US,Fashion,Apparel,Los Angeles,City,"A new apparel collection focused on creativity, quality and original ideas.",1
3719,48,30,31682.29,2019-03-26,2019-05-05,40,USD,US,Art,Mixed Media,San Francisco,City,"A new mixed media project exploring creative ideas, materials and visual storytelling.",1
3720,30,131,2870.52,2018-01-31,2018-02-25,25,GBP,GB,Music,Pop,Bristol,City,Support our new pop project and help us share the music with listeners.,1
3721,26,81,1098.66,2019-01-12,2019-02-20,39,EUR,ES,Publishing,Nonfiction,Madrid,City,We are creating a new nonfiction book and bringing the project to readers.,1
3722,45,55,25314.46,2020-02-08,2020-03-24,45,AUD,AU,Crafts,Crochet,Sydney,Zip,A new crochet project making useful and creative handmade products.,1
3723,55,116,3023.4,2019-09-14,2019-10-19,35,USD,US,Design,Graphic Design,San Francisco,City,We are creating a practical graphic design with a fresh and thoughtful design.,1
3724,33,151,1343.01,2019-01-07,2019-03-07,59,EUR,IE,Crafts,Candles,Galway,Island,A new candles project making useful and creative handmade products.,0
3725,25,106,91614.62,2018-03-30,2018-04-16,17,NZD,NZ,Journalism,Print,Christchurch,City,A new print project focused on independent stories and community voices.,1
3726,20,99,8736.83,2019-10-06,2019-11-01,26,USD,US,Crafts,DIY,New York,City,A new diy project making useful and creative handmade products.,0
3727,10,111,1297.6,2021-01-09,2021-03-04,54,USD,US,Technology,Apps,San Francisco,City,Introducing a new apps project designed to make everyday work easier.,1
3728,28,151,5853.61,2020-03-08,2020-05-07,60,EUR,DE,Journalism,Audio,Berlin,City,A new audio project focused on independent stories and community voices.,1
3729,31,100,327137.13,2021-03-19,2021-05-13,55,EUR,ES,Crafts,DIY,Seville,LocalAdmin,A new diy project making useful and creative handmade products.,1
3730,35,138,14282.94,2018-03-31,2018-05-09,39,USD,IN,Design,Architecture,Chennai,City,We are creating a practical architecture with a fresh and thoughtful design.,1
3731,43,96,4437.3,2019-01-10,2019-02-10,31,SEK,SE,Publishing,Nonfiction,Stockholm,City,We are creating a new nonfiction book and bringing the project to readers.,1
3732,28,91,26102.74,2019-12-31,2020-02-21,52,CAD,CA,Design,Graphic Design,Toronto,City,We are creating a practical graphic design with a fresh and thoughtful design.,1
3733,62,150,5933.9,2019-05-25,2019-07-14,50,GBP,GB,Dance,Experimental,London,LocalAdmin,"A new experimental project combining movement, performance and original ideas.",1
3734,18,75,5448.42,2020-06-06,2020-07-26,50,USD,US,Art,Illustration,Austin,City,"A new illustration project exploring creative ideas, materials and visual storytelling.",1
3735,45,130,4338.53,2021-02-22,2021-03-27,33,USD,US,Design,Graphic Design,San Francisco,Zip,We are creating a practical graphic design with a fresh and thoughtful design.,1
3736,17,98,45084.01,2018-07-27,2018-09-23,58,GBP,GB,Journalism,Print,London,Suburb,A new print project focused on independent stories and community voices.,1
3737,22,85,16228.61,2021-03-15,2021-03-31,16,CAD,CA,Design,Architecture,Toronto,LocalAdmin,We are creating a practical architecture with a fresh and thoughtful design.,1
3738,39,95,108786.21,2018-09-25,2018-10-26,31,GBP,GB,Dance,Performances,Edinburgh,City,"A new performances project combining movement, performance and original ideas.",1
3739,51,40,19309.15,2018-08-18,2018-10-01,44,EUR,DE,Fashion,Apparel,Cologne,City,"A new apparel collection focused on creativity, quality and original ideas.",0
3740,31,76,128084.12,2020-04-19,2020-05-13,24,USD,US,Journalism,Investigative,Seattle,City,A new investigative project focused on independent stories and community voices.,1
3741,36,112,32869.36,2020-02-04,2020-03-24,49,CAD,CA,Dance,Performances,Toronto,Town,"A new performances project combining movement, performance and original ideas.",1
3742,54,101,8020.39,2020-08-19,2020-10-08,50,USD,US,Technology,Apps,Chicago,LocalAdmin,Introducing a new apps project designed to make everyday work easier.,1
3743,17,80,9728.64,2020-05-15,2020-07-01,47,USD,US,Film & Video,Documentary,Los Angeles,City,Help us bring this original documentary story to life for a wider audience.,0
3744,47,151,203997.64,2020-05-31,2020-06-15,15,EUR,DE,Film & Video,Feature Film,Cologne,City,Help us bring this original feature film story to life for a wider audience.,1
3745,25,78,90542.87,2020-11-30,2021-01-01,32,AUD,AU,Comics,Graphic Novels,Melbourne,City,"A new graphic novels project featuring original characters, artwork and storytelling.",0
3746,39,151,131944.49,2020-09-24,2020-10-12,18,USD,IN,Crafts,Candles,Chennai,LocalAdmin,A new candles project making useful and creative handmade products.,0
3747,43,112,2517.73,2020-12-11,2021-01-21,41,USD,US,Art,Illustration,San Francisco,County,"A new illustration project exploring creative ideas, materials and visual storytelling.",0
3748,17,100,655.99,2019-05-22,2019-06-30,39,GBP,GB,Food,Food,Manchester,Suburb,We are developing a new food project for people who love great food.,1
3749,24,111,3247.87,2020-12-25,2021-02-05,42,USD,US,Games,Tabletop Games,Portland,City,"A new tabletop games experience built for players, families and communities.",1
3750,45,117,15508.75,2018-11-11,2018-12-17,36,USD,US,Dance,Performances,Portland,LocalAdmin,"A new performances project combining movement, performance and original ideas.",1
3751,31,79,4411.81,2019-03-26,2019-05-21,56,EUR,ES,Fashion,Accessories,Valencia,City,"A new accessories collection focused on creativity, quality and original ideas.",1
3752,24,80,12520.78,2020-07-09,2020-08-17,39,AUD,AU,Games,Mobile Games,Brisbane,Town,"A new mobile games experience built for players, families and communities.",1
3753,38,102,5962.74,2018-11-06,2018-12-07,31,SEK,SE,Fashion,Accessories,Gothenburg,City,"A new accessories collection focused on creativity, quality and original ideas.",1
3754,19,121,778.51,2018-07-19,2018-09-15,58,USD,US,Technology,Gadgets,Chicago,LocalAdmin,Introducing a new gadgets project designed to make everyday work easier.,0
3755,17,128,23328.95,2019-02-10,2019-03-08,26,EUR,NL,Photography,Fine Art,Amsterdam,City,"A new fine art project documenting people, places and memorable stories.",1
3756,1,145,12588.09,2018-03-14,2018-04-13,30,USD,US,Photography,Photobooks,Portland,City,"A new photobooks project documenting people, places and memorable stories.",0
3757,40,71,94198.37,2021-03-31,2021-05-21,51,SEK,SE,Photography,Fine Art,Gothenburg,Suburb,"A new fine art project documenting people, places and memorable stories.",0
3758,35,119,15374.08,2019-09-21,2019-10-21,30,USD,US,Games,Mobile Games,Los Angeles,Suburb,"A new mobile games experience built for players, families and communities.",0
3759,43,108,40367.06,2018-08-27,2018-09-27,31,USD,US,Theater,Musicals,Boston,City,A new musicals production bringing an original story to the stage.,1
3760,53,92,3370.42,2020-08-16,2020-09-30,45,GBP,GB,Dance,Experimental,Manchester,County,"A new experimental project combining movement, performance and original ideas.",1
3761,31,151,20548.12,2019-03-30,2019-04-28,29,DKK,DK,Food,Drinks,Copenhagen,City,We are developing a new drinks project for people who love great food.,1
3762,34,121,42022.46,2018-10-16,2018-11-12,27,USD,US,Games,Video Games,Portland,Town,"A new video games experience built for players, families and communities.",1
3763,40,151,28425.11,2019-09-11,2019-11-04,54,USD,US,Dance,Experimental,San Francisco,County,"A new experimental project combining movement, performance and original ideas.",1
3764,26,7,8446.54,2018-02-12,2018-03-25,41,EUR,ES,Design,Architecture,Seville,City,We are creating a practical architecture with a fresh and thoughtful design.,0
3765,13,139,20658.02,2018-08-16,2018-09-20,35,USD,US,Technology,Gadgets,New York,LocalAdmin,Introducing a new gadgets project designed to make everyday work easier.,0
3766,18,124,31505.57,2019-10-06,2019-10-22,16,USD,US,Food,Restaurants,Portland,City,We are developing a new restaurants project for people who love great food.,1
3767,34,129,77250.93,2019-05-23,2019-06-14,22,USD,US,Photography,Nature,Chicago,Suburb,"A new nature project documenting people, places and memorable stories.",0
3768,50,99,5028.78,2019-06-12,2019-08-07,56,USD,US,Journalism,Audio,San Francisco,Zip,A new audio project focused on independent stories and community voices.,1
3769,59,151,2125.14,2018-06-03,2018-06-24,21,NZD,NZ,Technology,Hardware,Auckland,City,Introducing a new hardware project designed to make everyday work easier.,1
3770,31,102,3308.1,2018-02-20,2018-03-16,24,EUR,FR,Fashion,Accessories,Toulouse,City,"A new accessories collection focused on creativity, quality and original ideas.",0
3771,38,107,15033.47,2021-03-04,2021-03-22,18,GBP,GB,Photography,Photobooks,London,County,"A new photobooks project documenting people, places and memorable stories.",0
3772,63,79,12081.95,2019-07-30,2019-09-25,57,USD,IN,Film & Video,Short Film,Mumbai,City,Help us bring this original short film story to life for a wider audience.,0
3773,43,107,31729.56,2021-02-16,2021-04-12,55,GBP,GB,Crafts,DIY,Bristol,Town,A new diy project making useful and creative handmade products.,0
3774,37,103,43493.46,2020-07-28,2020-09-16,50,USD,US,Film & Video,Feature Film,Chicago,City,Help us bring this original feature film story to life for a wider audience.,1
3775,38,140,645.87,2019-11-27,2020-01-15,49,USD,US,Photography,Nature,Chicago,City,"A new nature project documenting people, places and memorable stories.",1
3776,44,127,5693.03,2018-02-03,2018-04-01,57,USD,US,Technology,Hardware,Portland,City,Introducing a new hardware project designed to make everyday work easier.,1
3777,17,143,16674.31,2018-04-23,2018-05-10,17,USD,US,Food,Drinks,Chicago,Zip,We are developing a new drinks project for people who love great food.,1
3778,46,105,67588.23,2018-11-22,2018-12-24,32,DKK,DK,Journalism,Audio,Odense,Suburb,A new audio project focused on independent stories and community voices.,1
3779,42,98,11047.09,2020-10-03,2020-12-02,60,EUR,FR,Fashion,Footwear,Lyon,LocalAdmin,"A new footwear collection focused on creativity, quality and original ideas.",0
3780,51,135,99619.42,2020-03-16,2020-05-12,57,USD,US,Theater,Plays,Chicago,LocalAdmin,A new plays production bringing an original story to the stage.,1
3781,42,113,28206.29,2018-02-17,2018-03-27,38,CAD,CA,Journalism,Investigative,Vancouver,City,A new investigative project focused on independent stories and community voices.,0
3782,50,37,21652.25,2020-05-24,2020-07-09,46,EUR,DE,Games,Video Games,Hamburg,LocalAdmin,"A new video games experience built for players, families and communities.",1
3783,21,94,10115.4,2021-01-11,2021-02-28,48,DKK,DK,Publishing,Children's Books,Odense,LocalAdmin,We are creating a new children's books book and bringing the project to readers.,1
3784,26,42,11550.86,2018-02-18,2018-03-06,16,EUR,NL,Fashion,Footwear,Amsterdam,Town,"A new footwear collection focused on creativity, quality and original ideas.",1
3785,37,84,20037.78,2019-07-31,2019-08-16,16,GBP,GB,Photography,Fine Art,Bristol,Zip,"A new fine art project documenting people, places and memorable stories.",1
3786,24,139,8864.62,2019-03-15,2019-04-08,24,EUR,FR,Games,Mobile Games,Toulouse,City,"A new mobile games experience built for players, families and communities.",1
3787,48,98,67314.6,2018-06-06,2018-07-13,37,CAD,CA,Publishing,Nonfiction,Toronto,Zip,We are creating a new nonfiction book and bringing the project to readers.,1
3788,14,100,46911.0,2019-07-28,2019-08-26,29,GBP,GB,Dance,Experimental,London,County,"A new experimental project combining movement, performance and original ideas.",1
3789,33,102,76845.65,2020-04-06,2020-05-02,26,USD,US,Food,Restaurants,New York,City,We are developing a new restaurants project for people who love great food.,1
3790,27,108,2394.24,2019-03-11,2019-05-07,57,USD,US,Music,Classical,Austin,City,Support our new classical project and help us share the music with listeners.,1
3791,24,98,2275.4,2020-10-23,2020-11-23,31,GBP,GB,Dance,Dance Training,Manchester,City,"A new dance training project combining movement, performance and original ideas.",1
3792,14,151,25563.32,2020-09-30,2020-11-01,32,USD,US,Comics,Comic Books,New York,City,"A new comic books project featuring original characters, artwork and storytelling.",1
3793,36,57,10590.44,2019-10-17,2019-11-14,28,USD,US,Journalism,Audio,New York,City,A new audio project focused on independent stories and community voices.,0
3794,34,115,17923.45,2018-05-13,2018-06-13,31,EUR,DE,Music,Classical,Berlin,LocalAdmin,Support our new classical project and help us share the music with listeners.,1
3795,64,125,2123.16,2021-01-08,2021-02-06,29,USD,US,Games,Tabletop Games,Portland,Suburb,"A new tabletop games experience built for players, families and communities.",1
3796,72,81,1252.39,2018-10-20,2018-11-15,26,CAD,CA,Design,Graphic Design,Vancouver,County,We are creating a practical graphic design with a fresh and thoughtful design.,1
3797,19,127,17208.54,2018-03-04,2018-04-03,30,GBP,GB,Dance,Performances,Edinburgh,City,"A new performances project combining movement, performance and original ideas.",1
3798,6,88,3695.39,2019-10-14,2019-11-29,46,USD,IN,Comics,Comic Books,Chennai,City,"A new comic books project featuring original characters, artwork and storytelling.",1
3799,17,122,36298.3,2020-02-01,2020-03-09,37,GBP,GB,Art,Illustration,Manchester,City,"A new illustration project exploring creative ideas, materials and visual storytelling.",1
3800,34,70,4623.17,2018-10-07,2018-11-28,52,USD,US,Music,Hip-Hop,Boston,City,Support our new hip-hop project and help us share the music with listeners.,1
3801,52,111,3032.31,2019-01-27,2019-03-16,48,GBP,GB,Film & Video,Documentary,Manchester,Town,Help us bring this original documentary story to life for a wider audience.,1
3802,28,151,357.58,2018-01-26,2018-03-15,48,EUR,ES,Fashion,Accessories,Valencia,City,"A new accessories collection focused on creativity, quality and original ideas.",1
3803,44,81,82980.35,2020-02-19,2020-03-20,30,USD,IN,Theater,Plays,Hyderabad,LocalAdmin,A new plays production bringing an original story to the stage.,1
3804,23,96,35378.7,2020-10-14,2020-12-01,48,USD,US,Theater,Plays,Chicago,Suburb,A new plays production bringing an original story to the stage.,1
3805,28,151,1181.25,2018-11-09,2019-01-02,54,USD,US,Comics,Comic Books,Los Angeles,City,"A new comic books project featuring original characters, artwork and storytelling.",1
3806,38,145,542.73,2020-02-04,2020-02-25,21,NZD,NZ,Food,Drinks,Christchurch,County,We are developing a new drinks project for people who love great food.,0
3807,35,151,4756.15,2019-04-15,2019-06-01,47,USD,US,Music,Classical,Austin,City,Support our new classical project and help us share the music with listeners.,0
3808,34,97,52104.65,2020-10-25,2020-11-12,18,CAD,CA,Dance,Dance Training,Montreal,City,"A new dance training project combining movement, performance and original ideas.",1
3809,19,118,5301.16,2020-01-13,2020-03-10,57,USD,US,Food,Restaurants,Boston,Zip,We are developing a new restaurants project for people who love great food.,0
3810,53,122,8704.81,2019-01-19,2019-02-09,21,USD,US,Theater,Musicals,New York,Town,A new musicals production bringing an original story to the stage.,1
3811,53,85,55718.67,2020-09-19,2020-10-21,32,USD,US,Film & Video,Feature Film,Chicago,City,Help us bring this original feature film story to life for a wider audience.,1
3812,54,74,2593.71,2020-08-06,2020-08-24,18,USD,US,Design,Architecture,Boston,City,We are creating a practical architecture with a fresh and thoughtful design.,0
3813,25,71,4168.79,2020-12-10,2021-01-04,25,AUD,AU,Journalism,Investigative,Brisbane,City,A new investigative project focused on independent stories and community voices.,0
3814,37,93,16865.41,2020-06-22,2020-08-18,57,DKK,DK,Journalism,Investigative,Odense,City,A new investigative project focused on independent stories and community voices.,0
3815,27,70,7772.63,2020-12-26,2021-01-29,34,USD,US,Photography,Fine Art,Portland,City,"A new fine art project documenting people, places and memorable stories.",1
3816,20,88,3081.01,2018-11-01,2018-11-26,25,EUR,IT,Food,Restaurants,Rome,County,We are developing a new restaurants project for people who love great food.,1
3817,39,78,35914.58,2019-03-29,2019-04-27,29,USD,US,Technology,Apps,Chicago,Suburb,Introducing a new apps project designed to make everyday work easier.,1
3818,3,123,26777.3,2018-11-12,2019-01-11,60,GBP,GB,Games,Tabletop Games,Bristol,City,"A new tabletop games experience built for players, families and communities.",0
3819,48,120,43587.99,2020-02-05,2020-03-07,31,USD,US,Design,Architecture,Austin,LocalAdmin,We are creating a practical architecture with a fresh and thoughtful design.,0
3820,18,91,9462.04,2018-01-21,2018-03-10,48,EUR,IE,Journalism,Print,Dublin,LocalAdmin,A new print project focused on independent stories and community voices.,0
3821,30,98,783.12,2020-03-15,2020-04-10,26,EUR,FR,Design,Architecture,Toulouse,City,We are creating a practical architecture with a fresh and thoughtful design.,1
3822,1,126,12201.71,2018-11-24,2019-01-19,56,AUD,AU,Comics,Graphic Novels,Perth,City,"A new graphic novels project featuring original characters, artwork and storytelling.",1
3823,62,97,1951.54,2019-05-11,2019-06-22,42,EUR,IT,Design,Product Design,Florence,City,We are creating a practical product design with a fresh and thoughtful design.,0
3824,45,90,518.49,2021-03-03,2021-04-21,49,AUD,AU,Crafts,Crochet,Brisbane,Suburb,A new crochet project making useful and creative handmade products.,1
3825,36,68,7838.92,2019-12-24,2020-01-15,22,USD,IN,Film & Video,Short Film,Bengaluru,Zip,Help us bring this original short film story to life for a wider audience.,1
3826,25,147,14050.23,2021-03-20,2021-04-30,41,EUR,DE,Journalism,Investigative,Cologne,Zip,A new investigative project focused on independent stories and community voices.,1
3827,19,59,142913.14,2018-12-15,2019-01-20,36,EUR,IE,Design,Graphic Design,Cork,City,We are creating a practical graphic design with a fresh and thoughtful design.,0
3828,32,99,1851.91,2020-06-13,2020-07-21,38,GBP,GB,Food,Drinks,Bristol,Town,We are developing a new drinks project for people who love great food.,0
3829,40,81,34272.35,2021-03-18,2021-04-03,16,USD,US,Art,Sculpture,Boston,City,"A new sculpture project exploring creative ideas, materials and visual storytelling.",1
3830,32,112,1006.61,2019-01-17,2019-03-03,45,GBP,GB,Crafts,DIY,Manchester,City,A new diy project making useful and creative handmade products.,1
3831,43,95,85934.02,2019-11-04,2019-12-10,36,USD,US,Crafts,Crochet,San Francisco,City,A new crochet project making useful and creative handmade products.,1
3832,63,111,4050.76,2020-06-26,2020-07-11,15,CAD,CA,Games,Video Games,Vancouver,Zip,"A new video games experience built for players, families and communities.",1
3833,19,83,7141.47,2021-01-29,2021-02-26,28,GBP,GB,Design,Graphic Design,London,City,We are creating a practical graphic design with a fresh and thoughtful design.,0
3834,39,94,7284.71,2020-01-13,2020-02-21,39,CAD,CA,Photography,Photobooks,Toronto,City,"A new photobooks project documenting people, places and memorable stories.",1
3835,61,68,38911.62,2019-01-16,2019-03-07,50,USD,US,Games,Tabletop Games,Portland,City,"A new tabletop games experience built for players, families and communities.",1
3836,30,78,1267.03,2019-05-17,2019-07-06,50,USD,US,Publishing,Nonfiction,Boston,LocalAdmin,We are creating a new nonfiction book and bringing the project to readers.,1
3837,33,94,9115.07,2018-06-02,2018-07-27,55,GBP,GB,Games,Video Games,London,Zip,"A new video games experience built for players, families and communities.",0
3838,42,113,4440.95,2018-07-11,2018-07-28,17,DKK,DK,Art,Illustration,Copenhagen,LocalAdmin,"A new illustration project exploring creative ideas, materials and visual storytelling.",1
3839,45,104,362085.66,2021-01-15,2021-02-03,19,USD,US,Comics,Graphic Novels,Los Angeles,City,"A new graphic novels project featuring original characters, artwork and storytelling.",0
3840,51,149,2232.65,2019-08-31,2019-09-15,15,USD,US,Design,Architecture,New York,City,We are creating a practical architecture with a fresh and thoughtful design.,1
3841,37,63,219.3,2020-12-05,2021-01-07,33,EUR,DE,Dance,Experimental,Munich,City,"A new experimental project combining movement, performance and original ideas.",1
3842,23,100,165923.94,2020-02-22,2020-04-09,47,CAD,CA,Theater,Experimental Theater,Toronto,Suburb,A new experimental theater production bringing an original story to the stage.,1
3843,43,40,25699.78,2021-03-14,2021-05-09,56,USD,US,Journalism,Audio,Los Angeles,Town,A new audio project focused on independent stories and community voices.,1
3844,20,103,3541.24,2018-02-23,2018-04-08,44,USD,US,Games,Mobile Games,Seattle,Zip,"A new mobile games experience built for players, families and communities.",1
3845,40,88,11415.6,2020-02-17,2020-03-14,26,USD,US,Film & Video,Feature Film,Seattle,LocalAdmin,Help us bring this original feature film story to life for a wider audience.,1
3846,36,93,3467.26,2018-06-04,2018-06-28,24,USD,IN,Fashion,Apparel,Hyderabad,Town,"A new apparel collection focused on creativity, quality and original ideas.",1
3847,36,88,577.85,2019-05-25,2019-07-12,48,USD,US,Film & Video,Documentary,Austin,City,Help us bring this original documentary story to life for a wider audience.,1
3848,34,121,9302.48,2018-09-22,2018-10-22,30,USD,US,Art,Sculpture,San Francisco,Suburb,"A new sculpture project exploring creative ideas, materials and visual storytelling.",1
3849,50,116,9199.8,2018-07-06,2018-08-29,54,USD,US,Art,Mixed Media,Seattle,City,"A new mixed media project exploring creative ideas, materials and visual storytelling.",0
3850,44,72,20305.56,2018-06-06,2018-08-05,60,USD,US,Food,Drinks,San Francisco,City,We are developing a new drinks project for people who love great food.,1
3851,45,101,2655.85,2019-02-08,2019-03-23,43,EUR,FR,Publishing,Children's Books,Lyon,City,We are creating a new children's books book and bringing the project to readers.,1
3852,28,62,3611.34,2019-10-07,2019-11-05,29,USD,US,Publishing,Nonfiction,Austin,LocalAdmin,We are creating a new nonfiction book and bringing the project to readers.,1
3853,10,57,6694.11,2018-12-21,2019-01-15,25,USD,US,Comics,Comic Books,Portland,Zip,"A new comic books project featuring original characters, artwork and storytelling.",0
3854,29,120,2623.72,2019-08-19,2019-10-16,58,GBP,GB,Photography,Photobooks,Bristol,Town,"A new photobooks project documenting people, places and memorable stories.",1
3855,42,74,69887.68,2018-11-23,2019-01-10,48,USD,US,Journalism,Print,New York,LocalAdmin,A new print project focused on independent stories and community voices.,1
3856,35,90,44748.0,2020-07-17,2020-09-05,50,USD,US,Music,Classical,San Francisco,City,Support our new classical project and help us share the music with listeners.,1
3857,29,115,5393.99,2020-11-19,2021-01-02,44,EUR,IT,Games,Video Games,Florence,City,"A new video games experience built for players, families and communities.",1
3858,38,107,27481.45,2020-12-01,2021-01-19,49,EUR,FR,Film & Video,Documentary,Paris,City,Help us bring this original documentary story to life for a wider audience.,1
3859,31,150,1760.44,2020-09-16,2020-10-09,23,NZD,NZ,Fashion,Apparel,Christchurch,Zip,"A new apparel collection focused on creativity, quality and original ideas.",1
3860,36,70,5869.74,2019-08-13,2019-09-14,32,EUR,ES,Art,Illustration,Madrid,City,"A new illustration project exploring creative ideas, materials and visual storytelling.",1
3861,5,145,115984.04,2020-11-24,2020-12-27,33,AUD,AU,Art,Mixed Media,Brisbane,City,"A new mixed media project exploring creative ideas, materials and visual storytelling.",1
3862,47,125,32655.45,2020-05-28,2020-07-20,53,USD,US,Comics,Webcomics,Chicago,Suburb,"A new webcomics project featuring original characters, artwork and storytelling.",1
3863,44,131,18783.6,2020-07-09,2020-07-27,18,EUR,FR,Fashion,Footwear,Toulouse,Town,"A new footwear collection focused on creativity, quality and original ideas.",1
3864,67,96,6883.71,2019-08-02,2019-08-22,20,EUR,ES,Technology,Gadgets,Madrid,County,Introducing a new gadgets project designed to make everyday work easier.,0
3865,24,79,11244.77,2020-04-18,2020-06-04,47,EUR,IT,Fashion,Apparel,Florence,Suburb,"A new apparel collection focused on creativity, quality and original ideas.",0
3866,27,111,1232.33,2019-12-13,2020-01-28,46,GBP,GB,Comics,Graphic Novels,London,County,"A new graphic novels project featuring original characters, artwork and storytelling.",1
3867,38,79,7269.27,2018-01-31,2018-03-02,30,USD,US,Art,Painting,San Francisco,City,"A new painting project exploring creative ideas, materials and visual storytelling.",1
3868,34,78,21493.59,2020-03-16,2020-04-10,25,EUR,ES,Journalism,Audio,Valencia,County,A new audio project focused on independent stories and community voices.,1
3869,59,113,11518.49,2019-09-21,2019-10-27,36,EUR,DE,Design,Product Design,Munich,City,We are creating a practical product design with a fresh and thoughtful design.,1
3870,29,140,11518.61,2019-01-11,2019-03-02,50,USD,IN,Design,Product Design,Mumbai,City,We are creating a practical product design with a fresh and thoughtful design.,0
3871,33,60,4351.81,2019-09-07,2019-10-14,37,USD,US,Comics,Comic Books,Los Angeles,LocalAdmin,"A new comic books project featuring original characters, artwork and storytelling.",1
3872,27,147,2938.5,2018-11-17,2018-12-27,40,USD,US,Fashion,Footwear,New York,Suburb,"A new footwear collection focused on creativity, quality and original ideas.",1
3873,58,71,2550.04,2018-08-16,2018-09-30,45,USD,US,Games,Video Games,Austin,City,"A new video games experience built for players, families and communities.",0
3874,42,99,8121.32,2019-02-15,2019-03-30,43,EUR,FR,Comics,Graphic Novels,Paris,City,"A new graphic novels project featuring original characters, artwork and storytelling.",1
3875,59,99,37449.16,2019-01-08,2019-01-27,19,USD,US,Journalism,Investigative,Seattle,City,A new investigative project focused on independent stories and community voices.,1
3876,79,93,3171.42,2018-06-20,2018-08-11,52,USD,US,Comics,Webcomics,Boston,Zip,"A new webcomics project featuring original characters, artwork and storytelling.",1
3877,24,101,12782.62,2020-07-04,2020-08-12,39,USD,IN,Crafts,DIY,Chennai,LocalAdmin,A new diy project making useful and creative handmade products.,1
3878,51,112,12291.4,2020-01-21,2020-03-09,48,USD,US,Publishing,Nonfiction,Chicago,City,We are creating a new nonfiction book and bringing the project to readers.,1
3879,31,146,50734.59,2019-05-26,2019-06-21,26,EUR,ES,Film & Video,Webseries,Madrid,City,Help us bring this original webseries story to life for a wider audience.,0
3880,25,102,12251.5,2020-06-23,2020-07-29,36,USD,US,Fashion,Apparel,Los Angeles,City,"A new apparel collection focused on creativity, quality and original ideas.",1
3881,13,81,1195.71,2020-12-07,2020-12-30,23,EUR,ES,Photography,Nature,Madrid,Suburb,"A new nature project documenting people, places and memorable stories.",1
3882,67,76,323263.05,2019-03-30,2019-05-03,34,GBP,GB,Food,Drinks,London,City,We are developing a new drinks project for people who love great food.,1
3883,50,118,54110.45,2018-04-18,2018-05-31,43,NZD,NZ,Theater,Experimental Theater,Christchurch,City,A new experimental theater production bringing an original story to the stage.,1
3884,32,133,25377.24,2018-01-26,2018-03-25,58,EUR,IE,Food,Restaurants,Dublin,City,We are developing a new restaurants project for people who love great food.,1
3885,44,89,4917.92,2019-05-02,2019-06-14,43,USD,US,Fashion,Apparel,New York,LocalAdmin,"A new apparel collection focused on creativity, quality and original ideas.",1
3886,8,135,7319.67,2020-04-03,2020-06-01,59,USD,US,Photography,Nature,Portland,City,"A new nature project documenting people, places and memorable stories.",1
3887,34,151,1323.4,2019-03-20,2019-04-30,41,USD,US,Music,Rock,Austin,Island,Support our new rock project and help us share the music with listeners.,1
3888,24,148,7153.63,2020-11-04,2020-12-05,31,AUD,AU,Journalism,Investigative,Sydney,Island,A new investigative project focused on independent stories and community voices.,1
3889,57,86,15756.24,2020-08-21,2020-09-09,19,SEK,SE,Crafts,Woodworking,Stockholm,Suburb,A new woodworking project making useful and creative handmade products.,1
3890,58,139,11540.14,2018-02-14,2018-04-14,59,GBP,GB,Crafts,Crochet,Bristol,City,A new crochet project making useful and creative handmade products.,0
3891,48,136,181520.71,2018-07-21,2018-08-17,27,CAD,CA,Theater,Musicals,Toronto,Suburb,A new musicals production bringing an original story to the stage.,1
3892,49,110,33951.6,2021-01-05,2021-03-02,56,USD,US,Art,Illustration,New York,City,"A new illustration project exploring creative ideas, materials and visual storytelling.",0
3893,25,135,54271.04,2018-04-27,2018-05-26,29,EUR,IT,Film & Video,Documentary,Milan,City,Help us bring this original documentary story to life for a wider audience.,1
3894,46,131,27720.26,2019-05-26,2019-06-24,29,USD,IN,Design,Graphic Design,Bengaluru,Suburb,We are creating a practical graphic design with a fresh and thoughtful design.,1
3895,14,145,15440.55,2020-02-18,2020-03-21,32,USD,US,Dance,Dance Training,Austin,LocalAdmin,"A new dance training project combining movement, performance and original ideas.",1
3896,12,125,24285.21,2018-12-21,2019-01-06,16,GBP,GB,Journalism,Audio,Manchester,City,A new audio project focused on independent stories and community voices.,1
3897,33,131,554.06,2018-03-04,2018-04-10,37,USD,US,Theater,Experimental Theater,Los Angeles,City,A new experimental theater production bringing an original story to the stage.,0
3898,43,77,8015.16,2019-01-05,2019-03-03,57,GBP,GB,Dance,Performances,Manchester,City,"A new performances project combining movement, performance and original ideas.",1
3899,44,108,1374.88,2020-10-15,2020-11-11,27,GBP,GB,Technology,Gadgets,Manchester,City,Introducing a new gadgets project designed to make everyday work easier.,1
3900,16,86,1927.04,2019-07-17,2019-09-12,57,USD,US,Dance,Performances,Portland,City,"A new performances project combining movement, performance and original ideas.",1
3901,12,144,76326.64,2020-06-15,2020-07-03,18,USD,US,Fashion,Accessories,Austin,Suburb,"A new accessories collection focused on creativity, quality and original ideas.",0
3902,28,67,2262.04,2019-10-16,2019-11-24,39,USD,US,Theater,Experimental Theater,Austin,Suburb,A new experimental theater production bringing an original story to the stage.,1
3903,22,42,1542.24,2018-03-08,2018-04-02,25,GBP,GB,Food,Restaurants,London,Zip,We are developing a new restaurants project for people who love great food.,1
3904,44,66,21949.73,2019-07-19,2019-09-13,56,CAD,CA,Food,Food,Toronto,City,We are developing a new food project for people who love great food.,0
3905,20,101,10788.21,2018-02-28,2018-03-26,26,USD,US,Design,Architecture,Boston,Town,We are creating a practical architecture with a fresh and thoughtful design.,0
3906,64,47,23965.53,2018-09-22,2018-10-19,27,EUR,FR,Theater,Experimental Theater,Paris,Suburb,A new experimental theater production bringing an original story to the stage.,0
3907,40,51,182465.29,2018-05-03,2018-05-26,23,EUR,DE,Fashion,Apparel,Berlin,City,"A new apparel collection focused on creativity, quality and original ideas.",0
3908,33,128,29156.64,2018-08-09,2018-10-07,59,USD,US,Dance,Performances,Chicago,County,"A new performances project combining movement, performance and original ideas.",1
3909,18,66,1084.87,2019-02-27,2019-04-20,52,USD,US,Photography,Fine Art,New York,City,"A new fine art project documenting people, places and memorable stories.",0
3910,15,138,50952.67,2018-10-21,2018-11-10,20,EUR,DE,Technology,Software,Berlin,City,Introducing a new software project designed to make everyday work easier.,1
3911,30,68,8533.71,2018-02-02,2018-03-31,57,NOK,NO,Music,Rock,Oslo,City,Support our new rock project and help us share the music with listeners.,1
3912,26,44,15568.07,2019-01-13,2019-03-11,57,USD,US,Publishing,Nonfiction,San Francisco,City,We are creating a new nonfiction book and bringing the project to readers.,1
3913,9,77,925.08,2020-04-15,2020-05-09,24,USD,US,Games,Mobile Games,Austin,City,"A new mobile games experience built for players, families and communities.",1
3914,56,69,26178.71,2021-03-10,2021-04-16,37,USD,US,Food,Drinks,Seattle,Suburb,We are developing a new drinks project for people who love great food.,0
3915,18,69,1596.19,2020-12-16,2021-01-14,29,CAD,CA,Journalism,Investigative,Vancouver,LocalAdmin,A new investigative project focused on independent stories and community voices.,0
3916,40,105,27467.22,2018-09-15,2018-11-13,59,USD,US,Photography,Nature,Austin,City,"A new nature project documenting people, places and memorable stories.",0
3917,42,113,3913.63,2019-01-11,2019-02-17,37,USD,US,Journalism,Print,Portland,City,A new print project focused on independent stories and community voices.,1
3918,11,149,36754.53,2021-02-10,2021-04-05,54,AUD,AU,Art,Painting,Brisbane,City,"A new painting project exploring creative ideas, materials and visual storytelling.",0
3919,29,97,1612.15,2020-02-29,2020-04-20,51,GBP,GB,Theater,Musicals,Bristol,City,A new musicals production bringing an original story to the stage.,1
3920,14,117,1067.92,2020-12-31,2021-02-17,48,USD,US,Comics,Graphic Novels,Seattle,City,"A new graphic novels project featuring original characters, artwork and storytelling.",1
3921,41,68,5184.92,2019-09-07,2019-10-07,30,USD,US,Games,Video Games,Boston,City,"A new video games experience built for players, families and communities.",1
3922,36,81,18132.43,2019-03-13,2019-05-11,59,CAD,CA,Food,Food,Montreal,City,We are developing a new food project for people who love great food.,0
3923,34,147,2033.81,2020-04-02,2020-05-27,55,USD,US,Technology,Software,Los Angeles,City,Introducing a new software project designed to make everyday work easier.,0
3924,23,150,16458.54,2019-05-02,2019-06-17,46,USD,US,Crafts,Candles,Portland,Zip,A new candles project making useful and creative handmade products.,1
3925,53,151,46536.47,2020-11-07,2020-12-29,52,EUR,NL,Food,Drinks,Rotterdam,LocalAdmin,We are developing a new drinks project for people who love great food.,1
3926,29,104,1542.37,2020-11-10,2021-01-03,54,USD,US,Photography,Nature,Seattle,County,"A new nature project documenting people, places and memorable stories.",0
3927,13,68,16497.95,2020-09-22,2020-11-21,60,EUR,DE,Art,Sculpture,Berlin,City,"A new sculpture project exploring creative ideas, materials and visual storytelling.",1
3928,21,85,27703.86,2019-09-25,2019-10-14,19,NZD,NZ,Journalism,Audio,Christchurch,City,A new audio project focused on independent stories and community voices.,1
3929,5,98,8899.05,2020-03-05,2020-04-05,31,USD,US,Dance,Experimental,Portland,Town,"A new experimental project combining movement, performance and original ideas.",1
3930,25,91,10559.83,2021-01-28,2021-03-05,36,USD,US,Crafts,DIY,Austin,City,A new diy project making useful and creative handmade products.,1
3931,21,111,1351.37,2021-01-02,2021-02-24,53,CAD,CA,Fashion,Footwear,Montreal,LocalAdmin,"A new footwear collection focused on creativity, quality and original ideas.",1
3932,45,131,23640.55,2020-12-08,2021-02-01,55,EUR,NL,Film & Video,Feature Film,Amsterdam,City,Help us bring this original feature film story to life for a wider audience.,0
3933,44,77,13194.33,2019-07-18,2019-08-19,32,DKK,DK,Dance,Performances,Copenhagen,Zip,"A new performances project combining movement, performance and original ideas.",1
3934,38,151,15156.66,2019-03-22,2019-05-03,42,EUR,DE,Film & Video,Short Film,Cologne,City,Help us bring this original short film story to life for a wider audience.,1
3935,49,110,294462.71,2018-01-05,2018-02-01,27,USD,US,Games,Video Games,Chicago,City,"A new video games experience built for players, families and communities.",0
3936,17,149,8710.9,2018-09-14,2018-11-09,56,AUD,AU,Music,Hip-Hop,Perth,City,Support our new hip-hop project and help us share the music with listeners.,0
3937,40,121,19786.91,2019-04-20,2019-05-05,15,USD,US,Comics,Comic Books,Chicago,LocalAdmin,"A new comic books project featuring original characters, artwork and storytelling.",0
3938,13,151,88365.4,2019-05-20,2019-06-22,33,GBP,GB,Music,Hip-Hop,London,City,Support our new hip-hop project and help us share the music with listeners.,1
3939,28,73,11134.53,2018-02-25,2018-04-14,48,USD,US,Crafts,DIY,Chicago,City,A new diy project making useful and creative handmade products.,0
3940,40,93,3951.96,2019-06-25,2019-07-13,18,USD,US,Design,Architecture,Austin,City,We are creating a practical architecture with a fresh and thoughtful design.,1
3941,27,93,22251.14,2019-09-18,2019-11-14,57,EUR,FR,Crafts,DIY,Marseille,City,A new diy project making useful and creative handmade products.,1
3942,59,113,4150.15,2019-10-26,2019-11-12,17,GBP,GB,Music,Pop,Edinburgh,City,Support our new pop project and help us share the music with listeners.,0
3943,30,112,77006.05,2018-07-13,2018-09-06,55,USD,US,Food,Food,Chicago,Town,We are developing a new food project for people who love great food.,1
3944,47,120,26648.2,2020-05-20,2020-06-13,24,USD,US,Photography,Fine Art,Austin,City,"A new fine art project documenting people, places and memorable stories.",1
3945,31,112,3159.02,2019-03-19,2019-04-30,42,EUR,ES,Journalism,Audio,Madrid,Town,A new audio project focused on independent stories and community voices.,1
3946,37,125,1736.34,2020-12-02,2021-01-19,48,EUR,DE,Food,Food,Cologne,City,We are developing a new food project for people who love great food.,1
3947,30,93,15290.74,2019-05-07,2019-06-29,53,USD,US,Food,Restaurants,New York,City,We are developing a new restaurants project for people who love great food.,1
3948,38,122,17830.83,2018-07-07,2018-08-09,33,USD,US,Photography,Fine Art,Austin,City,"A new fine art project documenting people, places and memorable stories.",1
3949,61,151,1742.89,2018-05-24,2018-07-19,56,USD,US,Photography,Nature,San Francisco,City,"A new nature project documenting people, places and memorable stories.",1
3950,58,108,40561.12,2020-04-06,2020-06-05,60,NZD,NZ,Games,Video Games,Wellington,City,"A new video games experience built for players, families and communities.",1
3951,28,65,33651.08,2020-08-18,2020-10-07,50,CAD,CA,Dance,Performances,Vancouver,City,"A new performances project combining movement, performance and original ideas.",1
3952,32,89,20375.41,2019-03-21,2019-05-17,57,GBP,GB,Design,Architecture,Manchester,City,We are creating a practical architecture with a fresh and thoughtful design.,1
3953,36,94,38842.26,2020-01-03,2020-01-20,17,CAD,CA,Design,Product Design,Vancouver,County,We are creating a practical product design with a fresh and thoughtful design.,1
3954,45,81,2587.91,2019-11-12,2019-12-19,37,USD,US,Food,Drinks,Chicago,Suburb,We are developing a new drinks project for people who love great food.,1
3955,63,112,2832.56,2020-09-09,2020-10-10,31,EUR,IT,Film & Video,Short Film,Rome,LocalAdmin,Help us bring this original short film story to life for a wider audience.,0
3956,54,132,8023.11,2021-03-10,2021-03-31,21,GBP,GB,Games,Tabletop Games,London,Suburb,"A new tabletop games experience built for players, families and communities.",1
3957,31,69,4488.51,2020-12-20,2021-01-29,40,USD,US,Theater,Experimental Theater,Los Angeles,City,A new experimental theater production bringing an original story to the stage.,0
3958,41,57,26134.47,2021-03-02,2021-04-28,57,USD,US,Theater,Musicals,Chicago,City,A new musicals production bringing an original story to the stage.,1
3959,38,151,41823.45,2019-05-07,2019-06-08,32,GBP,GB,Technology,Hardware,Edinburgh,Suburb,Introducing a new hardware project designed to make everyday work easier.,1
3960,26,80,4032.96,2019-01-04,2019-03-05,60,DKK,DK,Food,Restaurants,Copenhagen,County,We are developing a new restaurants project for people who love great food.,0
3961,50,150,3126.18,2020-08-16,2020-10-15,60,USD,US,Comics,Comic Books,Seattle,City,"A new comic books project featuring original characters, artwork and storytelling.",1
3962,1,131,45143.37,2019-06-02,2019-06-22,20,EUR,NL,Journalism,Print,Utrecht,City,A new print project focused on independent stories and community voices.,1
3963,50,90,2619.08,2020-07-10,2020-08-24,45,EUR,FR,Photography,Photobooks,Toulouse,LocalAdmin,"A new photobooks project documenting people, places and memorable stories.",1
3964,41,84,7708.27,2018-03-11,2018-04-23,43,USD,US,Dance,Dance Training,Chicago,City,"A new dance training project combining movement, performance and original ideas.",1
3965,8,90,2508.27,2019-09-20,2019-10-13,23,USD,US,Fashion,Footwear,Austin,City,"A new footwear collection focused on creativity, quality and original ideas.",1
3966,19,95,4794.77,2020-01-16,2020-03-05,49,USD,US,Photography,Fine Art,Los Angeles,City,"A new fine art project documenting people, places and memorable stories.",1
3967,4,127,1161.85,2020-06-01,2020-07-02,31,EUR,DE,Comics,Comic Books,Munich,City,"A new comic books project featuring original characters, artwork and storytelling.",1
3968,60,66,87555.96,2019-09-29,2019-10-25,26,USD,US,Film & Video,Feature Film,Portland,City,Help us bring this original feature film story to life for a wider audience.,1
3969,20,146,57626.66,2020-10-08,2020-11-27,50,USD,US,Crafts,Woodworking,Seattle,County,A new woodworking project making useful and creative handmade products.,1
3970,49,89,3434.94,2019-04-08,2019-05-16,38,GBP,GB,Publishing,Nonfiction,Bristol,County,We are creating a new nonfiction book and bringing the project to readers.,1
3971,49,64,24597.61,2019-10-14,2019-11-07,24,EUR,DE,Crafts,Candles,Hamburg,Town,A new candles project making useful and creative handmade products.,1
3972,33,114,1296.34,2021-02-25,2021-04-10,44,USD,US,Music,Hip-Hop,Austin,Suburb,Support our new hip-hop project and help us share the music with listeners.,1
3973,25,151,31457.32,2020-02-06,2020-03-20,43,USD,US,Comics,Graphic Novels,Austin,Town,"A new graphic novels project featuring original characters, artwork and storytelling.",1
3974,43,83,3048.56,2018-05-27,2018-07-19,53,GBP,GB,Music,Classical,Edinburgh,Zip,Support our new classical project and help us share the music with listeners.,1
3975,38,112,79213.75,2019-07-28,2019-08-21,24,GBP,GB,Food,Drinks,Edinburgh,City,We are developing a new drinks project for people who love great food.,1
3976,49,112,26493.43,2021-03-25,2021-05-17,53,EUR,IT,Fashion,Apparel,Rome,County,"A new apparel collection focused on creativity, quality and original ideas.",1
3977,17,151,6809.41,2019-03-09,2019-04-20,42,USD,US,Art,Sculpture,New York,City,"A new sculpture project exploring creative ideas, materials and visual storytelling.",0
3978,50,80,6373.84,2019-11-29,2019-12-31,32,EUR,IT,Photography,Nature,Milan,Zip,"A new nature project documenting people, places and memorable stories.",0
3979,55,136,15012.14,2019-05-17,2019-07-11,55,AUD,AU,Art,Illustration,Brisbane,Zip,"A new illustration project exploring creative ideas, materials and visual storytelling.",1
3980,31,65,2865.75,2019-05-22,2019-06-22,31,GBP,GB,Film & Video,Documentary,Manchester,City,Help us bring this original documentary story to life for a wider audience.,1
3981,21,115,68615.35,2020-10-06,2020-10-31,25,EUR,DE,Food,Food,Cologne,City,We are developing a new food project for people who love great food.,1
3982,28,130,19282.15,2018-03-26,2018-04-10,15,USD,US,Design,Product Design,Chicago,City,We are creating a practical product design with a fresh and thoughtful design.,1
3983,25,138,53499.32,2019-06-17,2019-07-18,31,USD,US,Photography,Photobooks,San Francisco,City,"A new photobooks project documenting people, places and memorable stories.",1
3984,32,67,269.28,2019-04-21,2019-06-10,50,AUD,AU,Music,Classical,Brisbane,LocalAdmin,Support our new classical project and help us share the music with listeners.,1
3985,24,48,12302.83,2019-06-23,2019-08-12,50,GBP,GB,Design,Graphic Design,London,City,We are creating a practical graphic design with a fresh and thoughtful design.,0
3986,42,102,17626.56,2019-06-05,2019-08-04,60,CAD,CA,Dance,Experimental,Calgary,Town,"A new experimental project combining movement, performance and original ideas.",1
3987,45,91,11935.82,2020-08-14,2020-09-06,23,USD,US,Technology,Hardware,Chicago,City,Introducing a new hardware project designed to make everyday work easier.,1
3988,30,65,12425.93,2019-03-07,2019-05-05,59,NZD,NZ,Fashion,Footwear,Christchurch,City,"A new footwear collection focused on creativity, quality and original ideas.",1
3989,6,69,7294.72,2020-10-08,2020-11-19,42,CAD,CA,Technology,Gadgets,Calgary,LocalAdmin,Introducing a new gadgets project designed to make everyday work easier.,0
3990,42,94,396956.79,2018-11-21,2019-01-07,47,USD,US,Fashion,Accessories,Seattle,City,"A new accessories collection focused on creativity, quality and original ideas.",1
3991,13,151,17495.72,2018-10-20,2018-11-06,17,GBP,GB,Crafts,Candles,London,City,A new candles project making useful and creative handmade products.,1
3992,39,71,14508.59,2020-09-20,2020-10-12,22,EUR,DE,Games,Mobile Games,Berlin,City,"A new mobile games experience built for players, families and communities.",1
3993,36,135,51243.71,2018-08-02,2018-08-22,20,EUR,FR,Photography,Photobooks,Marseille,Zip,"A new photobooks project documenting people, places and memorable stories.",0
3994,30,64,5044.89,2019-08-21,2019-09-10,20,GBP,GB,Music,Pop,London,Town,Support our new pop project and help us share the music with listeners.,0
3995,45,85,1630.43,2019-05-02,2019-06-14,43,SEK,SE,Technology,Software,Malmo,Zip,Introducing a new software project designed to make everyday work easier.,1
3996,40,62,48961.51,2020-03-11,2020-05-01,51,USD,US,Film & Video,Short Film,Los Angeles,LocalAdmin,Help us bring this original short film story to life for a wider audience.,1
3997,41,151,7156.13,2019-07-05,2019-07-31,26,USD,US,Art,Sculpture,New York,Suburb,"A new sculpture project exploring creative ideas, materials and visual storytelling.",1
3998,47,137,98891.98,2019-01-04,2019-01-27,23,SEK,SE,Theater,Plays,Gothenburg,Island,A new plays production bringing an original story to the stage.,0
3999,29,129,89731.64,2019-05-09,2019-07-03,55,SEK,SE,Publishing,Children's Books,Gothenburg,City,We are creating a new children's books book and bringing the project to readers.,1
4000,29,128,327.85,2018-11-17,2018-12-20,33,AUD,AU,Film & Video,Short Film,Sydney,Island,Help us bring this original short film story to life for a wider audience.,1
4001,51,84,13423.73,2019-09-10,2019-10-11,31,EUR,NL,Design,Product Design,Amsterdam,City,We are creating a practical product design with a fresh and thoughtful design.,0
4002,45,109,63665.75,2018-02-15,2018-04-14,58,USD,US,Design,Architecture,Austin,City,We are creating a practical architecture with a fresh and thoughtful design.,0
4003,28,77,789.98,2018-10-15,2018-11-30,46,EUR,NL,Technology,Apps,Utrecht,City,Introducing a new apps project designed to make everyday work easier.,1
4004,5,151,21163.94,2020-11-02,2020-12-21,49,USD,US,Publishing,Children's Books,New York,City,We are creating a new children's books book and bringing the project to readers.,1
4005,41,74,33269.72,2019-02-03,2019-03-03,28,USD,US,Comics,Webcomics,San Francisco,City,"A new webcomics project featuring original characters, artwork and storytelling.",1
4006,42,82,11023.38,2020-07-22,2020-08-21,30,USD,US,Dance,Experimental,San Francisco,County,"A new experimental project combining movement, performance and original ideas.",1
4007,17,151,11147.49,2018-04-21,2018-05-26,35,USD,US,Photography,Photobooks,Austin,Suburb,"A new photobooks project documenting people, places and memorable stories.",1
4008,22,105,76883.67,2018-05-10,2018-06-05,26,USD,US,Fashion,Accessories,Los Angeles,Zip,"A new accessories collection focused on creativity, quality and original ideas.",1
4009,29,126,1183.4,2018-06-11,2018-07-19,38,USD,US,Journalism,Audio,Los Angeles,City,A new audio project focused on independent stories and community voices.,1
4010,42,106,43515.93,2019-01-20,2019-03-09,48,USD,US,Theater,Musicals,Los Angeles,City,A new musicals production bringing an original story to the stage.,1
4011,72,87,24453.78,2019-03-23,2019-04-14,22,USD,US,Music,Hip-Hop,Chicago,LocalAdmin,Support our new hip-hop project and help us share the music with listeners.,0
4012,52,87,90248.74,2018-10-24,2018-12-21,58,CAD,CA,Film & Video,Short Film,Montreal,LocalAdmin,Help us bring this original short film story to life for a wider audience.,1
4013,12,134,2760.16,2018-08-18,2018-09-22,35,USD,US,Music,Rock,Seattle,City,Support our new rock project and help us share the music with listeners.,0
4014,28,115,118369.54,2020-05-23,2020-06-14,22,USD,US,Design,Architecture,San Francisco,County,We are creating a practical architecture with a fresh and thoughtful design.,0
4015,34,144,1394.93,2019-10-26,2019-12-07,42,EUR,DE,Games,Video Games,Berlin,City,"A new video games experience built for players, families and communities.",1
4016,43,144,7190.69,2020-10-11,2020-11-10,30,SEK,SE,Crafts,Crochet,Stockholm,City,A new crochet project making useful and creative handmade products.,1
4017,23,125,1977.77,2019-11-22,2019-12-16,24,EUR,DE,Art,Mixed Media,Munich,LocalAdmin,"A new mixed media project exploring creative ideas, materials and visual storytelling.",1
4018,44,139,36901.26,2018-08-20,2018-09-18,29,USD,US,Dance,Performances,San Francisco,County,"A new performances project combining movement, performance and original ideas.",1
4019,27,124,3683.67,2021-02-20,2021-03-10,18,EUR,DE,Games,Mobile Games,Munich,City,"A new mobile games experience built for players, families and communities.",1
4020,44,119,69666.99,2018-02-28,2018-04-09,40,USD,US,Dance,Performances,Los Angeles,Town,"A new performances project combining movement, performance and original ideas.",1
4021,36,98,876.63,2018-01-31,2018-03-01,29,USD,US,Comics,Comic Books,San Francisco,City,"A new comic books project featuring original characters, artwork and storytelling.",1
4022,66,57,6017.96,2019-04-15,2019-06-04,50,USD,US,Journalism,Audio,New York,County,A new audio project focused on independent stories and community voices.,1
4023,50,89,191168.84,2018-05-28,2018-07-13,46,EUR,IT,Technology,Software,Rome,City,Introducing a new software project designed to make everyday work easier.,1
4024,55,151,3690.65,2019-11-30,2020-01-26,57,USD,US,Technology,Software,Los Angeles,Suburb,Introducing a new software project designed to make everyday work easier.,1
4025,19,117,61984.49,2021-02-26,2021-04-19,52,USD,US,Design,Graphic Design,Austin,City,We are creating a practical graphic design with a fresh and thoughtful design.,1
4026,27,96,35310.7,2020-11-25,2020-12-13,18,USD,US,Crafts,Crochet,Seattle,City,A new crochet project making useful and creative handmade products.,1
4027,40,144,1581.46,2018-08-10,2018-10-04,55,EUR,NL,Publishing,Children's Books,Utrecht,City,We are creating a new children's books book and bringing the project to readers.,1
4028,16,95,16651.9,2018-04-14,2018-05-07,23,CAD,CA,Photography,Nature,Toronto,Island,"A new nature project documenting people, places and memorable stories.",1
4029,51,129,128298.01,2019-12-20,2020-02-07,49,USD,US,Publishing,Nonfiction,Austin,City,We are creating a new nonfiction book and bringing the project to readers.,1
4030,37,148,6356.11,2020-04-23,2020-06-04,42,GBP,GB,Games,Tabletop Games,Edinburgh,City,"A new tabletop games experience built for players, families and communities.",1
4031,51,126,4118.57,2019-02-25,2019-04-17,51,GBP,GB,Dance,Dance Training,Edinburgh,City,"A new dance training project combining movement, performance and original ideas.",1
4032,42,140,19965.8,2020-04-16,2020-05-09,23,AUD,AU,Fashion,Footwear,Melbourne,City,"A new footwear collection focused on creativity, quality and original ideas.",1
4033,36,122,8602.15,2019-11-08,2019-11-24,16,USD,US,Comics,Comic Books,New York,City,"A new comic books project featuring original characters, artwork and storytelling.",1
4034,33,51,1180.76,2018-03-25,2018-04-11,17,EUR,NL,Fashion,Apparel,Utrecht,City,"A new apparel collection focused on creativity, quality and original ideas.",1
4035,23,147,8508.85,2019-10-23,2019-12-20,58,USD,US,Crafts,Woodworking,Los Angeles,City,A new woodworking project making useful and creative handmade products.,0
4036,23,132,5655.76,2018-04-06,2018-04-25,19,AUD,AU,Photography,Fine Art,Sydney,City,"A new fine art project documenting people, places and memorable stories.",1
4037,48,99,9748.76,2020-05-22,2020-06-15,24,USD,US,Photography,Fine Art,San Francisco,City,"A new fine art project documenting people, places and memorable stories.",1
4038,45,90,289.3,2020-01-13,2020-02-24,42,USD,US,Games,Mobile Games,New York,County,"A new mobile games experience built for players, families and communities.",1
4039,54,112,21107.14,2018-03-07,2018-04-05,29,USD,US,Music,Hip-Hop,San Francisco,City,Support our new hip-hop project and help us share the music with listeners.,1
4040,27,72,953.42,2021-01-10,2021-02-07,28,GBP,GB,Comics,Comic Books,Edinburgh,LocalAdmin,"A new comic books project featuring original characters, artwork and storytelling.",0
4041,52,136,38178.83,2020-06-06,2020-08-05,60,USD,US,Theater,Plays,New York,City,A new plays production bringing an original story to the stage.,1
4042,32,103,63223.42,2019-09-08,2019-10-15,37,EUR,FR,Photography,Fine Art,Paris,LocalAdmin,"A new fine art project documenting people, places and memorable stories.",1
4043,44,81,552.78,2021-01-21,2021-02-17,27,USD,US,Photography,Nature,Portland,City,"A new nature project documenting people, places and memorable stories.",1
4044,54,128,89316.23,2019-11-27,2019-12-27,30,AUD,AU,Games,Mobile Games,Sydney,City,"A new mobile games experience built for players, families and communities.",1
4045,66,122,10011.72,2018-01-27,2018-03-12,44,EUR,IT,Design,Product Design,Rome,City,We are creating a practical product design with a fresh and thoughtful design.,1
4046,51,133,63700.75,2021-03-24,2021-05-17,54,CAD,CA,Food,Food,Vancouver,City,We are developing a new food project for people who love great food.,0
4047,38,69,50814.76,2018-09-18,2018-10-10,22,EUR,DE,Comics,Comic Books,Cologne,City,"A new comic books project featuring original characters, artwork and storytelling.",1
4048,43,130,1277.27,2020-10-09,2020-11-09,31,AUD,AU,Fashion,Accessories,Perth,Suburb,"A new accessories collection focused on creativity, quality and original ideas.",1
4049,54,151,3198.31,2020-09-08,2020-10-22,44,USD,US,Crafts,Crochet,Portland,LocalAdmin,A new crochet project making useful and creative handmade products.,1
4050,46,107,146486.85,2020-05-18,2020-06-18,31,EUR,IT,Photography,Nature,Milan,City,"A new nature project documenting people, places and memorable stories.",1
4051,29,105,1754.21,2020-10-11,2020-11-29,49,USD,US,Photography,Photobooks,Portland,City,"A new photobooks project documenting people, places and memorable stories.",1
4052,44,66,20996.16,2019-09-05,2019-09-20,15,CAD,CA,Technology,Gadgets,Toronto,Zip,Introducing a new gadgets project designed to make everyday work easier.,0
4053,55,110,3718.33,2019-12-27,2020-02-03,38,EUR,DE,Journalism,Print,Hamburg,Suburb,A new print project focused on independent stories and community voices.,1
4054,62,77,2955.69,2019-08-06,2019-09-14,39,USD,US,Design,Architecture,San Francisco,City,We are creating a practical architecture with a fresh and thoughtful design.,1
4055,36,143,11657.55,2018-12-27,2019-01-12,16,USD,US,Photography,Photobooks,Boston,Zip,"A new photobooks project documenting people, places and memorable stories.",0
4056,18,151,358355.11,2018-08-09,2018-09-17,39,GBP,GB,Food,Drinks,London,Zip,We are developing a new drinks project for people who love great food.,0
4057,8,151,39466.29,2020-08-18,2020-09-15,28,EUR,IT,Journalism,Audio,Milan,Town,A new audio project focused on independent stories and community voices.,1
4058,47,82,2343.59,2018-05-09,2018-07-01,53,EUR,IE,Technology,Software,Cork,Town,Introducing a new software project designed to make everyday work easier.,1
4059,12,86,16246.12,2020-03-05,2020-04-21,47,GBP,GB,Art,Sculpture,Bristol,Town,"A new sculpture project exploring creative ideas, materials and visual storytelling.",0
4060,40,126,672.21,2020-12-12,2021-01-12,31,AUD,AU,Design,Graphic Design,Sydney,Suburb,We are creating a practical graphic design with a fresh and thoughtful design.,1
4061,51,101,364.25,2018-03-25,2018-05-09,45,NZD,NZ,Crafts,DIY,Wellington,Suburb,A new diy project making useful and creative handmade products.,1
4062,33,108,15596.6,2020-12-19,2021-01-12,24,USD,US,Dance,Experimental,Boston,Suburb,"A new experimental project combining movement, performance and original ideas.",1
4063,13,151,36345.63,2020-04-02,2020-04-22,20,USD,US,Comics,Comic Books,Chicago,City,"A new comic books project featuring original characters, artwork and storytelling.",1
4064,16,75,134893.36,2018-05-30,2018-07-22,53,EUR,DE,Games,Mobile Games,Munich,City,"A new mobile games experience built for players, families and communities.",1
4065,21,116,21390.15,2018-02-25,2018-04-05,39,EUR,IT,Crafts,Woodworking,Turin,City,A new woodworking project making useful and creative handmade products.,1
4066,33,119,12119.5,2018-11-23,2019-01-14,52,EUR,ES,Theater,Musicals,Seville,LocalAdmin,A new musicals production bringing an original story to the stage.,0
4067,53,140,7096.62,2020-05-30,2020-07-20,51,USD,US,Comics,Graphic Novels,New York,LocalAdmin,"A new graphic novels project featuring original characters, artwork and storytelling.",1
4068,35,82,27194.01,2019-01-24,2019-03-09,44,USD,US,Journalism,Print,Seattle,City,A new print project focused on independent stories and community voices.,1
4069,67,151,1822.49,2020-10-19,2020-12-06,48,USD,US,Music,Pop,Portland,City,Support our new pop project and help us share the music with listeners.,1
4070,51,116,4193.67,2019-06-21,2019-07-23,32,USD,US,Games,Mobile Games,Los Angeles,City,"A new mobile games experience built for players, families and communities.",0
4071,39,83,1921.56,2019-11-26,2020-01-03,38,USD,US,Film & Video,Documentary,Portland,Town,Help us bring this original documentary story to life for a wider audience.,1
4072,34,103,5325.08,2019-09-03,2019-10-14,41,EUR,FR,Fashion,Apparel,Marseille,City,"A new apparel collection focused on creativity, quality and original ideas.",1
4073,28,138,3902.13,2018-11-17,2018-12-28,41,USD,US,Art,Painting,Austin,City,"A new painting project exploring creative ideas, materials and visual storytelling.",1
4074,37,151,3513.26,2018-10-22,2018-12-14,53,EUR,IT,Design,Graphic Design,Milan,City,We are creating a practical graphic design with a fresh and thoughtful design.,0
4075,43,97,4450.87,2019-09-02,2019-10-07,35,USD,US,Photography,Fine Art,Austin,Suburb,"A new fine art project documenting people, places and memorable stories.",0
4076,40,151,16637.48,2020-02-26,2020-03-30,33,CAD,CA,Music,Classical,Calgary,LocalAdmin,Support our new classical project and help us share the music with listeners.,0
4077,28,145,85785.54,2020-06-17,2020-08-09,53,USD,US,Technology,Hardware,Seattle,LocalAdmin,Introducing a new hardware project designed to make everyday work easier.,1
4078,20,93,18759.92,2019-07-04,2019-08-10,37,USD,US,Theater,Plays,Chicago,City,A new plays production bringing an original story to the stage.,1
4079,63,126,4934.95,2019-03-21,2019-05-13,53,USD,US,Music,Classical,Austin,Suburb,Support our new classical project and help us share the music with listeners.,0
4080,45,134,23660.76,2020-12-26,2021-02-22,58,USD,IN,Crafts,Candles,Bengaluru,City,A new candles project making useful and creative handmade products.,1
4081,40,101,14235.95,2019-01-10,2019-02-08,29,EUR,IT,Art,Sculpture,Rome,City,"A new sculpture project exploring creative ideas, materials and visual storytelling.",1
4082,43,89,15600.04,2020-01-24,2020-03-21,57,GBP,GB,Dance,Dance Training,Manchester,City,"A new dance training project combining movement, performance and original ideas.",0
4083,52,104,11577.17,2019-07-04,2019-07-20,16,USD,US,Publishing,Children's Books,Boston,City,We are creating a new children's books book and bringing the project to readers.,1
4084,28,96,174130.84,2021-01-09,2021-02-27,49,EUR,IE,Comics,Graphic Novels,Dublin,Town,"A new graphic novels project featuring original characters, artwork and storytelling.",0
4085,33,116,13985.79,2020-01-02,2020-02-05,34,USD,US,Comics,Graphic Novels,New York,City,"A new graphic novels project featuring original characters, artwork and storytelling.",1
4086,24,151,5026.93,2018-07-18,2018-08-29,42,USD,US,Crafts,DIY,Seattle,City,A new diy project making useful and creative handmade products.,1
4087,35,122,3597.52,2019-02-07,2019-03-08,29,CAD,CA,Food,Drinks,Montreal,LocalAdmin,We are developing a new drinks project for people who love great food.,1
4088,25,151,48526.44,2018-08-21,2018-09-20,30,DKK,DK,Food,Food,Copenhagen,Island,We are developing a new food project for people who love great food.,1
4089,20,125,1907.67,2018-07-07,2018-08-23,47,USD,US,Photography,Photobooks,Portland,City,"A new photobooks project documenting people, places and memorable stories.",1
4090,11,151,98321.57,2018-03-10,2018-04-05,26,USD,US,Theater,Experimental Theater,Boston,Town,A new experimental theater production bringing an original story to the stage.,1
4091,60,84,615.13,2019-08-09,2019-10-01,53,DKK,DK,Film & Video,Short Film,Aarhus,Town,Help us bring this original short film story to life for a wider audience.,1
4092,30,46,80290.02,2018-05-04,2018-06-26,53,USD,US,Fashion,Footwear,San Francisco,LocalAdmin,"A new footwear collection focused on creativity, quality and original ideas.",1
4093,42,116,41289.74,2019-03-22,2019-05-18,57,USD,US,Games,Mobile Games,Seattle,City,"A new mobile games experience built for players, families and communities.",0
4094,36,120,6071.35,2020-02-18,2020-03-23,34,CAD,CA,Dance,Experimental,Calgary,City,"A new experimental project combining movement, performance and original ideas.",1
4095,42,151,3751.27,2020-11-04,2020-12-17,43,EUR,NL,Photography,Nature,Rotterdam,Town,"A new nature project documenting people, places and memorable stories.",1
4096,5,151,81023.36,2018-05-17,2018-07-13,57,GBP,GB,Art,Mixed Media,Edinburgh,City,"A new mixed media project exploring creative ideas, materials and visual storytelling.",0
4097,28,61,195215.81,2020-06-04,2020-06-21,17,USD,IN,Food,Drinks,Bengaluru,County,We are developing a new drinks project for people who love great food.,0
4098,52,103,4635.88,2020-05-18,2020-06-06,19,AUD,AU,Film & Video,Documentary,Brisbane,City,Help us bring this original documentary story to life for a wider audience.,1
4099,64,112,29505.72,2019-09-12,2019-09-28,16,USD,US,Film & Video,Documentary,New York,County,Help us bring this original documentary story to life for a wider audience.,0
4100,30,73,54769.14,2020-03-10,2020-04-16,37,USD,IN,Theater,Plays,Mumbai,Suburb,A new plays production bringing an original story to the stage.,1
4101,31,104,30552.84,2019-12-05,2020-01-14,40,USD,US,Crafts,Candles,New York,City,A new candles project making useful and creative handmade products.,0
4102,51,141,13053.97,2020-03-25,2020-05-04,40,USD,US,Dance,Performances,Austin,Suburb,"A new performances project combining movement, performance and original ideas.",1
4103,42,143,6557.9,2019-04-30,2019-05-21,21,GBP,GB,Journalism,Print,Manchester,LocalAdmin,A new print project focused on independent stories and community voices.,1
4104,35,119,18463.99,2020-10-22,2020-11-15,24,USD,US,Games,Video Games,Portland,County,"A new video games experience built for players, families and communities.",0
4105,34,151,473.34,2020-01-07,2020-01-26,19,USD,US,Theater,Plays,Boston,Suburb,A new plays production bringing an original story to the stage.,0
4106,26,118,95876.5,2020-03-22,2020-04-17,26,USD,US,Fashion,Footwear,Austin,Suburb,"A new footwear collection focused on creativity, quality and original ideas.",1
4107,26,146,851.66,2020-01-06,2020-02-21,46,GBP,GB,Theater,Plays,Manchester,City,A new plays production bringing an original story to the stage.,1
4108,37,83,3271.5,2021-01-19,2021-03-16,56,EUR,ES,Theater,Plays,Seville,Zip,A new plays production bringing an original story to the stage.,1
4109,40,85,7113.95,2019-10-10,2019-11-24,45,CAD,CA,Design,Product Design,Vancouver,City,We are creating a practical product design with a fresh and thoughtful design.,1
4110,41,151,2552.2,2021-01-25,2021-03-02,36,USD,IN,Crafts,DIY,Mumbai,City,A new diy project making useful and creative handmade products.,1
4111,25,93,2087.82,2021-02-12,2021-03-15,31,USD,US,Games,Mobile Games,Los Angeles,City,"A new mobile games experience built for players, families and communities.",1
4112,55,138,106654.53,2019-11-27,2019-12-31,34,USD,US,Design,Architecture,Austin,City,We are creating a practical architecture with a fresh and thoughtful design.,0
4113,11,92,194272.98,2019-08-03,2019-09-06,34,USD,US,Design,Architecture,Los Angeles,City,We are creating a practical architecture with a fresh and thoughtful design.,0
4114,43,120,132304.64,2020-08-07,2020-10-03,57,USD,US,Technology,Apps,Austin,City,Introducing a new apps project designed to make everyday work easier.,1
4115,27,104,43814.25,2020-07-30,2020-08-21,22,USD,US,Dance,Experimental,New York,LocalAdmin,"A new experimental project combining movement, performance and original ideas.",0
4116,22,129,547281.54,2018-06-07,2018-07-25,48,EUR,FR,Technology,Hardware,Marseille,LocalAdmin,Introducing a new hardware project designed to make everyday work easier.,0
4117,30,129,7941.79,2019-06-19,2019-07-26,37,NZD,NZ,Dance,Experimental,Auckland,City,"A new experimental project combining movement, performance and original ideas.",1
4118,11,88,6844.04,2020-08-30,2020-10-21,52,USD,IN,Photography,Nature,Hyderabad,City,"A new nature project documenting people, places and memorable stories.",1
4119,40,130,12211.38,2018-11-27,2019-01-08,42,USD,US,Art,Illustration,Chicago,City,"A new illustration project exploring creative ideas, materials and visual storytelling.",0
4120,59,74,109938.33,2018-04-12,2018-05-09,27,EUR,NL,Film & Video,Webseries,Utrecht,County,Help us bring this original webseries story to life for a wider audience.,1
4121,25,151,29762.42,2018-09-03,2018-10-16,43,USD,US,Games,Tabletop Games,New York,City,"A new tabletop games experience built for players, families and communities.",1
4122,70,119,174598.58,2019-02-05,2019-02-27,22,USD,US,Crafts,Crochet,Seattle,City,A new crochet project making useful and creative handmade products.,0
4123,22,17,13278.58,2019-02-21,2019-03-18,25,EUR,NL,Photography,Photobooks,Utrecht,Zip,"A new photobooks project documenting people, places and memorable stories.",1
4124,29,69,1176.01,2019-03-06,2019-05-04,59,CAD,CA,Publishing,Children's Books,Calgary,Suburb,We are creating a new children's books book and bringing the project to readers.,0
4125,55,129,4226.5,2019-10-24,2019-11-25,32,USD,US,Theater,Experimental Theater,Austin,Town,A new experimental theater production bringing an original story to the stage.,1
4126,17,137,58747.01,2018-02-14,2018-03-25,39,USD,US,Comics,Webcomics,Los Angeles,County,"A new webcomics project featuring original characters, artwork and storytelling.",1
4127,32,96,5574.74,2019-09-18,2019-10-24,36,USD,US,Crafts,Crochet,San Francisco,Suburb,A new crochet project making useful and creative handmade products.,1
4128,61,113,13911.52,2018-09-22,2018-11-20,59,EUR,DE,Art,Painting,Hamburg,City,"A new painting project exploring creative ideas, materials and visual storytelling.",1
4129,17,130,17591.05,2019-11-14,2020-01-02,49,GBP,GB,Fashion,Apparel,Manchester,City,"A new apparel collection focused on creativity, quality and original ideas.",1
4130,44,147,197866.26,2020-06-19,2020-08-01,43,USD,IN,Music,Hip-Hop,Chennai,City,Support our new hip-hop project and help us share the music with listeners.,0
4131,43,135,46901.85,2020-07-30,2020-09-03,35,USD,US,Music,Classical,Chicago,Suburb,Support our new classical project and help us share the music with listeners.,0
4132,6,91,34605.82,2020-07-08,2020-07-29,21,USD,US,Film & Video,Documentary,Los Angeles,Town,Help us bring this original documentary story to life for a wider audience.,0
4133,26,149,15329.34,2018-02-14,2018-03-12,26,GBP,GB,Music,Pop,London,City,Support our new pop project and help us share the music with listeners.,1
4134,71,43,3310.03,2021-01-27,2021-03-18,50,GBP,GB,Music,Classical,London,City,Support our new classical project and help us share the music with listeners.,1
4135,38,100,17477.74,2018-06-12,2018-07-20,38,USD,US,Comics,Webcomics,Boston,City,"A new webcomics project featuring original characters, artwork and storytelling.",1
4136,41,127,349776.78,2018-06-29,2018-08-14,46,EUR,DE,Food,Food,Munich,LocalAdmin,We are developing a new food project for people who love great food.,0
4137,39,72,26586.86,2018-04-30,2018-06-10,41,EUR,NL,Technology,Apps,Rotterdam,County,Introducing a new apps project designed to make everyday work easier.,1
4138,66,110,5104.94,2018-07-03,2018-08-18,46,DKK,DK,Fashion,Apparel,Aarhus,LocalAdmin,"A new apparel collection focused on creativity, quality and original ideas.",0
4139,20,125,6271.84,2020-06-30,2020-08-15,46,EUR,IT,Technology,Apps,Rome,City,Introducing a new apps project designed to make everyday work easier.,1
4140,25,85,108179.15,2020-02-21,2020-04-07,46,EUR,ES,Dance,Experimental,Seville,County,"A new experimental project combining movement, performance and original ideas.",1
4141,33,114,5256.89,2019-12-19,2020-01-28,40,GBP,GB,Design,Product Design,Bristol,Town,We are creating a practical product design with a fresh and thoughtful design.,1
4142,43,71,8790.43,2018-06-03,2018-06-28,25,EUR,IT,Food,Food,Rome,City,We are developing a new food project for people who love great food.,1
4143,37,138,2043.91,2020-10-08,2020-12-07,60,USD,US,Technology,Gadgets,Portland,City,Introducing a new gadgets project designed to make everyday work easier.,0
4144,38,124,7799.81,2020-05-23,2020-06-24,32,USD,US,Crafts,Woodworking,New York,Suburb,A new woodworking project making useful and creative handmade products.,1
4145,27,130,24979.71,2020-08-14,2020-10-06,53,USD,US,Crafts,Crochet,Boston,City,A new crochet project making useful and creative handmade products.,0
4146,44,106,7578.43,2019-09-03,2019-09-22,19,GBP,GB,Technology,Gadgets,London,City,Introducing a new gadgets project designed to make everyday work easier.,0
4147,7,58,12467.08,2020-07-06,2020-08-05,30,USD,US,Theater,Plays,New York,City,A new plays production bringing an original story to the stage.,1
4148,27,104,2009.45,2020-12-20,2021-01-14,25,USD,IN,Technology,Apps,Hyderabad,City,Introducing a new apps project designed to make everyday work easier.,0
4149,23,151,5060.59,2019-06-21,2019-08-09,49,USD,US,Music,Classical,Seattle,LocalAdmin,Support our new classical project and help us share the music with listeners.,1
4150,18,138,326942.19,2018-02-23,2018-03-20,25,USD,US,Dance,Experimental,Chicago,City,"A new experimental project combining movement, performance and original ideas.",0
4151,8,151,9749.91,2018-12-04,2019-01-29,56,GBP,GB,Art,Illustration,Bristol,City,"A new illustration project exploring creative ideas, materials and visual storytelling.",1
4152,38,110,21061.38,2018-04-20,2018-05-27,37,USD,US,Games,Mobile Games,Seattle,LocalAdmin,"A new mobile games experience built for players, families and communities.",1
4153,41,87,3461.42,2020-05-12,2020-06-29,48,USD,US,Food,Restaurants,Chicago,City,We are developing a new restaurants project for people who love great food.,1
4154,42,126,13001.67,2020-01-22,2020-02-22,31,USD,US,Food,Restaurants,Austin,City,We are developing a new restaurants project for people who love great food.,1
4155,49,102,7888.6,2018-05-23,2018-06-16,24,GBP,GB,Technology,Gadgets,Manchester,Suburb,Introducing a new gadgets project designed to make everyday work easier.,1
4156,52,91,66045.88,2019-04-12,2019-05-14,32,USD,US,Journalism,Audio,New York,City,A new audio project focused on independent stories and community voices.,1
4157,4,56,61358.96,2018-03-17,2018-05-14,58,EUR,IT,Fashion,Apparel,Rome,City,"A new apparel collection focused on creativity, quality and original ideas.",1
4158,44,118,72275.06,2018-06-09,2018-07-01,22,EUR,DE,Film & Video,Documentary,Hamburg,City,Help us bring this original documentary story to life for a wider audience.,0
4159,38,136,13590.4,2020-07-14,2020-08-23,40,USD,US,Fashion,Accessories,New York,City,"A new accessories collection focused on creativity, quality and original ideas.",1
4160,38,73,283346.9,2020-11-04,2020-11-21,17,USD,US,Games,Tabletop Games,New York,County,"A new tabletop games experience built for players, families and communities.",0
4161,33,151,41711.38,2019-02-08,2019-03-18,38,USD,US,Crafts,Woodworking,Austin,Zip,A new woodworking project making useful and creative handmade products.,0
4162,27,115,1308.82,2020-10-28,2020-11-14,17,EUR,FR,Technology,Hardware,Toulouse,Island,Introducing a new hardware project designed to make everyday work easier.,1
4163,43,111,131072.33,2020-03-16,2020-05-07,52,USD,US,Crafts,Candles,Los Angeles,City,A new candles project making useful and creative handmade products.,1
4164,20,71,11893.48,2020-08-08,2020-08-24,16,USD,US,Crafts,Woodworking,Seattle,City,A new woodworking project making useful and creative handmade products.,1
4165,52,124,70072.21,2018-09-05,2018-10-24,49,EUR,FR,Journalism,Print,Marseille,City,A new print project focused on independent stories and community voices.,1
4166,28,73,2346.8,2018-04-19,2018-05-20,31,GBP,GB,Crafts,Crochet,Manchester,City,A new crochet project making useful and creative handmade products.,1
4167,4,79,10745.87,2018-01-28,2018-02-20,23,USD,US,Games,Tabletop Games,Portland,City,"A new tabletop games experience built for players, families and communities.",0
4168,37,58,38372.37,2019-11-16,2020-01-05,50,USD,US,Photography,Photobooks,New York,Town,"A new photobooks project documenting people, places and memorable stories.",1
4169,17,151,17515.04,2020-11-26,2021-01-01,36,EUR,IE,Dance,Experimental,Galway,Town,"A new experimental project combining movement, performance and original ideas.",1
4170,17,107,9519.29,2019-08-20,2019-10-04,45,EUR,NL,Publishing,Children's Books,Utrecht,County,We are creating a new children's books book and bringing the project to readers.,0
4171,45,90,265.66,2018-05-05,2018-06-22,48,EUR,DE,Film & Video,Feature Film,Munich,City,Help us bring this original feature film story to life for a wider audience.,1
4172,49,107,3811.95,2018-06-28,2018-08-05,38,GBP,GB,Technology,Hardware,London,County,Introducing a new hardware project designed to make everyday work easier.,1
4173,33,93,2638.58,2018-05-20,2018-06-12,23,GBP,GB,Theater,Musicals,Manchester,City,A new musicals production bringing an original story to the stage.,0
4174,5,103,670.15,2018-03-06,2018-05-05,60,USD,IN,Games,Tabletop Games,Bengaluru,County,"A new tabletop games experience built for players, families and communities.",0
4175,43,119,3996.05,2019-05-01,2019-06-27,57,USD,IN,Music,Hip-Hop,Bengaluru,Suburb,Support our new hip-hop project and help us share the music with listeners.,1
4176,30,96,213986.98,2021-02-03,2021-02-19,16,USD,US,Photography,Nature,San Francisco,City,"A new nature project documenting people, places and memorable stories.",0
4177,56,112,72183.8,2018-08-18,2018-09-22,35,EUR,IT,Film & Video,Documentary,Turin,City,Help us bring this original documentary story to life for a wider audience.,1
4178,65,151,3288.31,2020-11-11,2020-12-29,48,USD,US,Games,Video Games,San Francisco,Suburb,"A new video games experience built for players, families and communities.",1
4179,12,53,4821.13,2019-08-30,2019-10-10,41,USD,US,Photography,Photobooks,Boston,City,"A new photobooks project documenting people, places and memorable stories.",1
4180,72,74,4836.46,2018-12-23,2019-02-12,51,AUD,AU,Crafts,Woodworking,Perth,City,A new woodworking project making useful and creative handmade products.,1
4181,12,123,38736.69,2018-06-03,2018-06-24,21,USD,US,Theater,Experimental Theater,New York,City,A new experimental theater production bringing an original story to the stage.,0
4182,27,149,22480.63,2019-02-07,2019-03-15,36,EUR,IE,Dance,Experimental,Cork,City,"A new experimental project combining movement, performance and original ideas.",1
4183,50,151,3979.37,2019-11-18,2019-12-06,18,USD,US,Technology,Software,Chicago,City,Introducing a new software project designed to make everyday work easier.,1
4184,24,120,4759.33,2021-02-15,2021-03-15,28,GBP,GB,Food,Food,Edinburgh,City,We are developing a new food project for people who love great food.,1
4185,23,71,64129.29,2020-11-29,2021-01-16,48,NZD,NZ,Fashion,Apparel,Wellington,LocalAdmin,"A new apparel collection focused on creativity, quality and original ideas.",1
4186,9,151,127447.27,2020-05-02,2020-06-08,37,NZD,NZ,Design,Architecture,Christchurch,City,We are creating a practical architecture with a fresh and thoughtful design.,1
4187,15,112,2989.65,2020-05-22,2020-07-19,58,USD,US,Publishing,Children's Books,Boston,LocalAdmin,We are creating a new children's books book and bringing the project to readers.,1
4188,23,111,10009.34,2021-02-05,2021-04-02,56,USD,US,Dance,Experimental,San Francisco,City,"A new experimental project combining movement, performance and original ideas.",1
4189,47,50,14642.79,2021-01-12,2021-02-20,39,CAD,CA,Food,Food,Calgary,City,We are developing a new food project for people who love great food.,0
4190,60,143,8952.57,2020-07-11,2020-07-26,15,USD,US,Art,Painting,Portland,City,"A new painting project exploring creative ideas, materials and visual storytelling.",1
4191,24,80,69187.13,2018-01-05,2018-02-03,29,USD,IN,Technology,Hardware,Hyderabad,County,Introducing a new hardware project designed to make everyday work easier.,1
4192,29,125,9476.95,2018-12-17,2019-02-01,46,NZD,NZ,Games,Tabletop Games,Christchurch,City,"A new tabletop games experience built for players, families and communities.",1
4193,20,110,231022.41,2019-09-06,2019-10-04,28,USD,US,Art,Mixed Media,San Francisco,LocalAdmin,"A new mixed media project exploring creative ideas, materials and visual storytelling.",0
4194,12,114,77201.73,2018-11-28,2019-01-22,55,USD,US,Food,Food,Seattle,City,We are developing a new food project for people who love great food.,1
4195,12,110,4141.38,2019-07-10,2019-08-14,35,USD,US,Dance,Performances,Portland,Town,"A new performances project combining movement, performance and original ideas.",1
4196,16,85,13309.75,2018-09-22,2018-10-13,21,NZD,NZ,Games,Mobile Games,Auckland,City,"A new mobile games experience built for players, families and communities.",1
4197,34,83,2641.19,2020-02-12,2020-04-02,50,USD,US,Technology,Gadgets,Austin,County,Introducing a new gadgets project designed to make everyday work easier.,1
4198,26,136,6540.95,2018-02-23,2018-03-30,35,USD,US,Music,Rock,Chicago,Town,Support our new rock project and help us share the music with listeners.,1
4199,29,108,46268.81,2019-01-30,2019-03-25,54,GBP,GB,Design,Graphic Design,Manchester,City,We are creating a practical graphic design with a fresh and thoughtful design.,1
4200,41,88,17563.21,2018-05-08,2018-06-03,26,CAD,CA,Crafts,Candles,Toronto,City,A new candles project making useful and creative handmade products.,1
4201,34,93,317132.26,2018-02-13,2018-03-14,29,USD,US,Games,Tabletop Games,Austin,City,"A new tabletop games experience built for players, families and communities.",1
4202,18,129,1805.59,2020-12-03,2021-01-01,29,USD,US,Music,Rock,Austin,Suburb,Support our new rock project and help us share the music with listeners.,1
4203,49,88,11402.24,2018-06-23,2018-07-24,31,EUR,IE,Technology,Software,Dublin,Town,Introducing a new software project designed to make everyday work easier.,1
4204,5,151,5479.24,2018-02-05,2018-03-25,48,NZD,NZ,Technology,Gadgets,Christchurch,City,Introducing a new gadgets project designed to make everyday work easier.,0
4205,23,103,7351.66,2018-04-28,2018-06-25,58,EUR,FR,Games,Video Games,Lyon,City,"A new video games experience built for players, families and communities.",1
4206,61,98,12805.3,2020-11-14,2021-01-02,49,USD,US,Dance,Dance Training,Austin,Town,"A new dance training project combining movement, performance and original ideas.",1
4207,40,127,4202.4,2020-12-02,2021-01-24,53,USD,US,Music,Hip-Hop,Seattle,City,Support our new hip-hop project and help us share the music with listeners.,1
4208,8,99,52966.69,2020-01-31,2020-03-23,52,CAD,CA,Dance,Performances,Toronto,City,"A new performances project combining movement, performance and original ideas.",0
4209,11,119,181198.94,2018-12-26,2019-01-23,28,USD,US,Photography,Fine Art,Boston,City,"A new fine art project documenting people, places and memorable stories.",0
4210,30,106,321.38,2018-01-09,2018-01-28,19,NZD,NZ,Food,Drinks,Wellington,Town,We are developing a new drinks project for people who love great food.,1
4211,28,56,103949.7,2018-10-09,2018-11-22,44,CAD,CA,Comics,Graphic Novels,Calgary,Town,"A new graphic novels project featuring original characters, artwork and storytelling.",1
4212,46,76,593438.75,2019-02-01,2019-02-19,18,USD,US,Games,Video Games,Boston,City,"A new video games experience built for players, families and communities.",0
4213,52,117,16102.45,2018-02-24,2018-03-25,29,NZD,NZ,Publishing,Nonfiction,Auckland,City,We are creating a new nonfiction book and bringing the project to readers.,0
4214,27,94,4657.31,2020-12-26,2021-02-17,53,NOK,NO,Technology,Hardware,Trondheim,Town,Introducing a new hardware project designed to make everyday work easier.,1
4215,33,151,4943.28,2021-02-19,2021-04-09,49,USD,US,Fashion,Footwear,Chicago,Suburb,"A new footwear collection focused on creativity, quality and original ideas.",1
4216,20,84,7447.12,2021-03-25,2021-05-23,59,GBP,GB,Games,Mobile Games,London,City,"A new mobile games experience built for players, families and communities.",1
4217,33,69,23383.71,2019-06-11,2019-07-05,24,USD,US,Food,Restaurants,Seattle,County,We are developing a new restaurants project for people who love great food.,1
4218,20,109,6186.7,2020-10-16,2020-11-01,16,USD,US,Theater,Plays,New York,City,A new plays production bringing an original story to the stage.,0
4219,35,116,10602.88,2020-01-21,2020-03-19,58,USD,US,Theater,Experimental Theater,Austin,City,A new experimental theater production bringing an original story to the stage.,1
4220,26,135,2727.16,2020-09-28,2020-11-05,38,CAD,CA,Film & Video,Webseries,Toronto,City,Help us bring this original webseries story to life for a wider audience.,0
4221,44,33,5911.36,2019-01-31,2019-03-14,42,NOK,NO,Publishing,Fiction,Bergen,City,We are creating a new fiction book and bringing the project to readers.,1
4222,51,151,6334.25,2019-07-13,2019-08-18,36,GBP,GB,Technology,Gadgets,London,Town,Introducing a new gadgets project designed to make everyday work easier.,0
4223,54,69,11354.23,2019-06-26,2019-08-23,58,USD,US,Art,Painting,New York,LocalAdmin,"A new painting project exploring creative ideas, materials and visual storytelling.",1
4224,36,141,1257.7,2019-02-14,2019-04-01,46,CAD,CA,Technology,Hardware,Calgary,City,Introducing a new hardware project designed to make everyday work easier.,1
4225,44,151,7196.75,2018-12-06,2019-01-20,45,USD,US,Photography,Fine Art,Seattle,City,"A new fine art project documenting people, places and memorable stories.",1
4226,28,130,8606.05,2018-09-24,2018-10-27,33,EUR,ES,Crafts,Crochet,Barcelona,City,A new crochet project making useful and creative handmade products.,1
4227,22,74,15979.56,2019-08-10,2019-09-14,35,USD,US,Music,Classical,Boston,Zip,Support our new classical project and help us share the music with listeners.,1
4228,14,102,104861.86,2020-08-08,2020-08-25,17,USD,US,Technology,Software,Los Angeles,City,Introducing a new software project designed to make everyday work easier.,1
4229,40,131,10255.53,2020-01-21,2020-02-10,20,USD,US,Comics,Webcomics,New York,City,"A new webcomics project featuring original characters, artwork and storytelling.",0
4230,4,109,1818.76,2019-03-16,2019-05-01,46,EUR,FR,Design,Product Design,Toulouse,Town,We are creating a practical product design with a fresh and thoughtful design.,1
4231,48,77,14726.08,2020-07-04,2020-07-20,16,USD,US,Theater,Plays,Austin,Suburb,A new plays production bringing an original story to the stage.,1
4232,30,111,3999.96,2018-01-31,2018-03-10,38,EUR,FR,Design,Graphic Design,Toulouse,City,We are creating a practical graphic design with a fresh and thoughtful design.,1
4233,31,92,3842.64,2020-12-09,2021-02-06,59,USD,US,Design,Graphic Design,Boston,City,We are creating a practical graphic design with a fresh and thoughtful design.,1
4234,45,126,7585.43,2018-12-31,2019-02-10,41,USD,US,Dance,Dance Training,Austin,LocalAdmin,"A new dance training project combining movement, performance and original ideas.",1
4235,7,76,5364.21,2018-09-09,2018-10-02,23,GBP,GB,Design,Graphic Design,London,City,We are creating a practical graphic design with a fresh and thoughtful design.,1
4236,32,50,2302.72,2020-09-12,2020-10-09,27,DKK,DK,Crafts,Crochet,Copenhagen,Zip,A new crochet project making useful and creative handmade products.,1
4237,59,78,5656.73,2019-01-27,2019-02-24,28,EUR,IE,Photography,Nature,Galway,City,"A new nature project documenting people, places and memorable stories.",0
4238,31,57,24318.55,2018-09-11,2018-10-06,25,USD,US,Art,Illustration,Boston,City,"A new illustration project exploring creative ideas, materials and visual storytelling.",1
4239,15,89,12778.15,2019-03-09,2019-04-06,28,USD,US,Design,Architecture,Portland,Town,We are creating a practical architecture with a fresh and thoughtful design.,1
4240,30,128,2576.01,2018-07-27,2018-08-26,30,USD,US,Publishing,Fiction,Portland,Suburb,We are creating a new fiction book and bringing the project to readers.,0
4241,55,96,3162.1,2018-09-03,2018-09-27,24,GBP,GB,Games,Video Games,Manchester,City,"A new video games experience built for players, families and communities.",1
4242,24,107,14526.17,2019-11-11,2019-12-15,34,GBP,GB,Publishing,Fiction,Manchester,City,We are creating a new fiction book and bringing the project to readers.,1
4243,12,78,2598.11,2020-01-01,2020-01-31,30,SEK,SE,Games,Tabletop Games,Malmo,LocalAdmin,"A new tabletop games experience built for players, families and communities.",0
4244,28,109,2988.81,2019-11-14,2020-01-01,48,EUR,IE,Dance,Experimental,Dublin,Town,"A new experimental project combining movement, performance and original ideas.",0
4245,14,79,4952.18,2020-05-25,2020-06-24,30,USD,US,Crafts,Crochet,Portland,Suburb,A new crochet project making useful and creative handmade products.,1
4246,1,72,2660.54,2020-07-15,2020-08-12,28,GBP,GB,Art,Illustration,Manchester,City,"A new illustration project exploring creative ideas, materials and visual storytelling.",0
4247,46,101,14027.82,2018-02-09,2018-03-23,42,SEK,SE,Comics,Webcomics,Stockholm,City,"A new webcomics project featuring original characters, artwork and storytelling.",1
4248,51,88,7448.46,2020-03-30,2020-05-01,32,EUR,IT,Food,Restaurants,Florence,City,We are developing a new restaurants project for people who love great food.,1
4249,41,24,105792.71,2018-09-18,2018-10-28,40,USD,US,Art,Illustration,Chicago,City,"A new illustration project exploring creative ideas, materials and visual storytelling.",1
4250,48,106,1981.95,2020-10-26,2020-12-17,52,USD,US,Food,Restaurants,Portland,County,We are developing a new restaurants project for people who love great food.,0
4251,29,79,71422.17,2021-01-18,2021-02-08,21,USD,US,Publishing,Fiction,Boston,City,We are creating a new fiction book and bringing the project to readers.,1
4252,55,77,17335.91,2019-03-24,2019-05-22,59,USD,US,Film & Video,Short Film,Chicago,County,Help us bring this original short film story to life for a wider audience.,1
4253,26,150,121030.39,2020-03-10,2020-04-27,48,USD,US,Theater,Musicals,Los Angeles,City,A new musicals production bringing an original story to the stage.,1
4254,35,134,98073.17,2018-11-03,2019-01-01,59,USD,US,Food,Food,New York,City,We are developing a new food project for people who love great food.,1
4255,22,119,6190.04,2020-07-17,2020-08-07,21,AUD,AU,Photography,Nature,Perth,City,"A new nature project documenting people, places and memorable stories.",0
4256,14,110,1351.43,2018-01-28,2018-03-16,47,USD,US,Fashion,Footwear,New York,City,"A new footwear collection focused on creativity, quality and original ideas.",0
4257,25,126,9546.8,2020-12-05,2021-01-23,49,USD,US,Photography,Photobooks,Portland,City,"A new photobooks project documenting people, places and memorable stories.",1
4258,68,96,560.52,2020-02-05,2020-03-29,53,USD,US,Technology,Apps,Boston,City,Introducing a new apps project designed to make everyday work easier.,1
4259,58,110,33360.7,2021-02-25,2021-04-01,35,EUR,IT,Theater,Plays,Florence,Zip,A new plays production bringing an original story to the stage.,1
4260,47,96,15177.81,2018-03-29,2018-05-10,42,EUR,ES,Theater,Plays,Madrid,City,A new plays production bringing an original story to the stage.,0
4261,29,111,4742.44,2020-11-12,2020-12-28,46,GBP,GB,Games,Tabletop Games,Edinburgh,City,"A new tabletop games experience built for players, families and communities.",1
4262,28,117,5978.0,2020-02-06,2020-04-04,58,USD,US,Crafts,Woodworking,San Francisco,City,A new woodworking project making useful and creative handmade products.,1
4263,61,115,2461.13,2020-07-18,2020-08-17,30,USD,IN,Journalism,Print,Mumbai,City,A new print project focused on independent stories and community voices.,1
4264,35,97,11419.36,2018-11-13,2018-12-07,24,USD,US,Dance,Dance Training,New York,County,"A new dance training project combining movement, performance and original ideas.",1
4265,47,129,2578.95,2020-12-17,2021-01-23,37,USD,US,Publishing,Children's Books,New York,City,We are creating a new children's books book and bringing the project to readers.,1
4266,27,102,11329.21,2019-09-24,2019-10-23,29,USD,US,Fashion,Accessories,Los Angeles,Town,"A new accessories collection focused on creativity, quality and original ideas.",0
4267,31,101,20743.08,2021-02-13,2021-04-11,57,USD,US,Food,Food,Los Angeles,Suburb,We are developing a new food project for people who love great food.,0
4268,47,53,32866.31,2019-11-01,2019-11-21,20,USD,US,Design,Graphic Design,Boston,Town,We are creating a practical graphic design with a fresh and thoughtful design.,0
4269,24,82,23936.04,2018-01-14,2018-03-02,47,NZD,NZ,Crafts,DIY,Christchurch,City,A new diy project making useful and creative handmade products.,0
4270,40,134,7558.54,2020-06-14,2020-08-06,53,CAD,CA,Fashion,Footwear,Montreal,City,"A new footwear collection focused on creativity, quality and original ideas.",1
4271,24,132,23885.48,2021-01-24,2021-02-19,26,USD,US,Dance,Experimental,Boston,City,"A new experimental project combining movement, performance and original ideas.",1
4272,43,107,14795.69,2020-11-30,2021-01-19,50,EUR,IE,Games,Video Games,Cork,City,"A new video games experience built for players, families and communities.",1
4273,24,91,14606.63,2020-06-19,2020-08-03,45,USD,US,Publishing,Children's Books,Austin,County,We are creating a new children's books book and bringing the project to readers.,1
4274,61,113,2444.63,2019-12-05,2019-12-29,24,USD,US,Crafts,Woodworking,San Francisco,City,A new woodworking project making useful and creative handmade products.,1
4275,34,36,1733.35,2018-09-29,2018-11-16,48,CAD,CA,Dance,Experimental,Montreal,City,"A new experimental project combining movement, performance and original ideas.",1
4276,47,112,17898.88,2018-01-22,2018-03-18,55,CAD,CA,Film & Video,Webseries,Calgary,City,Help us bring this original webseries story to life for a wider audience.,1
4277,35,71,25501.37,2019-08-01,2019-08-25,24,USD,US,Film & Video,Short Film,Los Angeles,City,Help us bring this original short film story to life for a wider audience.,1
4278,27,105,4582.58,2021-01-13,2021-02-07,25,USD,US,Photography,Fine Art,New York,Suburb,"A new fine art project documenting people, places and memorable stories.",0
4279,44,114,74067.31,2020-09-23,2020-10-21,28,AUD,AU,Photography,Photobooks,Melbourne,Suburb,"A new photobooks project documenting people, places and memorable stories.",1
4280,52,98,370810.97,2018-11-09,2018-11-26,17,AUD,AU,Dance,Experimental,Perth,Town,"A new experimental project combining movement, performance and original ideas.",1
4281,13,130,181790.59,2020-12-14,2021-01-30,47,CAD,CA,Fashion,Footwear,Montreal,Suburb,"A new footwear collection focused on creativity, quality and original ideas.",1
4282,37,89,7937.53,2018-06-03,2018-06-24,21,USD,US,Photography,Photobooks,Los Angeles,City,"A new photobooks project documenting people, places and memorable stories.",1
4283,33,86,6133.41,2020-02-15,2020-03-04,18,USD,US,Publishing,Nonfiction,Los Angeles,Suburb,We are creating a new nonfiction book and bringing the project to readers.,0
4284,38,127,40629.52,2019-01-24,2019-03-18,53,USD,US,Crafts,Candles,San Francisco,Suburb,A new candles project making useful and creative handmade products.,1
4285,55,97,34368.7,2018-08-04,2018-08-28,24,USD,US,Fashion,Footwear,Seattle,City,"A new footwear collection focused on creativity, quality and original ideas.",1
4286,47,148,2137.22,2018-06-12,2018-07-11,29,DKK,DK,Photography,Nature,Aarhus,City,"A new nature project documenting people, places and memorable stories.",1
4287,52,108,8243.98,2020-06-03,2020-07-03,30,GBP,GB,Comics,Webcomics,Bristol,County,"A new webcomics project featuring original characters, artwork and storytelling.",1
4288,39,125,33458.72,2018-12-15,2019-02-05,52,USD,US,Food,Drinks,Portland,Suburb,We are developing a new drinks project for people who love great food.,0
4289,28,136,2991.22,2020-04-07,2020-04-25,18,EUR,FR,Comics,Webcomics,Paris,County,"A new webcomics project featuring original characters, artwork and storytelling.",1
4290,1,106,3783.69,2019-04-23,2019-05-11,18,GBP,GB,Music,Pop,Edinburgh,City,Support our new pop project and help us share the music with listeners.,1
4291,56,62,4781.22,2020-12-21,2021-02-09,50,USD,US,Film & Video,Short Film,Seattle,City,Help us bring this original short film story to life for a wider audience.,0
4292,1,127,6462.78,2020-12-13,2021-01-23,41,EUR,IT,Games,Video Games,Florence,City,"A new video games experience built for players, families and communities.",1
4293,59,144,1053.96,2020-11-30,2021-01-05,36,EUR,NL,Art,Illustration,Rotterdam,City,"A new illustration project exploring creative ideas, materials and visual storytelling.",1
4294,46,100,35125.76,2020-04-10,2020-05-16,36,AUD,AU,Food,Restaurants,Brisbane,City,We are developing a new restaurants project for people who love great food.,1
4295,65,138,3845.86,2018-03-12,2018-04-12,31,USD,US,Film & Video,Short Film,New York,County,Help us bring this original short film story to life for a wider audience.,1
4296,39,73,16421.49,2018-08-12,2018-10-10,59,CAD,CA,Fashion,Apparel,Montreal,City,"A new apparel collection focused on creativity, quality and original ideas.",0
4297,43,112,13905.62,2019-03-23,2019-05-10,48,EUR,FR,Fashion,Accessories,Toulouse,City,"A new accessories collection focused on creativity, quality and original ideas.",1
4298,32,99,2501.13,2018-04-28,2018-06-13,46,USD,US,Fashion,Footwear,New York,City,"A new footwear collection focused on creativity, quality and original ideas.",1
4299,36,61,776.71,2020-01-05,2020-01-25,20,USD,US,Games,Mobile Games,Chicago,City,"A new mobile games experience built for players, families and communities.",1
4300,24,120,13777.84,2020-12-26,2021-02-11,47,SEK,SE,Comics,Webcomics,Gothenburg,City,"A new webcomics project featuring original characters, artwork and storytelling.",1
4301,33,81,6107.36,2018-03-10,2018-04-01,22,USD,US,Art,Painting,Boston,County,"A new painting project exploring creative ideas, materials and visual storytelling.",1
4302,22,119,24310.73,2020-12-12,2021-01-31,50,EUR,DE,Publishing,Nonfiction,Berlin,LocalAdmin,We are creating a new nonfiction book and bringing the project to readers.,0
4303,36,78,42260.37,2019-09-22,2019-10-11,19,GBP,GB,Photography,Fine Art,Manchester,City,"A new fine art project documenting people, places and memorable stories.",1
4304,35,58,509.08,2020-08-10,2020-08-29,19,GBP,GB,Fashion,Apparel,London,Suburb,"A new apparel collection focused on creativity, quality and original ideas.",1
4305,35,87,8387.62,2018-12-31,2019-01-24,24,USD,US,Journalism,Print,Los Angeles,City,A new print project focused on independent stories and community voices.,1
4306,34,139,60317.32,2018-07-01,2018-08-24,54,EUR,IT,Music,Rock,Florence,City,Support our new rock project and help us share the music with listeners.,1
4307,26,103,111350.21,2020-01-24,2020-02-14,21,USD,US,Food,Restaurants,Boston,City,We are developing a new restaurants project for people who love great food.,1
4308,43,109,701.04,2018-03-19,2018-04-14,26,GBP,GB,Crafts,Woodworking,Bristol,Town,A new woodworking project making useful and creative handmade products.,1
4309,40,112,71554.61,2021-02-07,2021-03-23,44,AUD,AU,Photography,Nature,Sydney,Zip,"A new nature project documenting people, places and memorable stories.",0
4310,39,111,2509.73,2020-03-26,2020-05-04,39,EUR,DE,Journalism,Audio,Munich,City,A new audio project focused on independent stories and community voices.,1
4311,21,151,35841.65,2019-02-03,2019-03-17,42,NOK,NO,Art,Mixed Media,Bergen,City,"A new mixed media project exploring creative ideas, materials and visual storytelling.",0
4312,45,107,5124.83,2019-07-29,2019-09-24,57,GBP,GB,Games,Tabletop Games,Bristol,Suburb,"A new tabletop games experience built for players, families and communities.",1
4313,24,51,38178.58,2020-07-02,2020-07-29,27,USD,US,Publishing,Children's Books,New York,Town,We are creating a new children's books book and bringing the project to readers.,1
4314,27,97,6849.48,2018-06-01,2018-07-07,36,NOK,NO,Publishing,Fiction,Bergen,City,We are creating a new fiction book and bringing the project to readers.,1
4315,36,110,1290.79,2020-02-23,2020-03-26,32,AUD,AU,Art,Sculpture,Sydney,Suburb,"A new sculpture project exploring creative ideas, materials and visual storytelling.",1
4316,52,70,4872.88,2018-04-26,2018-06-06,41,USD,US,Crafts,Woodworking,New York,City,A new woodworking project making useful and creative handmade products.,0
4317,17,101,27721.06,2018-11-30,2018-12-22,22,USD,US,Food,Food,Boston,City,We are developing a new food project for people who love great food.,0
4318,20,101,6235.01,2020-11-05,2020-11-25,20,EUR,ES,Technology,Gadgets,Valencia,Zip,Introducing a new gadgets project designed to make everyday work easier.,1
4319,6,151,2273.75,2020-10-02,2020-10-27,25,USD,US,Crafts,Woodworking,Austin,City,A new woodworking project making useful and creative handmade products.,1
4320,43,88,1672.4,2020-07-09,2020-08-21,43,AUD,AU,Publishing,Nonfiction,Sydney,City,We are creating a new nonfiction book and bringing the project to readers.,1
4321,30,136,3422.57,2018-08-04,2018-09-28,55,GBP,GB,Dance,Dance Training,London,City,"A new dance training project combining movement, performance and original ideas.",1
4322,41,104,3376.98,2018-11-24,2018-12-13,19,USD,US,Food,Restaurants,Los Angeles,City,We are developing a new restaurants project for people who love great food.,1
4323,40,134,29222.04,2018-04-19,2018-05-10,21,CAD,CA,Art,Illustration,Toronto,Suburb,"A new illustration project exploring creative ideas, materials and visual storytelling.",1
4324,47,150,6502.52,2018-10-21,2018-11-26,36,USD,US,Publishing,Nonfiction,Boston,Suburb,We are creating a new nonfiction book and bringing the project to readers.,1
4325,35,119,7552.97,2019-10-17,2019-11-04,18,USD,US,Publishing,Children's Books,New York,City,We are creating a new children's books book and bringing the project to readers.,1
4326,24,106,9080.91,2020-03-01,2020-04-16,46,GBP,GB,Fashion,Accessories,Bristol,City,"A new accessories collection focused on creativity, quality and original ideas.",0
4327,38,142,27717.57,2019-10-21,2019-11-23,33,USD,US,Art,Illustration,Chicago,LocalAdmin,"A new illustration project exploring creative ideas, materials and visual storytelling.",0
4328,41,64,32217.73,2019-06-19,2019-08-17,59,EUR,DE,Technology,Gadgets,Cologne,City,Introducing a new gadgets project designed to make everyday work easier.,0
4329,30,113,5302.68,2019-02-13,2019-04-01,47,EUR,ES,Art,Mixed Media,Seville,Town,"A new mixed media project exploring creative ideas, materials and visual storytelling.",1
4330,36,71,7970.59,2020-04-26,2020-05-11,15,EUR,FR,Technology,Gadgets,Marseille,City,Introducing a new gadgets project designed to make everyday work easier.,1
4331,15,132,32484.24,2020-04-13,2020-06-12,60,USD,US,Food,Drinks,San Francisco,City,We are developing a new drinks project for people who love great food.,1
4332,16,111,4081.15,2020-04-10,2020-06-04,55,USD,US,Music,Hip-Hop,Austin,City,Support our new hip-hop project and help us share the music with listeners.,1
4333,10,106,5136.4,2018-06-02,2018-07-30,58,GBP,GB,Dance,Performances,Edinburgh,City,"A new performances project combining movement, performance and original ideas.",1
4334,39,97,32379.55,2019-12-04,2020-01-28,55,EUR,IE,Photography,Fine Art,Galway,City,"A new fine art project documenting people, places and memorable stories.",1
4335,46,128,4929.62,2020-01-25,2020-02-16,22,EUR,ES,Art,Illustration,Seville,City,"A new illustration project exploring creative ideas, materials and visual storytelling.",1
4336,14,54,17613.02,2020-11-29,2021-01-14,46,EUR,ES,Journalism,Audio,Barcelona,Town,A new audio project focused on independent stories and community voices.,1
4337,37,151,1037.14,2018-11-28,2019-01-11,44,USD,US,Film & Video,Documentary,Austin,City,Help us bring this original documentary story to life for a wider audience.,1
4338,42,104,29657.8,2019-11-01,2019-12-31,60,USD,US,Design,Graphic Design,Los Angeles,County,We are creating a practical graphic design with a fresh and thoughtful design.,1
4339,29,69,8789.72,2018-06-18,2018-07-30,42,GBP,GB,Design,Graphic Design,Edinburgh,Zip,We are creating a practical graphic design with a fresh and thoughtful design.,1
4340,59,29,22544.11,2019-04-21,2019-06-15,55,USD,US,Art,Sculpture,Los Angeles,City,"A new sculpture project exploring creative ideas, materials and visual storytelling.",1
4341,13,103,68030.87,2020-07-02,2020-08-17,46,USD,US,Technology,Hardware,San Francisco,Suburb,Introducing a new hardware project designed to make everyday work easier.,1
4342,29,115,7154.0,2018-05-12,2018-06-20,39,DKK,DK,Journalism,Investigative,Aarhus,LocalAdmin,A new investigative project focused on independent stories and community voices.,0
4343,1,117,1113.8,2020-03-20,2020-05-07,48,USD,US,Music,Rock,San Francisco,City,Support our new rock project and help us share the music with listeners.,1
4344,40,64,6848.22,2019-03-28,2019-05-14,47,USD,US,Fashion,Accessories,Los Angeles,County,"A new accessories collection focused on creativity, quality and original ideas.",0
4345,24,71,78845.14,2020-02-23,2020-03-21,27,USD,US,Technology,Apps,Chicago,LocalAdmin,Introducing a new apps project designed to make everyday work easier.,0
4346,5,149,15613.97,2018-07-10,2018-08-18,39,EUR,IE,Games,Video Games,Dublin,City,"A new video games experience built for players, families and communities.",0
4347,44,61,2304.86,2019-12-04,2020-01-29,56,CAD,CA,Games,Mobile Games,Toronto,Town,"A new mobile games experience built for players, families and communities.",0
4348,33,111,8887.01,2018-07-28,2018-09-20,54,AUD,AU,Food,Food,Brisbane,LocalAdmin,We are developing a new food project for people who love great food.,1
4349,30,96,25559.4,2020-08-22,2020-10-14,53,NZD,NZ,Design,Graphic Design,Christchurch,City,We are creating a practical graphic design with a fresh and thoughtful design.,1
4350,52,92,9878.9,2019-07-29,2019-09-25,58,USD,US,Art,Illustration,Boston,Town,"A new illustration project exploring creative ideas, materials and visual storytelling.",0
4351,23,100,9471.27,2018-08-20,2018-10-17,58,CAD,CA,Games,Video Games,Vancouver,City,"A new video games experience built for players, families and communities.",1
4352,45,92,3969.75,2021-03-27,2021-04-20,24,USD,US,Art,Illustration,Austin,City,"A new illustration project exploring creative ideas, materials and visual storytelling.",1
4353,47,91,4495.71,2019-09-02,2019-10-17,45,USD,US,Food,Restaurants,San Francisco,LocalAdmin,We are developing a new restaurants project for people who love great food.,1
4354,27,138,16940.69,2020-02-14,2020-04-12,58,EUR,ES,Design,Graphic Design,Madrid,City,We are creating a practical graphic design with a fresh and thoughtful design.,0
4355,35,96,25744.95,2020-11-06,2020-12-01,25,EUR,FR,Crafts,Woodworking,Paris,City,A new woodworking project making useful and creative handmade products.,0
4356,60,71,9173.11,2018-03-27,2018-05-05,39,USD,US,Music,Pop,Los Angeles,County,Support our new pop project and help us share the music with listeners.,1
4357,20,105,5580.52,2019-12-30,2020-02-28,60,USD,US,Film & Video,Webseries,Los Angeles,County,Help us bring this original webseries story to life for a wider audience.,1
4358,43,76,38755.29,2019-01-14,2019-03-14,59,GBP,GB,Film & Video,Webseries,Bristol,LocalAdmin,Help us bring this original webseries story to life for a wider audience.,1
4359,36,75,6222.62,2019-06-26,2019-08-13,48,USD,US,Games,Tabletop Games,Los Angeles,City,"A new tabletop games experience built for players, families and communities.",1
4360,54,151,18790.34,2020-08-10,2020-09-13,34,USD,US,Film & Video,Short Film,San Francisco,Zip,Help us bring this original short film story to life for a wider audience.,0
4361,34,103,27414.85,2018-07-04,2018-07-25,21,USD,US,Publishing,Nonfiction,Portland,City,We are creating a new nonfiction book and bringing the project to readers.,0
4362,45,70,1691.41,2018-05-13,2018-06-29,47,USD,US,Music,Pop,Los Angeles,County,Support our new pop project and help us share the music with listeners.,1
4363,11,105,14902.01,2021-02-10,2021-03-31,49,EUR,IT,Technology,Software,Turin,City,Introducing a new software project designed to make everyday work easier.,1
4364,3,110,183.38,2019-07-24,2019-09-05,43,USD,US,Crafts,Candles,Austin,Island,A new candles project making useful and creative handmade products.,1
4365,19,102,10239.33,2020-07-05,2020-07-31,26,USD,US,Music,Classical,New York,Suburb,Support our new classical project and help us share the music with listeners.,1
4366,28,93,29462.88,2021-02-15,2021-03-06,19,GBP,GB,Publishing,Nonfiction,Bristol,Town,We are creating a new nonfiction book and bringing the project to readers.,0
4367,30,66,20229.32,2019-05-16,2019-06-11,26,EUR,NL,Theater,Plays,Amsterdam,City,A new plays production bringing an original story to the stage.,0
4368,51,96,41467.63,2018-06-06,2018-07-19,43,USD,US,Technology,Hardware,Portland,LocalAdmin,Introducing a new hardware project designed to make everyday work easier.,0
4369,29,84,20658.18,2020-04-23,2020-06-11,49,USD,US,Publishing,Children's Books,Portland,County,We are creating a new children's books book and bringing the project to readers.,0
4370,35,104,5177.3,2019-04-26,2019-05-30,34,USD,US,Art,Illustration,New York,City,"A new illustration project exploring creative ideas, materials and visual storytelling.",0
4371,37,121,1104.2,2020-04-13,2020-06-03,51,EUR,DE,Food,Restaurants,Berlin,City,We are developing a new restaurants project for people who love great food.,1
4372,26,151,14300.49,2019-06-19,2019-07-04,15,GBP,GB,Photography,Photobooks,Manchester,LocalAdmin,"A new photobooks project documenting people, places and memorable stories.",1
4373,35,131,25205.28,2020-04-25,2020-05-25,30,EUR,IT,Crafts,DIY,Florence,City,A new diy project making useful and creative handmade products.,0
4374,51,27,787.18,2019-11-07,2019-12-21,44,NOK,NO,Photography,Photobooks,Bergen,City,"A new photobooks project documenting people, places and memorable stories.",1
4375,39,115,22442.34,2019-11-06,2019-11-29,23,EUR,FR,Food,Food,Marseille,Suburb,We are developing a new food project for people who love great food.,0
4376,44,151,13748.13,2020-11-30,2021-01-25,56,CAD,CA,Food,Food,Calgary,Town,We are developing a new food project for people who love great food.,1
4377,40,104,6818.55,2019-03-02,2019-03-26,24,GBP,GB,Publishing,Nonfiction,Manchester,City,We are creating a new nonfiction book and bringing the project to readers.,1
4378,60,151,23725.2,2020-10-17,2020-11-13,27,USD,US,Design,Graphic Design,New York,City,We are creating a practical graphic design with a fresh and thoughtful design.,1
4379,19,75,7830.87,2018-04-21,2018-05-25,34,USD,IN,Publishing,Nonfiction,Hyderabad,Suburb,We are creating a new nonfiction book and bringing the project to readers.,1
4380,73,82,7090.33,2019-11-30,2020-01-12,43,USD,US,Photography,Nature,Austin,Town,"A new nature project documenting people, places and memorable stories.",0
4381,50,103,1672.65,2020-03-11,2020-03-29,18,USD,US,Publishing,Nonfiction,San Francisco,City,We are creating a new nonfiction book and bringing the project to readers.,1
4382,53,104,22471.1,2020-12-04,2021-02-02,60,AUD,AU,Art,Illustration,Melbourne,Town,"A new illustration project exploring creative ideas, materials and visual storytelling.",0
4383,55,133,1584.84,2020-07-05,2020-08-16,42,USD,US,Publishing,Children's Books,Seattle,City,We are creating a new children's books book and bringing the project to readers.,0
4384,51,108,4156.0,2020-06-03,2020-07-24,51,CAD,CA,Journalism,Investigative,Vancouver,City,A new investigative project focused on independent stories and community voices.,0
4385,16,105,24322.02,2018-04-30,2018-05-27,27,CAD,CA,Film & Video,Feature Film,Calgary,City,Help us bring this original feature film story to life for a wider audience.,0
4386,18,151,9256.3,2018-04-25,2018-05-12,17,GBP,GB,Photography,Photobooks,Bristol,City,"A new photobooks project documenting people, places and memorable stories.",1
4387,45,85,169690.87,2020-10-15,2020-12-05,51,EUR,ES,Journalism,Print,Valencia,City,A new print project focused on independent stories and community voices.,1
4388,44,147,30079.25,2019-12-08,2020-01-10,33,USD,US,Design,Graphic Design,Austin,City,We are creating a practical graphic design with a fresh and thoughtful design.,1
4389,48,120,38454.61,2020-03-01,2020-04-12,42,GBP,GB,Food,Food,London,City,We are developing a new food project for people who love great food.,1
4390,36,97,45083.3,2020-04-22,2020-05-25,33,GBP,GB,Games,Video Games,London,Zip,"A new video games experience built for players, families and communities.",1
4391,15,116,8255.49,2019-05-03,2019-06-03,31,AUD,AU,Music,Rock,Sydney,City,Support our new rock project and help us share the music with listeners.,1
4392,33,83,5262.26,2018-03-09,2018-04-10,32,EUR,FR,Technology,Software,Marseille,Suburb,Introducing a new software project designed to make everyday work easier.,1
4393,46,111,1828.41,2019-02-22,2019-03-26,32,USD,US,Film & Video,Short Film,Boston,Zip,Help us bring this original short film story to life for a wider audience.,1
4394,31,108,1260.93,2020-03-27,2020-05-03,37,AUD,AU,Technology,Software,Sydney,City,Introducing a new software project designed to make everyday work easier.,1
4395,35,122,71047.35,2019-02-12,2019-04-07,54,USD,US,Publishing,Nonfiction,Boston,City,We are creating a new nonfiction book and bringing the project to readers.,1
4396,35,104,4574.43,2018-03-25,2018-04-17,23,EUR,IE,Theater,Plays,Dublin,City,A new plays production bringing an original story to the stage.,1
4397,27,151,47965.09,2020-05-19,2020-07-01,43,USD,US,Film & Video,Webseries,New York,City,Help us bring this original webseries story to life for a wider audience.,0
4398,23,82,1225.69,2020-02-13,2020-04-09,56,EUR,DE,Art,Sculpture,Berlin,City,"A new sculpture project exploring creative ideas, materials and visual storytelling.",1
4399,67,87,9041.25,2019-04-02,2019-05-15,43,USD,US,Theater,Plays,Los Angeles,City,A new plays production bringing an original story to the stage.,1
4400,58,115,85613.79,2020-04-29,2020-05-15,16,USD,US,Dance,Dance Training,Boston,County,"A new dance training project combining movement, performance and original ideas.",0
4401,51,84,18125.65,2020-06-03,2020-07-04,31,GBP,GB,Comics,Comic Books,Manchester,County,"A new comic books project featuring original characters, artwork and storytelling.",1
4402,41,128,18883.51,2019-07-31,2019-09-28,59,EUR,NL,Comics,Webcomics,Utrecht,City,"A new webcomics project featuring original characters, artwork and storytelling.",1
4403,20,147,4836.28,2020-12-27,2021-02-10,45,GBP,GB,Comics,Webcomics,Edinburgh,City,"A new webcomics project featuring original characters, artwork and storytelling.",1
4404,48,92,2961.58,2020-07-12,2020-08-23,42,EUR,IE,Dance,Experimental,Galway,City,"A new experimental project combining movement, performance and original ideas.",1
4405,52,111,11192.16,2018-08-26,2018-10-22,57,GBP,GB,Technology,Hardware,Edinburgh,City,Introducing a new hardware project designed to make everyday work easier.,1
4406,30,128,2096.17,2018-09-16,2018-11-08,53,GBP,GB,Art,Sculpture,Bristol,City,"A new sculpture project exploring creative ideas, materials and visual storytelling.",1
4407,19,134,10158.87,2019-08-21,2019-10-04,44,USD,US,Theater,Experimental Theater,Boston,City,A new experimental theater production bringing an original story to the stage.,1
4408,41,151,54917.02,2018-07-27,2018-09-14,49,EUR,IT,Dance,Dance Training,Florence,Zip,"A new dance training project combining movement, performance and original ideas.",0
4409,51,67,1683.67,2020-01-07,2020-02-10,34,USD,US,Comics,Graphic Novels,Seattle,City,"A new graphic novels project featuring original characters, artwork and storytelling.",1
4410,25,151,32468.93,2018-04-01,2018-05-01,30,SEK,SE,Design,Product Design,Gothenburg,City,We are creating a practical product design with a fresh and thoughtful design.,1
4411,43,89,56180.33,2020-05-20,2020-07-07,48,NZD,NZ,Crafts,Crochet,Auckland,LocalAdmin,A new crochet project making useful and creative handmade products.,1
4412,21,90,8016.84,2019-08-29,2019-09-26,28,DKK,DK,Theater,Musicals,Copenhagen,City,A new musicals production bringing an original story to the stage.,0
4413,18,112,12636.88,2020-01-01,2020-02-10,40,GBP,GB,Photography,Nature,Manchester,City,"A new nature project documenting people, places and memorable stories.",1
4414,38,110,5707.07,2020-08-07,2020-09-10,34,AUD,AU,Food,Food,Sydney,City,We are developing a new food project for people who love great food.,0
4415,23,146,7421.21,2018-06-07,2018-08-02,56,EUR,FR,Dance,Performances,Lyon,City,"A new performances project combining movement, performance and original ideas.",0
4416,41,64,42648.54,2018-02-09,2018-03-19,38,USD,US,Art,Sculpture,Chicago,Suburb,"A new sculpture project exploring creative ideas, materials and visual storytelling.",1
4417,11,19,36916.26,2020-06-02,2020-07-29,57,CAD,CA,Art,Mixed Media,Vancouver,City,"A new mixed media project exploring creative ideas, materials and visual storytelling.",0
4418,22,151,22081.29,2019-09-26,2019-10-28,32,USD,US,Photography,Fine Art,Boston,Town,"A new fine art project documenting people, places and memorable stories.",1
4419,50,65,30789.77,2019-06-15,2019-08-11,57,GBP,GB,Journalism,Audio,Edinburgh,City,A new audio project focused on independent stories and community voices.,0
4420,45,138,16361.81,2018-12-10,2019-01-02,23,USD,US,Crafts,Woodworking,Seattle,County,A new woodworking project making useful and creative handmade products.,0
4421,41,150,1791.87,2020-04-03,2020-05-06,33,USD,US,Theater,Experimental Theater,San Francisco,City,A new experimental theater production bringing an original story to the stage.,1
4422,28,142,62433.54,2020-09-26,2020-10-30,34,USD,US,Games,Tabletop Games,Austin,County,"A new tabletop games experience built for players, families and communities.",0
4423,35,123,3004.15,2018-11-12,2019-01-07,56,USD,US,Film & Video,Feature Film,Austin,Suburb,Help us bring this original feature film story to life for a wider audience.,0
4424,32,130,10274.75,2020-07-30,2020-09-12,44,CAD,CA,Comics,Webcomics,Calgary,City,"A new webcomics project featuring original characters, artwork and storytelling.",0
4425,70,92,45035.24,2020-08-07,2020-09-16,40,USD,US,Theater,Musicals,Austin,City,A new musicals production bringing an original story to the stage.,1
4426,40,51,1367.51,2019-07-29,2019-09-12,45,GBP,GB,Publishing,Fiction,London,County,We are creating a new fiction book and bringing the project to readers.,0
4427,24,98,31593.08,2018-01-23,2018-03-13,49,USD,US,Games,Tabletop Games,New York,City,"A new tabletop games experience built for players, families and communities.",0
4428,34,92,1891.04,2020-06-04,2020-06-21,17,CAD,CA,Journalism,Print,Toronto,City,A new print project focused on independent stories and community voices.,1
4429,10,80,30167.22,2020-09-08,2020-11-01,54,CAD,CA,Comics,Webcomics,Calgary,City,"A new webcomics project featuring original characters, artwork and storytelling.",1
4430,6,109,77404.27,2020-07-05,2020-08-17,43,GBP,GB,Crafts,Woodworking,London,City,A new woodworking project making useful and creative handmade products.,1
4431,57,50,3825.69,2019-08-19,2019-09-08,20,EUR,DE,Music,Classical,Cologne,Town,Support our new classical project and help us share the music with listeners.,1
4432,39,146,3127.18,2020-08-10,2020-08-25,15,USD,US,Publishing,Fiction,New York,Suburb,We are creating a new fiction book and bringing the project to readers.,1
4433,28,106,13501.0,2021-02-13,2021-03-23,38,EUR,FR,Journalism,Print,Paris,Suburb,A new print project focused on independent stories and community voices.,1
4434,35,93,2978.58,2018-03-12,2018-05-03,52,USD,US,Technology,Apps,Seattle,Town,Introducing a new apps project designed to make everyday work easier.,1
4435,33,99,410.74,2018-05-26,2018-07-13,48,GBP,GB,Comics,Comic Books,London,County,"A new comic books project featuring original characters, artwork and storytelling.",1
4436,36,103,11538.43,2020-02-09,2020-03-01,21,AUD,AU,Crafts,Crochet,Melbourne,County,A new crochet project making useful and creative handmade products.,1
4437,52,77,20172.91,2018-06-13,2018-07-08,25,USD,US,Fashion,Accessories,New York,City,"A new accessories collection focused on creativity, quality and original ideas.",1
4438,43,77,7212.26,2020-05-31,2020-06-25,25,AUD,AU,Games,Video Games,Sydney,City,"A new video games experience built for players, families and communities.",1
4439,29,69,14299.01,2018-08-18,2018-10-07,50,CAD,CA,Games,Mobile Games,Vancouver,Suburb,"A new mobile games experience built for players, families and communities.",1
4440,9,65,60987.6,2020-08-09,2020-09-12,34,USD,US,Film & Video,Documentary,Chicago,City,Help us bring this original documentary story to life for a wider audience.,0
4441,20,82,6890.96,2018-11-29,2018-12-29,30,USD,US,Photography,Photobooks,Chicago,LocalAdmin,"A new photobooks project documenting people, places and memorable stories.",1
4442,46,104,8445.46,2019-12-12,2019-12-31,19,USD,US,Crafts,Crochet,Los Angeles,City,A new crochet project making useful and creative handmade products.,1
4443,58,141,11638.45,2018-11-25,2019-01-02,38,EUR,IE,Dance,Performances,Galway,LocalAdmin,"A new performances project combining movement, performance and original ideas.",1
4444,22,61,7376.15,2019-02-04,2019-03-20,44,AUD,AU,Fashion,Accessories,Sydney,City,"A new accessories collection focused on creativity, quality and original ideas.",1
4445,20,135,7379.1,2019-03-28,2019-05-11,44,USD,US,Music,Hip-Hop,San Francisco,City,Support our new hip-hop project and help us share the music with listeners.,1
4446,29,60,169567.37,2021-02-07,2021-04-01,53,USD,US,Design,Product Design,San Francisco,City,We are creating a practical product design with a fresh and thoughtful design.,0
4447,62,111,14582.07,2018-03-08,2018-04-28,51,CAD,CA,Comics,Webcomics,Toronto,City,"A new webcomics project featuring original characters, artwork and storytelling.",1
4448,37,62,7574.99,2020-01-24,2020-03-11,47,EUR,ES,Publishing,Children's Books,Madrid,County,We are creating a new children's books book and bringing the project to readers.,0
4449,24,70,102572.84,2020-02-15,2020-03-20,34,USD,US,Fashion,Apparel,Portland,LocalAdmin,"A new apparel collection focused on creativity, quality and original ideas.",1
4450,30,117,64538.8,2018-01-14,2018-02-19,36,USD,US,Crafts,Candles,Boston,Suburb,A new candles project making useful and creative handmade products.,1
4451,27,117,31580.04,2021-02-21,2021-04-17,55,SEK,SE,Technology,Hardware,Stockholm,City,Introducing a new hardware project designed to make everyday work easier.,1
4452,46,130,4663.98,2018-05-04,2018-06-08,35,USD,US,Food,Drinks,Los Angeles,City,We are developing a new drinks project for people who love great food.,1
4453,64,80,828873.84,2020-07-10,2020-08-30,51,USD,US,Comics,Graphic Novels,Los Angeles,City,"A new graphic novels project featuring original characters, artwork and storytelling.",0
4454,37,138,1059.68,2018-03-09,2018-04-19,41,NOK,NO,Art,Sculpture,Oslo,City,"A new sculpture project exploring creative ideas, materials and visual storytelling.",0
4455,51,151,758.85,2018-12-27,2019-02-17,52,CAD,CA,Games,Video Games,Vancouver,City,"A new video games experience built for players, families and communities.",1
4456,15,115,21723.73,2018-11-09,2018-12-28,49,USD,US,Technology,Hardware,San Francisco,Town,Introducing a new hardware project designed to make everyday work easier.,1
4457,70,54,6901.17,2018-08-08,2018-09-29,52,USD,US,Photography,Fine Art,San Francisco,LocalAdmin,"A new fine art project documenting people, places and memorable stories.",1
4458,15,50,258.06,2018-07-01,2018-08-24,54,USD,US,Crafts,Crochet,Boston,City,A new crochet project making useful and creative handmade products.,1
4459,53,113,9647.41,2019-05-01,2019-05-21,20,USD,US,Music,Classical,Seattle,Suburb,Support our new classical project and help us share the music with listeners.,0
4460,40,91,13560.56,2020-11-10,2020-12-26,46,EUR,NL,Art,Painting,Rotterdam,City,"A new painting project exploring creative ideas, materials and visual storytelling.",1
4461,16,78,9245.3,2020-06-04,2020-07-04,30,USD,US,Film & Video,Feature Film,Portland,County,Help us bring this original feature film story to life for a wider audience.,1
4462,48,103,19170.11,2019-02-01,2019-03-15,42,EUR,DE,Publishing,Children's Books,Berlin,Suburb,We are creating a new children's books book and bringing the project to readers.,0
4463,35,97,5793.57,2019-01-23,2019-02-22,30,NZD,NZ,Theater,Plays,Auckland,Suburb,A new plays production bringing an original story to the stage.,1
4464,21,103,9679.65,2020-09-11,2020-10-22,41,USD,US,Journalism,Print,Seattle,City,A new print project focused on independent stories and community voices.,1
4465,35,82,91150.21,2018-09-21,2018-10-08,17,USD,US,Design,Product Design,Austin,County,We are creating a practical product design with a fresh and thoughtful design.,1
4466,10,151,53042.86,2020-04-22,2020-05-27,35,GBP,GB,Design,Product Design,London,Town,We are creating a practical product design with a fresh and thoughtful design.,1
4467,28,75,8684.53,2018-06-24,2018-08-15,52,NZD,NZ,Technology,Apps,Auckland,City,Introducing a new apps project designed to make everyday work easier.,1
4468,21,100,28068.85,2020-12-17,2021-02-07,52,EUR,IT,Art,Mixed Media,Turin,Zip,"A new mixed media project exploring creative ideas, materials and visual storytelling.",0
4469,32,47,46480.18,2018-06-26,2018-08-09,44,USD,US,Theater,Musicals,San Francisco,Island,A new musicals production bringing an original story to the stage.,1
4470,9,73,2805.82,2019-11-13,2019-12-19,36,AUD,AU,Theater,Experimental Theater,Perth,Town,A new experimental theater production bringing an original story to the stage.,1
4471,8,69,20026.51,2020-02-17,2020-03-21,33,CAD,CA,Games,Mobile Games,Toronto,City,"A new mobile games experience built for players, families and communities.",1
4472,22,92,15290.05,2019-05-27,2019-07-11,45,NZD,NZ,Film & Video,Webseries,Auckland,City,Help us bring this original webseries story to life for a wider audience.,0
4473,34,101,33256.0,2018-05-17,2018-06-20,34,USD,US,Food,Drinks,Austin,Suburb,We are developing a new drinks project for people who love great food.,0
4474,20,95,2778.03,2019-10-12,2019-11-14,33,GBP,GB,Games,Video Games,Edinburgh,Suburb,"A new video games experience built for players, families and communities.",1
4475,42,92,11380.63,2018-07-04,2018-07-20,16,EUR,NL,Fashion,Footwear,Utrecht,Town,"A new footwear collection focused on creativity, quality and original ideas.",1
4476,46,114,3727.42,2019-05-11,2019-07-04,54,USD,US,Photography,Nature,San Francisco,County,"A new nature project documenting people, places and memorable stories.",1
4477,22,117,20076.89,2018-10-14,2018-12-06,53,GBP,GB,Design,Graphic Design,Manchester,City,We are creating a practical graphic design with a fresh and thoughtful design.,0
4478,56,37,3339.53,2020-11-09,2020-12-20,41,USD,US,Fashion,Footwear,Portland,Zip,"A new footwear collection focused on creativity, quality and original ideas.",1
4479,30,140,5153.54,2018-05-30,2018-06-21,22,USD,US,Music,Hip-Hop,San Francisco,LocalAdmin,Support our new hip-hop project and help us share the music with listeners.,1
4480,62,116,14512.29,2019-09-03,2019-11-01,59,USD,US,Comics,Graphic Novels,Austin,City,"A new graphic novels project featuring original characters, artwork and storytelling.",1
4481,31,49,2794.14,2020-09-21,2020-11-01,41,DKK,DK,Dance,Dance Training,Aarhus,City,"A new dance training project combining movement, performance and original ideas.",0
4482,18,135,980.62,2019-02-12,2019-03-13,29,USD,US,Crafts,Woodworking,Austin,City,A new woodworking project making useful and creative handmade products.,1
4483,53,139,60077.25,2018-07-04,2018-07-30,26,GBP,GB,Publishing,Fiction,London,City,We are creating a new fiction book and bringing the project to readers.,1
4484,19,48,4426.59,2021-02-22,2021-03-22,28,AUD,AU,Film & Video,Short Film,Brisbane,LocalAdmin,Help us bring this original short film story to life for a wider audience.,0
4485,52,99,1370.61,2019-12-30,2020-01-20,21,USD,US,Games,Video Games,Austin,City,"A new video games experience built for players, families and communities.",1
4486,37,116,2152.32,2019-06-18,2019-07-19,31,GBP,GB,Design,Product Design,London,City,We are creating a practical product design with a fresh and thoughtful design.,1
4487,27,140,10280.92,2018-02-01,2018-03-13,40,EUR,DE,Fashion,Footwear,Munich,LocalAdmin,"A new footwear collection focused on creativity, quality and original ideas.",1
4488,23,123,138294.17,2020-01-21,2020-03-12,51,EUR,NL,Journalism,Investigative,Utrecht,Town,A new investigative project focused on independent stories and community voices.,0
4489,34,91,9663.61,2019-04-28,2019-06-01,34,CAD,CA,Technology,Hardware,Calgary,City,Introducing a new hardware project designed to make everyday work easier.,0
4490,45,76,29617.2,2020-06-04,2020-06-28,24,AUD,AU,Photography,Fine Art,Brisbane,City,"A new fine art project documenting people, places and memorable stories.",0
4491,34,64,6615.39,2019-10-14,2019-11-16,33,USD,US,Photography,Photobooks,Austin,Suburb,"A new photobooks project documenting people, places and memorable stories.",1
4492,57,80,16006.29,2020-08-21,2020-09-22,32,DKK,DK,Comics,Webcomics,Aarhus,County,"A new webcomics project featuring original characters, artwork and storytelling.",1
4493,17,124,8710.52,2020-12-16,2021-01-29,44,USD,US,Crafts,Woodworking,Boston,City,A new woodworking project making useful and creative handmade products.,0
4494,34,136,29036.21,2019-07-03,2019-08-16,44,EUR,FR,Crafts,Crochet,Marseille,Suburb,A new crochet project making useful and creative handmade products.,1
4495,52,97,2073.87,2019-03-02,2019-04-10,39,USD,US,Photography,Photobooks,Portland,LocalAdmin,"A new photobooks project documenting people, places and memorable stories.",1
4496,17,141,13483.55,2020-09-11,2020-10-19,38,EUR,IE,Photography,Fine Art,Galway,LocalAdmin,"A new fine art project documenting people, places and memorable stories.",1
4497,51,120,15228.03,2019-10-10,2019-11-03,24,EUR,DE,Theater,Experimental Theater,Munich,City,A new experimental theater production bringing an original story to the stage.,0
4498,35,151,22166.25,2019-09-05,2019-09-21,16,EUR,DE,Games,Tabletop Games,Berlin,City,"A new tabletop games experience built for players, families and communities.",1
4499,37,53,1490.21,2019-03-10,2019-05-01,52,USD,US,Theater,Musicals,Chicago,Suburb,A new musicals production bringing an original story to the stage.,1
4500,30,101,5738.4,2018-11-18,2019-01-03,46,USD,US,Film & Video,Short Film,Austin,County,Help us bring this original short film story to life for a wider audience.,1
4501,17,114,30461.61,2018-07-12,2018-08-30,49,CAD,CA,Food,Food,Vancouver,City,We are developing a new food project for people who love great food.,0
4502,34,151,17029.4,2021-02-25,2021-04-17,51,EUR,FR,Music,Hip-Hop,Marseille,City,Support our new hip-hop project and help us share the music with listeners.,1
4503,27,64,176327.23,2019-04-11,2019-05-02,21,USD,US,Journalism,Investigative,Boston,City,A new investigative project focused on independent stories and community voices.,0
4504,58,79,5282.51,2019-06-05,2019-06-26,21,USD,IN,Music,Classical,Mumbai,Suburb,Support our new classical project and help us share the music with listeners.,1
4505,43,110,551.41,2019-01-19,2019-03-01,41,SEK,SE,Games,Video Games,Malmo,City,"A new video games experience built for players, families and communities.",1
4506,36,71,5824.64,2019-12-05,2019-12-29,24,USD,US,Fashion,Footwear,Austin,Suburb,"A new footwear collection focused on creativity, quality and original ideas.",1
4507,55,101,193.75,2018-07-25,2018-09-10,47,EUR,IT,Dance,Experimental,Milan,City,"A new experimental project combining movement, performance and original ideas.",1
4508,34,59,35631.81,2018-10-19,2018-12-15,57,GBP,GB,Photography,Photobooks,Edinburgh,City,"A new photobooks project documenting people, places and memorable stories.",1
4509,46,144,11941.04,2019-02-27,2019-03-20,21,GBP,GB,Art,Mixed Media,Edinburgh,City,"A new mixed media project exploring creative ideas, materials and visual storytelling.",1
4510,52,151,22248.64,2019-06-06,2019-06-26,20,USD,US,Food,Food,Boston,City,We are developing a new food project for people who love great food.,1
4511,31,151,28480.07,2020-11-30,2020-12-20,20,CAD,CA,Film & Video,Short Film,Vancouver,City,Help us bring this original short film story to life for a wider audience.,0
4512,42,113,60147.24,2021-02-12,2021-03-11,27,EUR,DE,Comics,Webcomics,Munich,Zip,"A new webcomics project featuring original characters, artwork and storytelling.",1
4513,28,113,216.29,2020-07-23,2020-08-19,27,USD,US,Food,Food,Austin,City,We are developing a new food project for people who love great food.,1
4514,52,108,506.52,2018-10-25,2018-11-10,16,CAD,CA,Photography,Fine Art,Vancouver,City,"A new fine art project documenting people, places and memorable stories.",1
4515,35,134,3721.12,2019-01-07,2019-02-09,33,AUD,AU,Design,Graphic Design,Melbourne,Town,We are creating a practical graphic design with a fresh and thoughtful design.,0
4516,56,146,7492.22,2020-03-19,2020-04-21,33,EUR,DE,Film & Video,Feature Film,Munich,City,Help us bring this original feature film story to life for a wider audience.,1
4517,38,129,16350.18,2020-03-08,2020-04-29,52,USD,US,Dance,Experimental,Los Angeles,City,"A new experimental project combining movement, performance and original ideas.",1
4518,73,115,14561.16,2020-02-01,2020-02-17,16,EUR,NL,Design,Architecture,Utrecht,Suburb,We are creating a practical architecture with a fresh and thoughtful design.,1
4519,24,129,15754.56,2019-06-05,2019-07-15,40,GBP,GB,Food,Restaurants,Manchester,City,We are developing a new restaurants project for people who love great food.,1
4520,48,108,1064.17,2019-02-22,2019-03-14,20,USD,US,Art,Mixed Media,Austin,Town,"A new mixed media project exploring creative ideas, materials and visual storytelling.",1
4521,34,68,3500.67,2020-02-02,2020-03-07,34,USD,US,Art,Illustration,San Francisco,City,"A new illustration project exploring creative ideas, materials and visual storytelling.",1
4522,32,90,7280.17,2018-12-02,2019-01-08,37,GBP,GB,Theater,Plays,London,City,A new plays production bringing an original story to the stage.,1
4523,7,114,9500.32,2018-02-26,2018-03-27,29,SEK,SE,Dance,Experimental,Malmo,City,"A new experimental project combining movement, performance and original ideas.",1
4524,36,82,5524.66,2020-08-14,2020-09-03,20,USD,US,Crafts,Woodworking,Chicago,Town,A new woodworking project making useful and creative handmade products.,0
4525,20,80,17798.91,2018-07-22,2018-09-02,42,EUR,DE,Publishing,Nonfiction,Berlin,LocalAdmin,We are creating a new nonfiction book and bringing the project to readers.,0
4526,30,127,2046.24,2018-04-02,2018-05-21,49,USD,US,Journalism,Audio,San Francisco,City,A new audio project focused on independent stories and community voices.,1
4527,21,128,5679.7,2019-04-10,2019-05-05,25,GBP,GB,Photography,Nature,Edinburgh,LocalAdmin,"A new nature project documenting people, places and memorable stories.",1
4528,23,117,26167.54,2018-08-13,2018-09-04,22,USD,IN,Comics,Webcomics,Hyderabad,City,"A new webcomics project featuring original characters, artwork and storytelling.",1
4529,19,93,16474.57,2018-10-16,2018-11-23,38,EUR,FR,Photography,Photobooks,Toulouse,City,"A new photobooks project documenting people, places and memorable stories.",0
4530,19,98,6727.33,2018-04-01,2018-05-06,35,USD,US,Crafts,DIY,Seattle,City,A new diy project making useful and creative handmade products.,0
4531,11,129,6968.22,2021-01-07,2021-02-26,50,GBP,GB,Music,Rock,London,City,Support our new rock project and help us share the music with listeners.,0
4532,41,81,5737.26,2019-02-25,2019-03-18,21,USD,US,Theater,Musicals,Chicago,City,A new musicals production bringing an original story to the stage.,1
4533,35,64,7139.16,2020-06-06,2020-06-25,19,USD,US,Theater,Musicals,San Francisco,Town,A new musicals production bringing an original story to the stage.,1
4534,46,123,5495.96,2020-06-27,2020-08-09,43,EUR,FR,Music,Pop,Toulouse,City,Support our new pop project and help us share the music with listeners.,1
4535,29,104,6821.49,2018-05-25,2018-06-24,30,EUR,FR,Technology,Apps,Lyon,Town,Introducing a new apps project designed to make everyday work easier.,1
4536,25,147,18977.29,2018-02-28,2018-03-20,20,USD,US,Music,Pop,San Francisco,Suburb,Support our new pop project and help us share the music with listeners.,1
4537,34,76,18373.75,2019-10-10,2019-11-07,28,EUR,IE,Art,Painting,Galway,LocalAdmin,"A new painting project exploring creative ideas, materials and visual storytelling.",1
4538,46,140,1568.1,2019-04-29,2019-05-15,16,CAD,CA,Art,Illustration,Calgary,City,"A new illustration project exploring creative ideas, materials and visual storytelling.",1
4539,39,90,192893.81,2019-06-15,2019-07-24,39,USD,US,Fashion,Apparel,Los Angeles,City,"A new apparel collection focused on creativity, quality and original ideas.",0
4540,35,131,5170.72,2020-04-07,2020-05-22,45,GBP,GB,Design,Graphic Design,Edinburgh,Town,We are creating a practical graphic design with a fresh and thoughtful design.,1
4541,45,69,24820.51,2019-06-02,2019-06-29,27,CAD,CA,Food,Restaurants,Toronto,City,We are developing a new restaurants project for people who love great food.,1
4542,35,60,2279.23,2020-12-15,2021-01-16,32,GBP,GB,Comics,Comic Books,Bristol,City,"A new comic books project featuring original characters, artwork and storytelling.",1
4543,26,119,115821.95,2018-01-21,2018-02-21,31,GBP,GB,Dance,Performances,Manchester,Town,"A new performances project combining movement, performance and original ideas.",0
4544,49,100,27635.59,2018-04-10,2018-06-08,59,GBP,GB,Food,Drinks,Manchester,City,We are developing a new drinks project for people who love great food.,1
4545,16,113,21709.26,2018-02-04,2018-03-18,42,USD,US,Photography,Photobooks,Seattle,LocalAdmin,"A new photobooks project documenting people, places and memorable stories.",1
4546,14,79,9094.13,2018-11-09,2018-12-05,26,EUR,IT,Fashion,Apparel,Florence,Zip,"A new apparel collection focused on creativity, quality and original ideas.",1
4547,35,118,692.68,2018-10-21,2018-12-09,49,GBP,GB,Art,Illustration,Edinburgh,LocalAdmin,"A new illustration project exploring creative ideas, materials and visual storytelling.",0
4548,36,146,157950.29,2020-08-09,2020-09-14,36,USD,US,Theater,Plays,Chicago,Zip,A new plays production bringing an original story to the stage.,1
4549,38,141,45065.95,2018-10-07,2018-11-29,53,EUR,FR,Dance,Performances,Marseille,Suburb,"A new performances project combining movement, performance and original ideas.",1
4550,30,88,7290.81,2020-08-03,2020-08-18,15,EUR,IE,Art,Mixed Media,Galway,City,"A new mixed media project exploring creative ideas, materials and visual storytelling.",0
4551,55,70,25196.8,2018-01-11,2018-03-03,51,DKK,DK,Publishing,Children's Books,Odense,City,We are creating a new children's books book and bringing the project to readers.,0
4552,13,108,1573.74,2019-01-24,2019-02-28,35,USD,US,Comics,Graphic Novels,Chicago,Suburb,"A new graphic novels project featuring original characters, artwork and storytelling.",1
4553,37,133,624.85,2020-07-23,2020-08-07,15,USD,US,Design,Architecture,Portland,City,We are creating a practical architecture with a fresh and thoughtful design.,1
4554,46,57,12309.85,2018-09-19,2018-10-07,18,GBP,GB,Technology,Hardware,London,City,Introducing a new hardware project designed to make everyday work easier.,1
4555,56,126,3485.99,2019-06-29,2019-08-14,46,USD,US,Food,Drinks,Boston,City,We are developing a new drinks project for people who love great food.,1
4556,55,151,5679.51,2020-07-03,2020-07-18,15,EUR,IE,Food,Restaurants,Dublin,City,We are developing a new restaurants project for people who love great food.,1
4557,19,127,11058.81,2018-06-12,2018-07-09,27,USD,US,Music,Hip-Hop,Austin,City,Support our new hip-hop project and help us share the music with listeners.,0
4558,40,61,1905.28,2019-06-08,2019-08-07,60,USD,US,Crafts,DIY,Boston,City,A new diy project making useful and creative handmade products.,1
4559,32,74,10597.43,2020-02-04,2020-03-06,31,USD,US,Music,Classical,Boston,Town,Support our new classical project and help us share the music with listeners.,0
4560,35,87,2167.29,2019-04-21,2019-05-17,26,USD,US,Publishing,Nonfiction,San Francisco,City,We are creating a new nonfiction book and bringing the project to readers.,1
4561,52,104,57641.27,2019-01-03,2019-01-24,21,EUR,FR,Dance,Dance Training,Lyon,LocalAdmin,"A new dance training project combining movement, performance and original ideas.",1
4562,63,118,10271.61,2021-03-27,2021-04-13,17,GBP,GB,Journalism,Audio,Edinburgh,City,A new audio project focused on independent stories and community voices.,0
4563,39,130,27183.83,2018-01-28,2018-03-09,40,USD,US,Music,Pop,Portland,County,Support our new pop project and help us share the music with listeners.,0
4564,5,99,769.06,2021-01-10,2021-02-24,45,USD,US,Technology,Hardware,Chicago,Suburb,Introducing a new hardware project designed to make everyday work easier.,1
4565,10,116,29935.08,2018-07-18,2018-09-06,50,GBP,GB,Fashion,Accessories,Manchester,City,"A new accessories collection focused on creativity, quality and original ideas.",1
4566,34,76,122193.2,2020-07-02,2020-08-11,40,USD,US,Music,Hip-Hop,Boston,County,Support our new hip-hop project and help us share the music with listeners.,0
4567,50,87,14399.64,2020-06-27,2020-07-14,17,CAD,CA,Music,Rock,Montreal,Town,Support our new rock project and help us share the music with listeners.,1
4568,23,135,26956.52,2018-01-29,2018-03-28,58,CAD,CA,Journalism,Investigative,Montreal,LocalAdmin,A new investigative project focused on independent stories and community voices.,1
4569,32,122,8296.85,2021-03-29,2021-05-10,42,EUR,DE,Crafts,Candles,Cologne,Suburb,A new candles project making useful and creative handmade products.,1
4570,59,125,21468.84,2018-02-13,2018-04-12,58,DKK,DK,Comics,Webcomics,Aarhus,LocalAdmin,"A new webcomics project featuring original characters, artwork and storytelling.",1
4571,29,77,143558.06,2018-02-28,2018-03-31,31,NZD,NZ,Fashion,Accessories,Wellington,LocalAdmin,"A new accessories collection focused on creativity, quality and original ideas.",1
4572,61,107,390179.27,2019-10-27,2019-12-18,52,DKK,DK,Music,Classical,Copenhagen,City,Support our new classical project and help us share the music with listeners.,1
4573,29,111,19619.75,2018-11-12,2018-12-26,44,USD,US,Publishing,Nonfiction,Chicago,LocalAdmin,We are creating a new nonfiction book and bringing the project to readers.,1
4574,49,118,2470.45,2020-10-11,2020-10-27,16,USD,US,Theater,Plays,Portland,City,A new plays production bringing an original story to the stage.,1
4575,36,139,31532.93,2019-08-19,2019-09-10,22,USD,US,Design,Graphic Design,Los Angeles,City,We are creating a practical graphic design with a fresh and thoughtful design.,1
4576,47,109,1762.2,2021-01-07,2021-02-04,28,SEK,SE,Technology,Software,Stockholm,County,Introducing a new software project designed to make everyday work easier.,0
4577,65,151,4558.79,2020-04-13,2020-06-03,51,USD,IN,Journalism,Investigative,Delhi,LocalAdmin,A new investigative project focused on independent stories and community voices.,1
4578,41,49,5441.84,2019-07-17,2019-09-04,49,EUR,NL,Design,Architecture,Amsterdam,Town,We are creating a practical architecture with a fresh and thoughtful design.,1
4579,54,99,283929.99,2018-10-12,2018-12-07,56,USD,US,Journalism,Print,Seattle,Island,A new print project focused on independent stories and community voices.,1
4580,22,139,109881.87,2019-10-21,2019-12-13,53,DKK,DK,Publishing,Children's Books,Odense,City,We are creating a new children's books book and bringing the project to readers.,1
4581,21,86,79712.61,2020-03-20,2020-04-14,25,USD,US,Design,Product Design,Boston,Town,We are creating a practical product design with a fresh and thoughtful design.,1
4582,11,133,42824.2,2020-01-05,2020-02-03,29,USD,US,Journalism,Investigative,New York,City,A new investigative project focused on independent stories and community voices.,1
4583,19,111,2935.48,2020-09-28,2020-10-14,16,USD,US,Photography,Nature,Los Angeles,County,"A new nature project documenting people, places and memorable stories.",1
4584,58,151,17305.83,2019-11-03,2019-12-24,51,USD,US,Design,Product Design,Portland,City,We are creating a practical product design with a fresh and thoughtful design.,1
4585,40,103,207198.85,2020-02-25,2020-04-22,57,GBP,GB,Crafts,DIY,Edinburgh,Suburb,A new diy project making useful and creative handmade products.,0
4586,31,104,24012.84,2018-10-11,2018-11-26,46,USD,US,Film & Video,Feature Film,Seattle,LocalAdmin,Help us bring this original feature film story to life for a wider audience.,1
4587,38,151,59242.26,2018-09-19,2018-11-12,54,GBP,GB,Fashion,Apparel,Manchester,LocalAdmin,"A new apparel collection focused on creativity, quality and original ideas.",1
4588,45,97,989.73,2020-11-02,2020-11-29,27,CAD,CA,Dance,Dance Training,Toronto,City,"A new dance training project combining movement, performance and original ideas.",0
4589,47,140,36738.09,2019-09-02,2019-10-29,57,EUR,NL,Comics,Comic Books,Amsterdam,City,"A new comic books project featuring original characters, artwork and storytelling.",0
4590,38,117,2341.26,2020-05-11,2020-06-11,31,AUD,AU,Photography,Nature,Sydney,City,"A new nature project documenting people, places and memorable stories.",1
4591,56,141,8520.79,2020-02-15,2020-03-15,29,USD,US,Games,Video Games,Chicago,City,"A new video games experience built for players, families and communities.",1
4592,20,98,108750.43,2019-11-22,2020-01-08,47,EUR,IT,Art,Mixed Media,Milan,Zip,"A new mixed media project exploring creative ideas, materials and visual storytelling.",1
4593,30,105,20553.05,2019-01-25,2019-02-24,30,NZD,NZ,Publishing,Nonfiction,Auckland,City,We are creating a new nonfiction book and bringing the project to readers.,1
4594,53,97,42443.82,2018-04-13,2018-05-10,27,USD,US,Publishing,Nonfiction,Boston,City,We are creating a new nonfiction book and bringing the project to readers.,1
4595,49,49,9008.66,2018-12-03,2019-01-08,36,GBP,GB,Music,Rock,Bristol,Zip,Support our new rock project and help us share the music with listeners.,1
4596,41,100,606.28,2019-11-10,2019-12-17,37,USD,US,Theater,Musicals,Seattle,Suburb,A new musicals production bringing an original story to the stage.,1
4597,27,151,2815.72,2019-10-05,2019-11-24,50,USD,US,Technology,Apps,Seattle,Town,Introducing a new apps project designed to make everyday work easier.,1
4598,47,86,34442.22,2018-01-10,2018-03-08,57,AUD,AU,Dance,Dance Training,Sydney,City,"A new dance training project combining movement, performance and original ideas.",1
4599,21,112,20160.25,2020-04-05,2020-04-29,24,EUR,NL,Art,Sculpture,Rotterdam,Zip,"A new sculpture project exploring creative ideas, materials and visual storytelling.",0
4600,53,144,157855.62,2019-03-23,2019-04-23,31,USD,US,Publishing,Fiction,Los Angeles,City,We are creating a new fiction book and bringing the project to readers.,1
4601,58,124,14601.75,2018-02-06,2018-03-22,44,EUR,IT,Fashion,Apparel,Rome,City,"A new apparel collection focused on creativity, quality and original ideas.",1
4602,26,106,3007.35,2019-04-10,2019-05-07,27,EUR,ES,Dance,Experimental,Barcelona,Suburb,"A new experimental project combining movement, performance and original ideas.",0
4603,74,81,11529.15,2018-02-14,2018-03-30,44,NZD,NZ,Design,Graphic Design,Wellington,Suburb,We are creating a practical graphic design with a fresh and thoughtful design.,1
4604,20,151,56347.59,2020-11-27,2021-01-26,60,USD,US,Design,Architecture,New York,City,We are creating a practical architecture with a fresh and thoughtful design.,1
4605,32,141,787.74,2020-05-01,2020-06-14,44,NZD,NZ,Games,Mobile Games,Auckland,City,"A new mobile games experience built for players, families and communities.",0
4606,32,151,20504.84,2020-09-01,2020-09-22,21,USD,US,Art,Illustration,Austin,Suburb,"A new illustration project exploring creative ideas, materials and visual storytelling.",1
4607,33,148,1700.87,2019-03-12,2019-04-05,24,GBP,GB,Publishing,Nonfiction,Edinburgh,Island,We are creating a new nonfiction book and bringing the project to readers.,1
4608,56,65,15442.33,2020-10-14,2020-12-02,49,USD,US,Comics,Comic Books,Seattle,Island,"A new comic books project featuring original characters, artwork and storytelling.",0
4609,42,97,36999.14,2018-06-09,2018-06-25,16,USD,US,Publishing,Nonfiction,Chicago,City,We are creating a new nonfiction book and bringing the project to readers.,1
4610,23,117,28227.9,2019-11-12,2019-12-26,44,EUR,DE,Fashion,Footwear,Berlin,City,"A new footwear collection focused on creativity, quality and original ideas.",0
4611,37,79,95823.59,2018-10-11,2018-11-13,33,GBP,GB,Design,Architecture,London,City,We are creating a practical architecture with a fresh and thoughtful design.,1
4612,45,89,17699.55,2018-03-27,2018-05-19,53,USD,US,Music,Pop,Seattle,City,Support our new pop project and help us share the music with listeners.,1
4613,43,127,26601.27,2020-07-22,2020-09-11,51,USD,US,Film & Video,Documentary,New York,LocalAdmin,Help us bring this original documentary story to life for a wider audience.,1
4614,53,126,28083.02,2020-06-26,2020-07-13,17,AUD,AU,Crafts,Crochet,Sydney,City,A new crochet project making useful and creative handmade products.,1
4615,36,151,2669.35,2018-12-01,2019-01-09,39,USD,US,Crafts,DIY,Seattle,City,A new diy project making useful and creative handmade products.,1
4616,47,86,9848.46,2020-12-16,2021-02-02,48,EUR,IT,Journalism,Audio,Rome,Suburb,A new audio project focused on independent stories and community voices.,1
4617,33,80,265.4,2020-12-05,2021-01-10,36,USD,US,Comics,Comic Books,Seattle,Suburb,"A new comic books project featuring original characters, artwork and storytelling.",1
4618,25,151,21521.92,2018-08-03,2018-09-24,52,USD,US,Publishing,Fiction,Austin,Suburb,We are creating a new fiction book and bringing the project to readers.,1
4619,18,101,168.63,2019-10-18,2019-11-15,28,USD,US,Crafts,DIY,San Francisco,Suburb,A new diy project making useful and creative handmade products.,1
4620,58,51,44746.14,2018-01-10,2018-03-04,53,GBP,GB,Journalism,Investigative,Edinburgh,City,A new investigative project focused on independent stories and community voices.,1
4621,12,120,155639.06,2019-11-08,2019-11-24,16,USD,US,Art,Mixed Media,Portland,City,"A new mixed media project exploring creative ideas, materials and visual storytelling.",1
4622,39,76,25995.75,2018-11-08,2018-12-24,46,USD,US,Design,Product Design,Boston,Zip,We are creating a practical product design with a fresh and thoughtful design.,1
4623,41,96,33022.03,2019-04-29,2019-06-25,57,USD,IN,Technology,Software,Hyderabad,LocalAdmin,Introducing a new software project designed to make everyday work easier.,1
4624,20,65,77669.16,2019-04-13,2019-04-30,17,AUD,AU,Theater,Plays,Perth,City,A new plays production bringing an original story to the stage.,0
4625,49,141,6116.05,2020-09-16,2020-11-10,55,USD,US,Photography,Photobooks,New York,City,"A new photobooks project documenting people, places and memorable stories.",0
4626,15,120,1669.53,2019-04-25,2019-05-17,22,USD,US,Design,Graphic Design,Seattle,City,We are creating a practical graphic design with a fresh and thoughtful design.,1
4627,26,69,10502.64,2020-09-16,2020-10-26,40,EUR,NL,Photography,Nature,Amsterdam,City,"A new nature project documenting people, places and memorable stories.",1
4628,49,114,3678.01,2019-11-11,2019-12-27,46,USD,US,Music,Rock,Boston,Suburb,Support our new rock project and help us share the music with listeners.,0
4629,15,128,13516.18,2018-10-08,2018-11-02,25,USD,US,Film & Video,Webseries,Los Angeles,City,Help us bring this original webseries story to life for a wider audience.,0
4630,47,102,17809.83,2019-07-20,2019-08-04,15,EUR,DE,Dance,Experimental,Hamburg,City,"A new experimental project combining movement, performance and original ideas.",1
4631,52,151,5718.28,2020-02-23,2020-03-23,29,CAD,CA,Crafts,Crochet,Calgary,City,A new crochet project making useful and creative handmade products.,1
4632,51,139,3969.51,2020-07-10,2020-07-28,18,CAD,CA,Art,Sculpture,Vancouver,Zip,"A new sculpture project exploring creative ideas, materials and visual storytelling.",1
4633,41,94,425.71,2019-09-05,2019-09-23,18,USD,US,Photography,Nature,Chicago,City,"A new nature project documenting people, places and memorable stories.",1
4634,22,101,9237.23,2020-11-27,2021-01-08,42,USD,US,Theater,Plays,New York,Suburb,A new plays production bringing an original story to the stage.,1
4635,20,71,6096.98,2018-07-07,2018-07-31,24,CAD,CA,Food,Food,Montreal,City,We are developing a new food project for people who love great food.,1
4636,27,57,6805.3,2018-12-06,2018-12-31,25,USD,US,Publishing,Fiction,Chicago,Town,We are creating a new fiction book and bringing the project to readers.,1
4637,1,82,37298.07,2020-12-10,2021-01-16,37,GBP,GB,Crafts,DIY,Manchester,County,A new diy project making useful and creative handmade products.,0
4638,35,87,252417.26,2018-06-29,2018-07-16,17,GBP,GB,Publishing,Fiction,Bristol,City,We are creating a new fiction book and bringing the project to readers.,1
4639,33,148,6901.53,2021-01-11,2021-03-05,53,USD,US,Theater,Plays,San Francisco,City,A new plays production bringing an original story to the stage.,1
4640,36,67,21830.09,2021-03-01,2021-04-23,53,DKK,DK,Comics,Webcomics,Copenhagen,Suburb,"A new webcomics project featuring original characters, artwork and storytelling.",1
4641,31,111,17790.55,2021-02-10,2021-03-13,31,EUR,ES,Music,Classical,Seville,LocalAdmin,Support our new classical project and help us share the music with listeners.,1
4642,38,114,69659.14,2018-11-25,2018-12-31,36,EUR,DE,Dance,Performances,Berlin,Suburb,"A new performances project combining movement, performance and original ideas.",1
4643,36,87,2920.2,2018-10-22,2018-12-02,41,USD,US,Crafts,Woodworking,San Francisco,LocalAdmin,A new woodworking project making useful and creative handmade products.,1
4644,13,139,2789.62,2020-10-24,2020-11-23,30,USD,US,Publishing,Fiction,New York,City,We are creating a new fiction book and bringing the project to readers.,0
4645,39,99,3341.77,2018-02-09,2018-03-11,30,GBP,GB,Art,Mixed Media,Edinburgh,County,"A new mixed media project exploring creative ideas, materials and visual storytelling.",1
4646,35,90,357.1,2018-05-21,2018-07-14,54,USD,US,Crafts,Woodworking,Seattle,City,A new woodworking project making useful and creative handmade products.,1
4647,9,151,11174.1,2018-01-29,2018-02-15,17,USD,IN,Photography,Fine Art,Delhi,Town,"A new fine art project documenting people, places and memorable stories.",1
4648,48,83,2347.38,2018-07-11,2018-08-27,47,USD,US,Comics,Comic Books,New York,Town,"A new comic books project featuring original characters, artwork and storytelling.",0
4649,31,131,17711.82,2019-08-29,2019-10-24,56,GBP,GB,Food,Food,Edinburgh,Suburb,We are developing a new food project for people who love great food.,0
4650,45,91,294.25,2018-01-14,2018-01-30,16,USD,US,Fashion,Footwear,San Francisco,City,"A new footwear collection focused on creativity, quality and original ideas.",1
4651,34,72,10985.13,2018-03-15,2018-05-07,53,CAD,CA,Games,Video Games,Vancouver,City,"A new video games experience built for players, families and communities.",0
4652,8,98,8067.49,2020-08-28,2020-10-27,60,USD,US,Food,Drinks,Portland,City,We are developing a new drinks project for people who love great food.,0
4653,39,151,5156.28,2019-02-22,2019-04-04,41,USD,US,Journalism,Audio,Portland,Suburb,A new audio project focused on independent stories and community voices.,1
4654,42,65,56380.56,2019-08-18,2019-09-16,29,USD,US,Crafts,Crochet,Los Angeles,City,A new crochet project making useful and creative handmade products.,1
4655,53,87,3447.89,2019-09-14,2019-10-05,21,SEK,SE,Design,Architecture,Malmo,Suburb,We are creating a practical architecture with a fresh and thoughtful design.,1
4656,49,145,19214.99,2020-07-27,2020-09-24,59,USD,US,Film & Video,Documentary,Los Angeles,Island,Help us bring this original documentary story to life for a wider audience.,1
4657,53,80,4506.72,2018-04-30,2018-06-25,56,NZD,NZ,Design,Graphic Design,Christchurch,LocalAdmin,We are creating a practical graphic design with a fresh and thoughtful design.,0
4658,46,90,157027.39,2019-03-20,2019-04-12,23,EUR,ES,Food,Food,Seville,City,We are developing a new food project for people who love great food.,0
4659,28,112,9704.79,2018-02-24,2018-04-20,55,USD,US,Photography,Nature,Los Angeles,LocalAdmin,"A new nature project documenting people, places and memorable stories.",1
4660,28,101,34206.27,2020-09-04,2020-09-24,20,EUR,FR,Design,Architecture,Toulouse,City,We are creating a practical architecture with a fresh and thoughtful design.,0
4661,50,123,30874.44,2018-12-06,2019-01-01,26,USD,US,Art,Illustration,Portland,Suburb,"A new illustration project exploring creative ideas, materials and visual storytelling.",1
4662,29,100,70854.7,2019-08-01,2019-09-14,44,USD,IN,Design,Architecture,Chennai,LocalAdmin,We are creating a practical architecture with a fresh and thoughtful design.,1
4663,43,108,15049.36,2019-03-18,2019-04-21,34,GBP,GB,Dance,Performances,London,City,"A new performances project combining movement, performance and original ideas.",0
4664,61,104,1557.13,2018-09-25,2018-10-29,34,USD,US,Fashion,Accessories,Portland,County,"A new accessories collection focused on creativity, quality and original ideas.",1
4665,26,83,23843.9,2018-08-26,2018-10-25,60,USD,US,Crafts,Woodworking,New York,LocalAdmin,A new woodworking project making useful and creative handmade products.,1
4666,46,52,18439.07,2018-05-28,2018-07-08,41,USD,US,Theater,Musicals,Boston,Zip,A new musicals production bringing an original story to the stage.,1
4667,23,151,108.48,2020-04-21,2020-05-25,34,USD,IN,Music,Rock,Hyderabad,City,Support our new rock project and help us share the music with listeners.,1
4668,44,83,898.91,2019-11-27,2019-12-18,21,USD,US,Design,Graphic Design,Chicago,Zip,We are creating a practical graphic design with a fresh and thoughtful design.,0
4669,59,85,35841.83,2018-04-20,2018-06-13,54,AUD,AU,Comics,Webcomics,Sydney,City,"A new webcomics project featuring original characters, artwork and storytelling.",1
4670,55,114,108474.82,2020-01-04,2020-02-27,54,USD,US,Music,Pop,New York,City,Support our new pop project and help us share the music with listeners.,0
4671,29,77,10556.29,2020-11-06,2020-12-20,44,DKK,DK,Fashion,Apparel,Odense,Suburb,"A new apparel collection focused on creativity, quality and original ideas.",1
4672,59,135,42065.01,2020-10-27,2020-11-18,22,USD,US,Publishing,Nonfiction,San Francisco,Zip,We are creating a new nonfiction book and bringing the project to readers.,1
4673,32,116,14212.25,2020-12-02,2020-12-18,16,GBP,GB,Theater,Plays,Manchester,Town,A new plays production bringing an original story to the stage.,1
4674,69,100,12696.65,2019-06-02,2019-06-30,28,GBP,GB,Photography,Photobooks,London,Island,"A new photobooks project documenting people, places and memorable stories.",0
4675,35,93,9611.69,2021-02-19,2021-03-15,24,EUR,DE,Fashion,Apparel,Hamburg,Zip,"A new apparel collection focused on creativity, quality and original ideas.",1
4676,45,72,13599.41,2018-04-22,2018-05-24,32,USD,US,Design,Architecture,New York,LocalAdmin,We are creating a practical architecture with a fresh and thoughtful design.,0
4677,44,117,21909.83,2019-04-05,2019-05-07,32,USD,US,Fashion,Accessories,Los Angeles,City,"A new accessories collection focused on creativity, quality and original ideas.",0
4678,19,112,6438.19,2018-01-01,2018-01-31,30,USD,US,Music,Rock,Boston,County,Support our new rock project and help us share the music with listeners.,1
4679,56,89,82871.51,2020-06-09,2020-06-28,19,EUR,DE,Film & Video,Feature Film,Munich,City,Help us bring this original feature film story to life for a wider audience.,1
4680,38,124,2546.17,2020-06-21,2020-08-05,45,USD,US,Photography,Photobooks,Seattle,Town,"A new photobooks project documenting people, places and memorable stories.",1
4681,27,151,167616.9,2018-10-26,2018-12-16,51,CAD,CA,Design,Graphic Design,Calgary,Zip,We are creating a practical graphic design with a fresh and thoughtful design.,1
4682,24,108,8592.54,2018-07-31,2018-09-03,34,USD,US,Art,Mixed Media,Austin,City,"A new mixed media project exploring creative ideas, materials and visual storytelling.",1
4683,26,101,11070.16,2018-09-04,2018-10-11,37,EUR,NL,Food,Drinks,Utrecht,City,We are developing a new drinks project for people who love great food.,1
4684,34,79,4535.9,2019-03-24,2019-05-09,46,DKK,DK,Dance,Performances,Aarhus,Town,"A new performances project combining movement, performance and original ideas.",1
4685,19,103,22635.31,2020-08-31,2020-10-26,56,GBP,GB,Games,Tabletop Games,Bristol,City,"A new tabletop games experience built for players, families and communities.",0
4686,23,95,6693.15,2019-10-26,2019-11-26,31,USD,US,Technology,Gadgets,Boston,City,Introducing a new gadgets project designed to make everyday work easier.,1
4687,9,77,5743.09,2020-08-15,2020-09-11,27,USD,US,Journalism,Audio,Seattle,Island,A new audio project focused on independent stories and community voices.,1
4688,23,122,31031.78,2019-10-04,2019-10-31,27,USD,US,Photography,Nature,New York,Zip,"A new nature project documenting people, places and memorable stories.",1
4689,55,116,72583.1,2019-10-31,2019-12-01,31,USD,US,Fashion,Footwear,Los Angeles,City,"A new footwear collection focused on creativity, quality and original ideas.",1
4690,53,110,2386.06,2018-09-06,2018-10-05,29,AUD,AU,Art,Sculpture,Brisbane,City,"A new sculpture project exploring creative ideas, materials and visual storytelling.",1
4691,39,97,43144.41,2018-09-29,2018-11-08,40,GBP,GB,Crafts,Woodworking,Edinburgh,City,A new woodworking project making useful and creative handmade products.,0
4692,67,136,83024.75,2021-01-06,2021-03-05,58,DKK,DK,Crafts,DIY,Odense,City,A new diy project making useful and creative handmade products.,1
4693,53,55,778.15,2018-09-18,2018-10-30,42,USD,US,Journalism,Print,San Francisco,Island,A new print project focused on independent stories and community voices.,0
4694,42,57,3233.26,2021-02-07,2021-04-04,56,AUD,AU,Photography,Fine Art,Perth,City,"A new fine art project documenting people, places and memorable stories.",1
4695,43,115,79985.52,2018-11-06,2019-01-04,59,GBP,GB,Photography,Nature,Manchester,City,"A new nature project documenting people, places and memorable stories.",1
4696,36,146,21398.01,2020-12-15,2021-01-28,44,GBP,GB,Dance,Performances,London,LocalAdmin,"A new performances project combining movement, performance and original ideas.",1
4697,16,112,169746.68,2020-05-24,2020-07-20,57,USD,US,Fashion,Footwear,Portland,City,"A new footwear collection focused on creativity, quality and original ideas.",1
4698,31,112,9116.42,2019-08-01,2019-09-19,49,GBP,GB,Theater,Experimental Theater,Bristol,City,A new experimental theater production bringing an original story to the stage.,1
4699,1,77,5309.82,2018-06-23,2018-07-29,36,GBP,GB,Film & Video,Short Film,Edinburgh,County,Help us bring this original short film story to life for a wider audience.,0
4700,19,44,98990.02,2020-04-02,2020-04-26,24,EUR,DE,Journalism,Investigative,Cologne,City,A new investigative project focused on independent stories and community voices.,1
4701,56,79,3286.11,2019-01-04,2019-01-29,25,DKK,DK,Dance,Dance Training,Copenhagen,LocalAdmin,"A new dance training project combining movement, performance and original ideas.",1
4702,36,127,8220.31,2021-03-22,2021-05-13,52,USD,US,Fashion,Footwear,Chicago,City,"A new footwear collection focused on creativity, quality and original ideas.",1
4703,19,61,28562.82,2018-08-03,2018-09-19,47,USD,US,Music,Classical,Los Angeles,Suburb,Support our new classical project and help us share the music with listeners.,1
4704,43,82,33298.93,2019-08-14,2019-09-03,20,GBP,GB,Art,Sculpture,London,City,"A new sculpture project exploring creative ideas, materials and visual storytelling.",1
4705,44,61,3485.27,2020-04-22,2020-06-12,51,GBP,GB,Technology,Hardware,Manchester,City,Introducing a new hardware project designed to make everyday work easier.,0
4706,58,81,17974.74,2018-01-06,2018-01-27,21,USD,US,Food,Drinks,New York,City,We are developing a new drinks project for people who love great food.,1
4707,62,142,7644.65,2020-02-11,2020-04-09,58,EUR,FR,Film & Video,Feature Film,Lyon,City,Help us bring this original feature film story to life for a wider audience.,1
4708,47,90,883.98,2020-10-23,2020-11-18,26,USD,IN,Theater,Musicals,Mumbai,City,A new musicals production bringing an original story to the stage.,1
4709,12,135,5872.22,2020-12-22,2021-01-12,21,DKK,DK,Music,Pop,Odense,City,Support our new pop project and help us share the music with listeners.,1
4710,69,91,952.9,2019-03-27,2019-04-12,16,USD,US,Music,Rock,San Francisco,City,Support our new rock project and help us share the music with listeners.,1
4711,55,151,4317.8,2020-08-04,2020-08-19,15,EUR,NL,Games,Mobile Games,Utrecht,Suburb,"A new mobile games experience built for players, families and communities.",1
4712,48,118,1863.45,2018-08-05,2018-09-11,37,EUR,DE,Crafts,Crochet,Munich,City,A new crochet project making useful and creative handmade products.,1
4713,35,94,39818.64,2018-04-24,2018-06-02,39,GBP,GB,Comics,Graphic Novels,Edinburgh,City,"A new graphic novels project featuring original characters, artwork and storytelling.",1
4714,12,103,19114.95,2020-07-20,2020-08-21,32,GBP,GB,Art,Mixed Media,Manchester,City,"A new mixed media project exploring creative ideas, materials and visual storytelling.",1
4715,27,65,130291.02,2018-06-05,2018-08-02,58,EUR,ES,Crafts,Crochet,Madrid,LocalAdmin,A new crochet project making useful and creative handmade products.,1
4716,34,93,2875.34,2019-06-25,2019-07-16,21,GBP,GB,Design,Architecture,Edinburgh,Town,We are creating a practical architecture with a fresh and thoughtful design.,0
4717,29,151,14526.64,2019-08-25,2019-09-11,17,USD,US,Technology,Hardware,Portland,Suburb,Introducing a new hardware project designed to make everyday work easier.,1
4718,51,119,2171.24,2019-08-02,2019-09-14,43,GBP,GB,Music,Pop,Manchester,City,Support our new pop project and help us share the music with listeners.,1
4719,34,45,4508.45,2018-06-06,2018-06-30,24,CAD,CA,Comics,Webcomics,Calgary,City,"A new webcomics project featuring original characters, artwork and storytelling.",1
4720,23,103,6460.67,2018-09-02,2018-10-29,57,USD,US,Photography,Fine Art,Chicago,Suburb,"A new fine art project documenting people, places and memorable stories.",1
4721,43,113,255714.15,2020-09-22,2020-10-11,19,SEK,SE,Crafts,Candles,Stockholm,LocalAdmin,A new candles project making useful and creative handmade products.,1
4722,23,131,21092.9,2019-02-28,2019-04-17,48,AUD,AU,Theater,Plays,Melbourne,Suburb,A new plays production bringing an original story to the stage.,1
4723,11,97,9844.12,2018-10-26,2018-11-17,22,CAD,CA,Theater,Plays,Montreal,Suburb,A new plays production bringing an original story to the stage.,1
4724,43,104,63903.34,2020-07-09,2020-08-06,28,USD,US,Theater,Plays,Austin,City,A new plays production bringing an original story to the stage.,0
4725,34,139,34057.46,2019-07-25,2019-09-17,54,CAD,CA,Dance,Performances,Toronto,City,"A new performances project combining movement, performance and original ideas.",0
4726,37,101,11000.91,2018-01-01,2018-01-21,20,USD,US,Film & Video,Feature Film,Los Angeles,City,Help us bring this original feature film story to life for a wider audience.,1
4727,56,86,34173.73,2020-07-20,2020-08-04,15,USD,US,Publishing,Children's Books,Portland,City,We are creating a new children's books book and bringing the project to readers.,1
4728,39,133,7470.64,2019-06-04,2019-07-21,47,GBP,GB,Crafts,Woodworking,London,City,A new woodworking project making useful and creative handmade products.,1
4729,44,134,1227393.82,2019-04-29,2019-06-22,54,USD,US,Theater,Musicals,New York,City,A new musicals production bringing an original story to the stage.,1
4730,35,43,79513.48,2020-11-28,2020-12-23,25,CAD,CA,Games,Video Games,Montreal,City,"A new video games experience built for players, families and communities.",0
4731,47,116,6389.7,2020-02-18,2020-03-27,38,USD,US,Food,Food,Los Angeles,City,We are developing a new food project for people who love great food.,1
4732,3,78,38928.73,2020-01-05,2020-01-29,24,USD,US,Dance,Dance Training,Chicago,Island,"A new dance training project combining movement, performance and original ideas.",1
4733,23,120,28097.68,2019-04-18,2019-06-15,58,USD,US,Publishing,Children's Books,Seattle,City,We are creating a new children's books book and bringing the project to readers.,1
4734,29,137,18610.51,2020-11-05,2020-12-12,37,USD,IN,Art,Illustration,Bengaluru,Suburb,"A new illustration project exploring creative ideas, materials and visual storytelling.",1
4735,28,127,26650.93,2019-10-21,2019-11-20,30,GBP,GB,Art,Illustration,Edinburgh,City,"A new illustration project exploring creative ideas, materials and visual storytelling.",0
4736,23,130,3406.32,2020-03-19,2020-05-09,51,AUD,AU,Art,Mixed Media,Melbourne,Suburb,"A new mixed media project exploring creative ideas, materials and visual storytelling.",1
4737,34,88,6113.91,2018-09-20,2018-10-20,30,USD,US,Art,Mixed Media,Chicago,City,"A new mixed media project exploring creative ideas, materials and visual storytelling.",0
4738,33,94,156942.33,2018-05-05,2018-07-02,58,USD,US,Food,Restaurants,Boston,City,We are developing a new restaurants project for people who love great food.,0
4739,34,126,16463.34,2018-12-19,2019-02-02,45,USD,IN,Crafts,Crochet,Bengaluru,City,A new crochet project making useful and creative handmade products.,1
4740,38,110,4053.25,2018-08-11,2018-08-31,20,USD,US,Theater,Musicals,Austin,County,A new musicals production bringing an original story to the stage.,0
4741,42,62,9656.44,2018-07-21,2018-09-03,44,USD,US,Fashion,Footwear,Portland,Suburb,"A new footwear collection focused on creativity, quality and original ideas.",1
4742,23,135,5243.19,2021-02-22,2021-04-14,51,AUD,AU,Crafts,Crochet,Brisbane,City,A new crochet project making useful and creative handmade products.,1
4743,27,64,48249.35,2019-05-01,2019-05-16,15,USD,US,Music,Hip-Hop,San Francisco,City,Support our new hip-hop project and help us share the music with listeners.,1
4744,49,118,5030.94,2018-03-23,2018-05-18,56,EUR,IT,Design,Graphic Design,Turin,Suburb,We are creating a practical graphic design with a fresh and thoughtful design.,1
4745,21,114,12849.63,2018-02-14,2018-03-25,39,GBP,GB,Publishing,Nonfiction,London,LocalAdmin,We are creating a new nonfiction book and bringing the project to readers.,1
4746,23,143,4297.37,2019-04-18,2019-06-17,60,USD,US,Theater,Experimental Theater,New York,City,A new experimental theater production bringing an original story to the stage.,1
4747,23,101,367661.99,2019-06-22,2019-07-27,35,USD,US,Technology,Gadgets,Portland,County,Introducing a new gadgets project designed to make everyday work easier.,1
4748,32,47,31823.21,2018-04-11,2018-05-30,49,USD,US,Publishing,Children's Books,Austin,City,We are creating a new children's books book and bringing the project to readers.,1
4749,50,112,29927.5,2018-03-31,2018-05-22,52,SEK,SE,Theater,Plays,Gothenburg,LocalAdmin,A new plays production bringing an original story to the stage.,1
4750,43,118,35393.89,2018-05-30,2018-06-18,19,AUD,AU,Film & Video,Short Film,Melbourne,City,Help us bring this original short film story to life for a wider audience.,0
4751,22,140,6509.39,2020-02-28,2020-03-25,26,USD,US,Comics,Comic Books,Austin,City,"A new comic books project featuring original characters, artwork and storytelling.",0
4752,62,92,126833.12,2019-01-08,2019-01-27,19,USD,US,Fashion,Apparel,Portland,Town,"A new apparel collection focused on creativity, quality and original ideas.",1
4753,25,129,10804.91,2020-10-11,2020-11-03,23,AUD,AU,Publishing,Fiction,Melbourne,Suburb,We are creating a new fiction book and bringing the project to readers.,0
4754,11,135,187308.15,2019-05-03,2019-06-30,58,CAD,CA,Fashion,Accessories,Vancouver,City,"A new accessories collection focused on creativity, quality and original ideas.",0
4755,62,86,7253.32,2018-07-12,2018-08-04,23,USD,US,Music,Hip-Hop,Austin,City,Support our new hip-hop project and help us share the music with listeners.,1
4756,22,118,36375.71,2018-09-08,2018-10-27,49,USD,US,Crafts,Woodworking,Seattle,City,A new woodworking project making useful and creative handmade products.,1
4757,33,64,15540.99,2020-07-23,2020-08-07,15,USD,US,Fashion,Apparel,Boston,City,"A new apparel collection focused on creativity, quality and original ideas.",1
4758,33,125,18169.72,2019-11-01,2019-11-25,24,AUD,AU,Journalism,Audio,Sydney,LocalAdmin,A new audio project focused on independent stories and community voices.,1
4759,44,115,901.57,2018-01-22,2018-03-23,60,USD,IN,Journalism,Investigative,Mumbai,Zip,A new investigative project focused on independent stories and community voices.,0
4760,7,71,2614.17,2020-05-19,2020-07-11,53,USD,US,Technology,Software,Chicago,City,Introducing a new software project designed to make everyday work easier.,0
4761,30,96,124628.49,2019-12-11,2020-01-30,50,CAD,CA,Design,Architecture,Toronto,City,We are creating a practical architecture with a fresh and thoughtful design.,1
4762,29,141,1627.81,2018-12-20,2019-02-09,51,USD,US,Photography,Nature,Chicago,City,"A new nature project documenting people, places and memorable stories.",1
4763,56,114,47825.26,2019-10-13,2019-12-01,49,GBP,GB,Comics,Graphic Novels,London,City,"A new graphic novels project featuring original characters, artwork and storytelling.",1
4764,27,88,675109.18,2021-01-26,2021-02-26,31,USD,US,Games,Video Games,San Francisco,County,"A new video games experience built for players, families and communities.",1
4765,30,85,28277.69,2019-05-10,2019-06-06,27,EUR,IT,Food,Drinks,Turin,City,We are developing a new drinks project for people who love great food.,1
4766,46,138,324201.69,2018-03-01,2018-03-21,20,GBP,GB,Crafts,Woodworking,Manchester,City,A new woodworking project making useful and creative handmade products.,0
4767,43,93,35081.76,2018-11-28,2019-01-18,51,GBP,GB,Food,Drinks,Bristol,LocalAdmin,We are developing a new drinks project for people who love great food.,1
4768,24,115,18035.38,2020-06-05,2020-07-21,46,USD,US,Technology,Apps,Seattle,Town,Introducing a new apps project designed to make everyday work easier.,1
4769,41,96,21447.47,2020-06-22,2020-07-17,25,USD,US,Games,Tabletop Games,Portland,LocalAdmin,"A new tabletop games experience built for players, families and communities.",1
4770,24,42,9115.45,2018-12-25,2019-01-25,31,USD,US,Technology,Gadgets,Chicago,City,Introducing a new gadgets project designed to make everyday work easier.,0
4771,47,88,8691.44,2019-05-25,2019-06-13,19,EUR,DE,Theater,Musicals,Munich,City,A new musicals production bringing an original story to the stage.,1
4772,33,142,5316.99,2018-07-24,2018-08-13,20,USD,US,Crafts,Woodworking,San Francisco,City,A new woodworking project making useful and creative handmade products.,0
4773,16,151,23123.81,2019-11-06,2019-11-30,24,AUD,AU,Crafts,DIY,Sydney,LocalAdmin,A new diy project making useful and creative handmade products.,1
4774,3,85,363399.82,2020-03-08,2020-04-24,47,USD,US,Comics,Graphic Novels,Los Angeles,LocalAdmin,"A new graphic novels project featuring original characters, artwork and storytelling.",0
4775,29,118,109162.68,2018-02-19,2018-04-04,44,USD,US,Food,Food,Chicago,Suburb,We are developing a new food project for people who love great food.,1
4776,23,151,16485.2,2018-04-21,2018-05-26,35,GBP,GB,Journalism,Audio,Edinburgh,City,A new audio project focused on independent stories and community voices.,1
4777,31,144,31091.41,2019-11-26,2020-01-21,56,USD,US,Art,Illustration,Austin,City,"A new illustration project exploring creative ideas, materials and visual storytelling.",1
4778,34,72,10512.31,2020-03-05,2020-04-05,31,USD,US,Food,Restaurants,New York,City,We are developing a new restaurants project for people who love great food.,0
4779,6,100,108654.19,2019-11-04,2019-12-15,41,USD,US,Film & Video,Short Film,San Francisco,Zip,Help us bring this original short film story to life for a wider audience.,1
4780,24,116,955.85,2018-11-30,2018-12-17,17,AUD,AU,Technology,Apps,Brisbane,Zip,Introducing a new apps project designed to make everyday work easier.,1
4781,33,146,239206.19,2020-04-18,2020-05-31,43,AUD,AU,Film & Video,Documentary,Perth,County,Help us bring this original documentary story to life for a wider audience.,1
4782,37,72,5153.99,2019-12-19,2020-01-04,16,USD,US,Crafts,Candles,Portland,City,A new candles project making useful and creative handmade products.,1
4783,47,131,6616.92,2018-12-28,2019-02-09,43,GBP,GB,Art,Painting,London,City,"A new painting project exploring creative ideas, materials and visual storytelling.",1
4784,50,129,1803.42,2019-03-13,2019-05-02,50,USD,US,Dance,Performances,Chicago,City,"A new performances project combining movement, performance and original ideas.",1
4785,31,99,15252.92,2019-04-30,2019-06-17,48,USD,US,Games,Video Games,San Francisco,City,"A new video games experience built for players, families and communities.",1
4786,33,151,4176.9,2018-08-25,2018-10-15,51,USD,US,Design,Architecture,San Francisco,City,We are creating a practical architecture with a fresh and thoughtful design.,1
4787,28,81,72843.26,2018-06-24,2018-08-19,56,SEK,SE,Art,Mixed Media,Stockholm,Town,"A new mixed media project exploring creative ideas, materials and visual storytelling.",1
4788,45,119,34170.43,2019-09-25,2019-10-10,15,USD,US,Theater,Musicals,New York,City,A new musicals production bringing an original story to the stage.,1
4789,29,114,4094.91,2021-01-30,2021-03-11,40,USD,US,Design,Architecture,San Francisco,City,We are creating a practical architecture with a fresh and thoughtful design.,1
4790,20,119,3082.16,2019-11-12,2019-11-27,15,USD,US,Publishing,Fiction,New York,City,We are creating a new fiction book and bringing the project to readers.,1
4791,10,143,4436.42,2020-07-11,2020-07-29,18,USD,US,Food,Drinks,Portland,Town,We are developing a new drinks project for people who love great food.,1
4792,21,68,2770.83,2019-10-31,2019-12-23,53,CAD,CA,Food,Food,Vancouver,City,We are developing a new food project for people who love great food.,1
4793,31,113,7780.38,2018-12-31,2019-01-28,28,USD,US,Design,Graphic Design,Portland,Suburb,We are creating a practical graphic design with a fresh and thoughtful design.,1
4794,50,151,3260.21,2020-05-01,2020-06-30,60,USD,US,Photography,Nature,Portland,Zip,"A new nature project documenting people, places and memorable stories.",1
4795,36,132,73385.52,2020-06-03,2020-07-05,32,AUD,AU,Games,Video Games,Sydney,Town,"A new video games experience built for players, families and communities.",0
4796,37,88,5542.62,2018-05-11,2018-06-28,48,USD,US,Theater,Experimental Theater,Boston,Suburb,A new experimental theater production bringing an original story to the stage.,0
4797,35,84,29289.95,2019-12-17,2020-01-01,15,EUR,DE,Art,Painting,Cologne,Town,"A new painting project exploring creative ideas, materials and visual storytelling.",0
4798,54,124,29665.36,2018-05-28,2018-07-03,36,GBP,GB,Dance,Experimental,London,City,"A new experimental project combining movement, performance and original ideas.",0
4799,43,93,678.81,2019-06-28,2019-07-28,30,USD,US,Crafts,DIY,Chicago,City,A new diy project making useful and creative handmade products.,1
4800,35,104,36261.31,2018-09-30,2018-11-05,36,AUD,AU,Comics,Webcomics,Melbourne,City,"A new webcomics project featuring original characters, artwork and storytelling.",1
4801,26,86,851.5,2020-10-11,2020-11-10,30,USD,US,Theater,Experimental Theater,Seattle,County,A new experimental theater production bringing an original story to the stage.,1
4802,16,151,3295.16,2020-12-14,2021-01-25,42,GBP,GB,Food,Restaurants,Bristol,LocalAdmin,We are developing a new restaurants project for people who love great food.,1
4803,60,118,33761.61,2019-06-16,2019-07-28,42,USD,US,Film & Video,Documentary,Portland,City,Help us bring this original documentary story to life for a wider audience.,1
4804,47,110,14561.83,2019-03-26,2019-05-01,36,USD,US,Games,Tabletop Games,San Francisco,City,"A new tabletop games experience built for players, families and communities.",1
4805,32,59,7079.63,2020-04-24,2020-05-14,20,CAD,CA,Comics,Webcomics,Calgary,City,"A new webcomics project featuring original characters, artwork and storytelling.",1
4806,62,83,756.76,2018-05-29,2018-07-07,39,EUR,NL,Technology,Software,Rotterdam,City,Introducing a new software project designed to make everyday work easier.,1
4807,35,106,53522.2,2021-02-18,2021-04-15,56,USD,IN,Technology,Software,Delhi,City,Introducing a new software project designed to make everyday work easier.,1
4808,23,106,23517.87,2019-07-08,2019-07-24,16,CAD,CA,Dance,Performances,Calgary,City,"A new performances project combining movement, performance and original ideas.",1
4809,53,151,3181.62,2018-07-10,2018-07-31,21,USD,US,Technology,Software,Chicago,City,Introducing a new software project designed to make everyday work easier.,1
4810,16,112,2703.42,2018-08-31,2018-10-01,31,USD,US,Theater,Musicals,Austin,County,A new musicals production bringing an original story to the stage.,1
4811,29,139,58943.25,2018-07-16,2018-09-03,49,USD,US,Fashion,Apparel,Portland,City,"A new apparel collection focused on creativity, quality and original ideas.",1
4812,17,113,19116.14,2018-02-26,2018-04-01,34,GBP,GB,Music,Classical,Edinburgh,City,Support our new classical project and help us share the music with listeners.,1
4813,23,134,1457.09,2020-11-09,2021-01-06,58,USD,US,Crafts,Crochet,Austin,City,A new crochet project making useful and creative handmade products.,0
4814,38,58,3868.2,2018-03-23,2018-04-08,16,NZD,NZ,Food,Food,Wellington,County,We are developing a new food project for people who love great food.,1
4815,40,70,249312.74,2019-12-18,2020-01-08,21,USD,US,Crafts,DIY,Chicago,City,A new diy project making useful and creative handmade products.,0
4816,18,136,56734.09,2020-02-22,2020-04-08,46,USD,US,Technology,Apps,Portland,Town,Introducing a new apps project designed to make everyday work easier.,1
4817,62,151,12010.63,2019-10-31,2019-12-03,33,USD,US,Photography,Nature,San Francisco,City,"A new nature project documenting people, places and memorable stories.",1
4818,4,57,12423.4,2018-04-10,2018-05-06,26,EUR,ES,Publishing,Children's Books,Valencia,Zip,We are creating a new children's books book and bringing the project to readers.,1
4819,37,108,411.92,2021-01-12,2021-02-04,23,AUD,AU,Publishing,Nonfiction,Perth,County,We are creating a new nonfiction book and bringing the project to readers.,0
4820,37,63,90937.69,2020-02-15,2020-03-27,41,CAD,CA,Comics,Comic Books,Vancouver,City,"A new comic books project featuring original characters, artwork and storytelling.",1
4821,39,88,5960.82,2020-03-22,2020-04-19,28,USD,US,Publishing,Nonfiction,Los Angeles,City,We are creating a new nonfiction book and bringing the project to readers.,1
4822,48,51,3426.27,2018-09-06,2018-09-22,16,EUR,IT,Publishing,Nonfiction,Turin,City,We are creating a new nonfiction book and bringing the project to readers.,0
4823,1,104,38373.4,2018-07-22,2018-08-26,35,USD,US,Crafts,Candles,New York,County,A new candles project making useful and creative handmade products.,1
4824,23,102,4519.85,2019-09-08,2019-09-26,18,EUR,NL,Music,Hip-Hop,Rotterdam,County,Support our new hip-hop project and help us share the music with listeners.,1
4825,37,102,711.28,2020-04-08,2020-05-13,35,GBP,GB,Fashion,Accessories,Bristol,City,"A new accessories collection focused on creativity, quality and original ideas.",0
4826,61,99,22648.9,2019-08-23,2019-09-28,36,USD,US,Comics,Graphic Novels,San Francisco,City,"A new graphic novels project featuring original characters, artwork and storytelling.",1
4827,26,127,1145.61,2021-01-18,2021-02-03,16,GBP,GB,Food,Drinks,Edinburgh,Suburb,We are developing a new drinks project for people who love great food.,1
4828,32,151,10954.77,2018-09-05,2018-10-06,31,AUD,AU,Art,Mixed Media,Melbourne,City,"A new mixed media project exploring creative ideas, materials and visual storytelling.",1
4829,46,72,19632.78,2020-09-06,2020-10-09,33,USD,US,Film & Video,Feature Film,San Francisco,City,Help us bring this original feature film story to life for a wider audience.,0
4830,17,83,7801.02,2019-12-07,2020-01-30,54,EUR,NL,Comics,Comic Books,Rotterdam,City,"A new comic books project featuring original characters, artwork and storytelling.",1
4831,35,112,7855.29,2019-06-12,2019-07-20,38,GBP,GB,Journalism,Print,Edinburgh,City,A new print project focused on independent stories and community voices.,1
4832,33,100,132799.21,2020-05-30,2020-07-03,34,USD,US,Photography,Fine Art,Los Angeles,City,"A new fine art project documenting people, places and memorable stories.",0
4833,26,99,135791.35,2020-06-04,2020-07-26,52,USD,US,Fashion,Apparel,Portland,County,"A new apparel collection focused on creativity, quality and original ideas.",1
4834,43,69,2894.23,2019-10-14,2019-11-09,26,USD,US,Photography,Photobooks,New York,Suburb,"A new photobooks project documenting people, places and memorable stories.",1
4835,67,94,4773.28,2020-01-05,2020-02-13,39,GBP,GB,Comics,Graphic Novels,London,Suburb,"A new graphic novels project featuring original characters, artwork and storytelling.",1
4836,38,95,5197.16,2018-08-27,2018-10-03,37,USD,US,Comics,Webcomics,New York,LocalAdmin,"A new webcomics project featuring original characters, artwork and storytelling.",0
4837,1,115,11429.25,2019-02-22,2019-04-11,48,AUD,AU,Journalism,Investigative,Sydney,City,A new investigative project focused on independent stories and community voices.,1
4838,22,81,10568.03,2021-03-10,2021-04-25,46,USD,US,Publishing,Fiction,Boston,City,We are creating a new fiction book and bringing the project to readers.,0
4839,57,135,171809.24,2021-01-06,2021-02-13,38,USD,IN,Food,Drinks,Bengaluru,City,We are developing a new drinks project for people who love great food.,1
4840,31,70,9000.97,2020-06-01,2020-07-27,56,CAD,CA,Theater,Experimental Theater,Calgary,Zip,A new experimental theater production bringing an original story to the stage.,1
4841,17,151,2430.25,2018-07-25,2018-09-02,39,EUR,IT,Theater,Plays,Milan,City,A new plays production bringing an original story to the stage.,0
4842,46,83,4823.42,2020-08-06,2020-08-23,17,USD,US,Photography,Fine Art,Boston,County,"A new fine art project documenting people, places and memorable stories.",1
4843,25,151,21405.46,2019-04-10,2019-05-19,39,USD,US,Comics,Comic Books,Seattle,City,"A new comic books project featuring original characters, artwork and storytelling.",1
4844,36,86,8055.57,2020-04-18,2020-05-30,42,USD,US,Film & Video,Documentary,Portland,City,Help us bring this original documentary story to life for a wider audience.,1
4845,18,133,19511.3,2019-05-13,2019-06-08,26,CAD,CA,Crafts,Crochet,Toronto,City,A new crochet project making useful and creative handmade products.,0
4846,29,97,8218.89,2020-04-03,2020-05-13,40,EUR,NL,Food,Restaurants,Amsterdam,LocalAdmin,We are developing a new restaurants project for people who love great food.,1
4847,35,110,36904.86,2020-06-23,2020-08-20,58,USD,US,Film & Video,Webseries,Boston,Town,Help us bring this original webseries story to life for a wider audience.,1
4848,33,126,10465.62,2018-02-23,2018-03-17,22,USD,US,Technology,Apps,Los Angeles,LocalAdmin,Introducing a new apps project designed to make everyday work easier.,1
4849,41,98,1821.17,2019-04-20,2019-05-09,19,EUR,ES,Food,Food,Seville,City,We are developing a new food project for people who love great food.,0
4850,38,51,7009.61,2019-01-17,2019-02-11,25,USD,US,Technology,Apps,Austin,Town,Introducing a new apps project designed to make everyday work easier.,0
4851,20,89,369660.77,2020-03-18,2020-05-13,56,AUD,AU,Film & Video,Short Film,Perth,City,Help us bring this original short film story to life for a wider audience.,1
4852,60,93,81536.85,2018-08-24,2018-10-12,49,GBP,GB,Music,Rock,London,LocalAdmin,Support our new rock project and help us share the music with listeners.,0
4853,33,151,1982.43,2020-08-05,2020-09-15,41,EUR,ES,Fashion,Footwear,Madrid,Town,"A new footwear collection focused on creativity, quality and original ideas.",1
4854,15,107,188937.29,2019-12-14,2020-02-07,55,USD,US,Publishing,Fiction,Chicago,City,We are creating a new fiction book and bringing the project to readers.,1
4855,2,113,14841.33,2020-08-13,2020-10-10,58,USD,US,Film & Video,Short Film,Austin,City,Help us bring this original short film story to life for a wider audience.,1
4856,36,105,5628.89,2021-02-16,2021-04-09,52,GBP,GB,Design,Architecture,Bristol,Town,We are creating a practical architecture with a fresh and thoughtful design.,1
4857,21,115,7755.91,2019-01-18,2019-02-20,33,DKK,DK,Film & Video,Documentary,Odense,City,Help us bring this original documentary story to life for a wider audience.,0
4858,44,71,13104.84,2019-03-21,2019-05-06,46,USD,US,Art,Sculpture,Boston,Zip,"A new sculpture project exploring creative ideas, materials and visual storytelling.",1
4859,36,87,64405.96,2019-07-30,2019-09-28,60,USD,US,Art,Illustration,Portland,LocalAdmin,"A new illustration project exploring creative ideas, materials and visual storytelling.",1
4860,85,128,16110.18,2021-01-25,2021-03-08,42,CAD,CA,Games,Mobile Games,Vancouver,City,"A new mobile games experience built for players, families and communities.",1
4861,16,101,20119.32,2021-02-08,2021-03-30,50,EUR,IE,Technology,Hardware,Cork,LocalAdmin,Introducing a new hardware project designed to make everyday work easier.,0
4862,51,105,78450.53,2019-10-28,2019-11-29,32,EUR,ES,Design,Graphic Design,Seville,City,We are creating a practical graphic design with a fresh and thoughtful design.,1
4863,19,107,6464.44,2018-08-21,2018-09-14,24,USD,IN,Publishing,Children's Books,Hyderabad,City,We are creating a new children's books book and bringing the project to readers.,1
4864,47,129,19176.31,2021-02-21,2021-04-08,46,USD,US,Design,Product Design,Portland,City,We are creating a practical product design with a fresh and thoughtful design.,1
4865,56,89,23692.64,2019-06-30,2019-08-01,32,USD,US,Crafts,DIY,San Francisco,City,A new diy project making useful and creative handmade products.,1
4866,30,111,14786.81,2020-06-07,2020-07-03,26,CAD,CA,Design,Product Design,Toronto,LocalAdmin,We are creating a practical product design with a fresh and thoughtful design.,1
4867,24,43,26006.87,2019-07-16,2019-08-07,22,EUR,IT,Crafts,DIY,Rome,City,A new diy project making useful and creative handmade products.,1
4868,33,60,4110.46,2019-10-29,2019-12-15,47,USD,US,Games,Mobile Games,San Francisco,City,"A new mobile games experience built for players, families and communities.",1
4869,24,101,54811.73,2021-03-08,2021-05-07,60,USD,US,Games,Video Games,Boston,City,"A new video games experience built for players, families and communities.",1
4870,59,75,5085.69,2020-09-20,2020-11-11,52,EUR,FR,Fashion,Accessories,Toulouse,City,"A new accessories collection focused on creativity, quality and original ideas.",1
4871,32,137,24279.25,2019-07-20,2019-08-17,28,USD,US,Theater,Plays,Chicago,City,A new plays production bringing an original story to the stage.,1
4872,42,76,16626.73,2021-02-12,2021-02-28,16,USD,US,Art,Illustration,Seattle,City,"A new illustration project exploring creative ideas, materials and visual storytelling.",0
4873,42,104,4139.84,2020-02-15,2020-03-09,23,GBP,GB,Film & Video,Short Film,Manchester,City,Help us bring this original short film story to life for a wider audience.,0
4874,48,132,148371.82,2020-12-03,2021-01-30,58,GBP,GB,Film & Video,Short Film,Edinburgh,City,Help us bring this original short film story to life for a wider audience.,0
4875,28,123,171670.99,2020-11-18,2020-12-07,19,EUR,DE,Technology,Apps,Cologne,Suburb,Introducing a new apps project designed to make everyday work easier.,0
4876,47,92,2879.49,2018-02-04,2018-03-24,48,USD,US,Journalism,Audio,Seattle,LocalAdmin,A new audio project focused on independent stories and community voices.,0
4877,55,96,41422.05,2018-02-27,2018-04-01,33,CAD,CA,Journalism,Print,Calgary,Town,A new print project focused on independent stories and community voices.,0
4878,33,122,9924.16,2018-04-24,2018-05-15,21,CAD,CA,Dance,Performances,Montreal,City,"A new performances project combining movement, performance and original ideas.",1
4879,15,132,4222.67,2021-03-23,2021-05-15,53,GBP,GB,Food,Food,Manchester,Suburb,We are developing a new food project for people who love great food.,1
4880,56,151,21244.47,2018-12-12,2019-02-06,56,AUD,AU,Fashion,Accessories,Brisbane,City,"A new accessories collection focused on creativity, quality and original ideas.",1
4881,38,132,43697.15,2020-02-05,2020-03-07,31,USD,US,Dance,Performances,Seattle,LocalAdmin,"A new performances project combining movement, performance and original ideas.",0
4882,35,129,15403.35,2018-06-18,2018-07-28,40,USD,US,Dance,Experimental,Boston,City,"A new experimental project combining movement, performance and original ideas.",1
4883,45,118,6831.09,2018-04-12,2018-06-11,60,USD,US,Comics,Comic Books,Seattle,County,"A new comic books project featuring original characters, artwork and storytelling.",1
4884,56,112,94208.74,2021-03-03,2021-04-13,41,USD,US,Technology,Hardware,Seattle,Suburb,Introducing a new hardware project designed to make everyday work easier.,1
4885,32,97,99611.06,2018-10-18,2018-12-14,57,GBP,GB,Comics,Graphic Novels,Bristol,City,"A new graphic novels project featuring original characters, artwork and storytelling.",1
4886,54,123,4163.79,2019-09-03,2019-10-15,42,EUR,ES,Photography,Fine Art,Barcelona,LocalAdmin,"A new fine art project documenting people, places and memorable stories.",0
4887,36,101,13815.39,2020-09-09,2020-10-13,34,EUR,DE,Technology,Gadgets,Berlin,Zip,Introducing a new gadgets project designed to make everyday work easier.,1
4888,44,129,1038.22,2019-06-28,2019-07-18,20,EUR,FR,Dance,Dance Training,Marseille,Zip,"A new dance training project combining movement, performance and original ideas.",1
4889,26,130,43802.32,2020-05-08,2020-05-30,22,USD,US,Design,Architecture,Chicago,Suburb,We are creating a practical architecture with a fresh and thoughtful design.,1
4890,31,122,93928.31,2021-02-06,2021-03-24,46,USD,US,Food,Drinks,Boston,City,We are developing a new drinks project for people who love great food.,1
4891,51,89,21948.54,2021-02-16,2021-03-21,33,USD,US,Theater,Plays,San Francisco,LocalAdmin,A new plays production bringing an original story to the stage.,0
4892,6,105,2411.03,2020-12-09,2021-01-24,46,USD,US,Fashion,Footwear,San Francisco,Suburb,"A new footwear collection focused on creativity, quality and original ideas.",1
4893,46,141,146733.28,2020-08-11,2020-09-13,33,USD,US,Technology,Software,New York,City,Introducing a new software project designed to make everyday work easier.,1
4894,41,57,279234.49,2018-12-13,2019-01-20,38,CAD,CA,Theater,Plays,Calgary,Island,A new plays production bringing an original story to the stage.,1
4895,60,114,6144.14,2018-11-19,2018-12-27,38,USD,IN,Dance,Performances,Mumbai,Suburb,"A new performances project combining movement, performance and original ideas.",1
4896,50,131,23935.7,2021-03-08,2021-04-08,31,USD,US,Publishing,Children's Books,Austin,City,We are creating a new children's books book and bringing the project to readers.,1
4897,38,121,42553.02,2020-05-05,2020-06-06,32,USD,US,Music,Classical,Boston,City,Support our new classical project and help us share the music with listeners.,1
4898,16,151,40663.95,2020-01-11,2020-02-06,26,EUR,FR,Film & Video,Webseries,Paris,Zip,Help us bring this original webseries story to life for a wider audience.,1
4899,26,60,12930.75,2018-04-21,2018-06-15,55,USD,US,Food,Drinks,San Francisco,City,We are developing a new drinks project for people who love great food.,0
4900,32,72,194729.48,2018-10-25,2018-12-01,37,EUR,ES,Comics,Webcomics,Barcelona,Town,"A new webcomics project featuring original characters, artwork and storytelling.",0
4901,57,113,1060.46,2018-07-05,2018-08-06,32,EUR,DE,Photography,Nature,Munich,City,"A new nature project documenting people, places and memorable stories.",1
4902,47,136,1081.71,2020-12-30,2021-01-29,30,DKK,DK,Film & Video,Webseries,Aarhus,LocalAdmin,Help us bring this original webseries story to life for a wider audience.,0
4903,23,110,11711.78,2020-08-13,2020-09-12,30,USD,US,Theater,Experimental Theater,Portland,City,A new experimental theater production bringing an original story to the stage.,1
4904,41,148,179007.73,2019-03-01,2019-04-20,50,AUD,AU,Technology,Software,Sydney,County,Introducing a new software project designed to make everyday work easier.,1
4905,28,91,72416.28,2018-07-17,2018-08-23,37,GBP,GB,Comics,Webcomics,Manchester,Town,"A new webcomics project featuring original characters, artwork and storytelling.",0
4906,25,100,1185.6,2018-07-20,2018-08-25,36,CAD,CA,Comics,Graphic Novels,Montreal,Suburb,"A new graphic novels project featuring original characters, artwork and storytelling.",0
4907,44,131,984618.11,2019-09-01,2019-10-24,53,GBP,GB,Food,Restaurants,Bristol,Town,We are developing a new restaurants project for people who love great food.,0
4908,33,97,28336.16,2020-10-11,2020-11-27,47,USD,US,Comics,Comic Books,Boston,City,"A new comic books project featuring original characters, artwork and storytelling.",1
4909,18,136,2011.67,2020-04-13,2020-05-21,38,GBP,GB,Theater,Experimental Theater,London,City,A new experimental theater production bringing an original story to the stage.,1
4910,47,129,10403.25,2019-11-27,2019-12-31,34,GBP,GB,Music,Rock,Edinburgh,Island,Support our new rock project and help us share the music with listeners.,0
4911,37,96,53730.55,2020-02-03,2020-03-21,47,EUR,IT,Games,Mobile Games,Florence,City,"A new mobile games experience built for players, families and communities.",1
4912,30,117,83616.72,2020-10-24,2020-12-08,45,EUR,DE,Photography,Fine Art,Munich,Town,"A new fine art project documenting people, places and memorable stories.",1
4913,57,94,10833.5,2019-05-03,2019-06-26,54,AUD,AU,Art,Painting,Sydney,City,"A new painting project exploring creative ideas, materials and visual storytelling.",1
4914,51,81,26957.5,2019-02-25,2019-03-19,22,USD,US,Theater,Plays,Seattle,City,A new plays production bringing an original story to the stage.,1
4915,37,96,9889.71,2019-01-22,2019-02-15,24,EUR,DE,Games,Video Games,Munich,City,"A new video games experience built for players, families and communities.",1
4916,9,103,10835.61,2020-09-14,2020-09-29,15,GBP,GB,Theater,Musicals,Bristol,County,A new musicals production bringing an original story to the stage.,1
4917,52,111,36904.3,2018-10-23,2018-11-27,35,SEK,SE,Art,Illustration,Stockholm,City,"A new illustration project exploring creative ideas, materials and visual storytelling.",1
4918,28,105,111945.74,2019-12-29,2020-02-06,39,NZD,NZ,Journalism,Print,Auckland,County,A new print project focused on independent stories and community voices.,1
4919,33,55,2058.21,2020-09-04,2020-10-20,46,USD,US,Publishing,Fiction,New York,City,We are creating a new fiction book and bringing the project to readers.,1
4920,30,138,8365.25,2019-03-21,2019-05-20,60,EUR,IT,Journalism,Audio,Rome,LocalAdmin,A new audio project focused on independent stories and community voices.,1
4921,16,57,4720.45,2019-04-03,2019-06-02,60,USD,US,Comics,Graphic Novels,Chicago,Town,"A new graphic novels project featuring original characters, artwork and storytelling.",1
4922,42,114,2515.57,2019-08-15,2019-09-08,24,USD,US,Fashion,Accessories,Portland,Island,"A new accessories collection focused on creativity, quality and original ideas.",1
4923,22,86,2324.24,2019-09-25,2019-10-18,23,GBP,GB,Fashion,Accessories,Manchester,Suburb,"A new accessories collection focused on creativity, quality and original ideas.",1
4924,41,112,12473.18,2018-10-18,2018-11-21,34,USD,US,Art,Illustration,Austin,City,"A new illustration project exploring creative ideas, materials and visual storytelling.",1
4925,21,101,2276.04,2020-08-25,2020-09-28,34,EUR,DE,Film & Video,Feature Film,Cologne,City,Help us bring this original feature film story to life for a wider audience.,1
4926,28,118,2159.52,2020-12-17,2021-02-09,54,USD,US,Food,Food,Boston,Island,We are developing a new food project for people who love great food.,0
4927,40,124,9087.6,2019-05-06,2019-05-27,21,USD,US,Comics,Webcomics,Portland,City,"A new webcomics project featuring original characters, artwork and storytelling.",0
4928,37,139,2629.42,2019-02-27,2019-03-24,25,CAD,CA,Food,Restaurants,Calgary,City,We are developing a new restaurants project for people who love great food.,1
4929,44,131,26396.41,2018-06-21,2018-07-26,35,EUR,DE,Games,Tabletop Games,Munich,City,"A new tabletop games experience built for players, families and communities.",1
4930,45,109,5710.07,2020-08-05,2020-09-26,52,NZD,NZ,Fashion,Footwear,Auckland,LocalAdmin,"A new footwear collection focused on creativity, quality and original ideas.",1
4931,55,136,1884.02,2021-01-20,2021-02-22,33,EUR,DE,Design,Graphic Design,Cologne,Zip,We are creating a practical graphic design with a fresh and thoughtful design.,1
4932,35,93,441321.34,2018-06-21,2018-08-20,60,AUD,AU,Photography,Photobooks,Brisbane,City,"A new photobooks project documenting people, places and memorable stories.",1
4933,53,151,440.05,2018-07-23,2018-08-21,29,USD,US,Games,Video Games,San Francisco,City,"A new video games experience built for players, families and communities.",1
4934,30,90,45248.92,2019-04-22,2019-05-12,20,USD,US,Publishing,Nonfiction,Seattle,County,We are creating a new nonfiction book and bringing the project to readers.,1
4935,47,94,20519.25,2018-05-10,2018-06-03,24,USD,US,Photography,Nature,Chicago,Zip,"A new nature project documenting people, places and memorable stories.",1
4936,52,53,5660.72,2019-01-12,2019-03-13,60,GBP,GB,Music,Rock,Bristol,City,Support our new rock project and help us share the music with listeners.,1
4937,52,88,2938.65,2018-06-22,2018-07-22,30,AUD,AU,Games,Tabletop Games,Melbourne,City,"A new tabletop games experience built for players, families and communities.",1
4938,13,100,174855.01,2019-03-27,2019-05-25,59,USD,US,Art,Sculpture,Chicago,City,"A new sculpture project exploring creative ideas, materials and visual storytelling.",1
4939,1,100,322771.12,2019-09-21,2019-10-16,25,EUR,DE,Music,Pop,Munich,City,Support our new pop project and help us share the music with listeners.,1
4940,43,151,7622.09,2020-01-16,2020-03-05,49,GBP,GB,Crafts,Crochet,Bristol,Zip,A new crochet project making useful and creative handmade products.,1
4941,35,126,6083.87,2019-11-24,2019-12-16,22,USD,US,Games,Video Games,Seattle,County,"A new video games experience built for players, families and communities.",1
4942,39,136,69024.62,2018-04-02,2018-05-14,42,USD,US,Music,Rock,New York,City,Support our new rock project and help us share the music with listeners.,1
4943,36,108,8195.64,2020-05-23,2020-06-09,17,EUR,ES,Comics,Webcomics,Madrid,Island,"A new webcomics project featuring original characters, artwork and storytelling.",1
4944,30,87,29644.05,2020-05-19,2020-06-04,16,EUR,DE,Photography,Nature,Berlin,Island,"A new nature project documenting people, places and memorable stories.",1
4945,44,151,28497.89,2019-05-15,2019-06-12,28,SEK,SE,Dance,Dance Training,Stockholm,City,"A new dance training project combining movement, performance and original ideas.",1
4946,40,105,12714.72,2020-06-27,2020-08-09,43,USD,US,Dance,Dance Training,Austin,City,"A new dance training project combining movement, performance and original ideas.",0
4947,33,127,15499.53,2019-06-30,2019-07-17,17,USD,IN,Comics,Webcomics,Bengaluru,City,"A new webcomics project featuring original characters, artwork and storytelling.",1
4948,35,80,21280.2,2020-06-18,2020-07-03,15,USD,US,Theater,Plays,Portland,Town,A new plays production bringing an original story to the stage.,0
4949,44,73,2220.21,2019-04-15,2019-05-14,29,USD,US,Crafts,Crochet,Los Angeles,City,A new crochet project making useful and creative handmade products.,1
4950,26,151,4184.23,2020-12-26,2021-01-29,34,USD,IN,Publishing,Nonfiction,Delhi,Town,We are creating a new nonfiction book and bringing the project to readers.,1
4951,18,121,17027.62,2021-03-30,2021-05-05,36,USD,US,Crafts,DIY,New York,LocalAdmin,A new diy project making useful and creative handmade products.,1
4952,18,101,5934.45,2018-10-13,2018-11-30,48,AUD,AU,Art,Sculpture,Sydney,LocalAdmin,"A new sculpture project exploring creative ideas, materials and visual storytelling.",1
4953,27,102,888738.64,2018-01-20,2018-03-08,47,USD,US,Fashion,Footwear,Portland,Town,"A new footwear collection focused on creativity, quality and original ideas.",1
4954,57,77,14737.62,2018-07-29,2018-08-21,23,CAD,CA,Food,Restaurants,Calgary,Town,We are developing a new restaurants project for people who love great food.,0
4955,37,91,811.16,2019-06-15,2019-07-02,17,NZD,NZ,Photography,Fine Art,Wellington,City,"A new fine art project documenting people, places and memorable stories.",1
4956,25,121,153.09,2018-05-21,2018-06-06,16,USD,US,Crafts,Candles,Los Angeles,LocalAdmin,A new candles project making useful and creative handmade products.,1
4957,38,109,42843.33,2020-08-03,2020-08-21,18,AUD,AU,Design,Graphic Design,Melbourne,Suburb,We are creating a practical graphic design with a fresh and thoughtful design.,1
4958,19,131,14937.34,2018-08-23,2018-09-22,30,USD,US,Art,Painting,Los Angeles,Suburb,"A new painting project exploring creative ideas, materials and visual storytelling.",1
4959,32,26,111939.83,2020-06-23,2020-08-09,47,CAD,CA,Journalism,Audio,Toronto,County,A new audio project focused on independent stories and community voices.,1
4960,29,113,4422.51,2019-12-06,2019-12-29,23,USD,US,Film & Video,Webseries,Austin,City,Help us bring this original webseries story to life for a wider audience.,1
4961,15,131,9954.19,2019-04-01,2019-05-25,54,USD,US,Journalism,Audio,New York,City,A new audio project focused on independent stories and community voices.,1
4962,51,42,18498.46,2019-08-15,2019-10-06,52,USD,US,Publishing,Nonfiction,Austin,City,We are creating a new nonfiction book and bringing the project to readers.,0
4963,29,77,9436.29,2019-05-14,2019-06-15,32,USD,US,Art,Illustration,Boston,City,"A new illustration project exploring creative ideas, materials and visual storytelling.",1
4964,34,65,8301.26,2020-11-05,2020-12-05,30,NZD,NZ,Photography,Photobooks,Christchurch,City,"A new photobooks project documenting people, places and memorable stories.",1
4965,45,147,36950.7,2019-10-27,2019-11-18,22,USD,US,Music,Hip-Hop,Chicago,City,Support our new hip-hop project and help us share the music with listeners.,1
4966,40,110,3295.47,2019-11-29,2020-01-05,37,USD,US,Games,Mobile Games,Seattle,City,"A new mobile games experience built for players, families and communities.",1
4967,36,112,27528.23,2018-05-13,2018-07-02,50,GBP,GB,Food,Drinks,Bristol,Suburb,We are developing a new drinks project for people who love great food.,1
4968,31,142,204198.88,2018-10-19,2018-11-05,17,USD,US,Film & Video,Webseries,New York,City,Help us bring this original webseries story to life for a wider audience.,0
4969,46,105,156080.32,2018-02-04,2018-03-05,29,EUR,DE,Journalism,Audio,Berlin,Town,A new audio project focused on independent stories and community voices.,1
4970,35,89,730.37,2020-07-18,2020-09-08,52,USD,IN,Theater,Musicals,Chennai,City,A new musicals production bringing an original story to the stage.,1
4971,37,113,5616.71,2019-10-02,2019-11-18,47,USD,US,Film & Video,Short Film,Los Angeles,City,Help us bring this original short film story to life for a wider audience.,1
4972,52,121,18827.02,2019-08-28,2019-09-29,32,EUR,NL,Design,Product Design,Rotterdam,City,We are creating a practical product design with a fresh and thoughtful design.,0
4973,53,74,86977.0,2020-07-12,2020-08-18,37,CAD,CA,Design,Graphic Design,Vancouver,Town,We are creating a practical graphic design with a fresh and thoughtful design.,1
4974,39,151,16614.05,2018-09-30,2018-11-26,57,USD,US,Music,Rock,Boston,LocalAdmin,Support our new rock project and help us share the music with listeners.,1
4975,37,51,87230.18,2020-06-21,2020-07-08,17,AUD,AU,Publishing,Nonfiction,Perth,Town,We are creating a new nonfiction book and bringing the project to readers.,1
4976,45,118,4251.91,2018-08-04,2018-09-17,44,GBP,GB,Design,Graphic Design,Manchester,City,We are creating a practical graphic design with a fresh and thoughtful design.,1
4977,31,151,20007.19,2018-11-19,2019-01-17,59,AUD,AU,Art,Sculpture,Melbourne,LocalAdmin,"A new sculpture project exploring creative ideas, materials and visual storytelling.",1
4978,31,112,20803.12,2021-01-24,2021-02-24,31,SEK,SE,Food,Food,Malmo,Town,We are developing a new food project for people who love great food.,1
4979,34,46,91889.73,2020-02-09,2020-03-26,46,USD,US,Photography,Photobooks,Los Angeles,City,"A new photobooks project documenting people, places and memorable stories.",1
4980,20,151,49066.09,2019-05-26,2019-07-25,60,SEK,SE,Music,Hip-Hop,Gothenburg,City,Support our new hip-hop project and help us share the music with listeners.,1
4981,70,94,34967.14,2020-11-21,2020-12-12,21,EUR,DE,Art,Sculpture,Berlin,City,"A new sculpture project exploring creative ideas, materials and visual storytelling.",1
4982,29,131,44762.37,2019-07-12,2019-09-03,53,GBP,GB,Dance,Performances,London,City,"A new performances project combining movement, performance and original ideas.",1
4983,42,121,1840.48,2018-12-03,2018-12-31,28,CAD,CA,Theater,Experimental Theater,Vancouver,City,A new experimental theater production bringing an original story to the stage.,1
4984,35,108,9199.42,2019-11-15,2019-12-14,29,USD,US,Games,Tabletop Games,Seattle,Town,"A new tabletop games experience built for players, families and communities.",1
4985,45,46,2527.68,2020-08-17,2020-10-14,58,USD,IN,Technology,Software,Delhi,Zip,Introducing a new software project designed to make everyday work easier.,0
4986,29,120,4360.43,2020-01-03,2020-01-29,26,AUD,AU,Games,Mobile Games,Brisbane,Suburb,"A new mobile games experience built for players, families and communities.",0
4987,38,130,9166.93,2018-09-10,2018-10-02,22,USD,US,Design,Product Design,Chicago,City,We are creating a practical product design with a fresh and thoughtful design.,1
4988,22,60,363.31,2018-06-14,2018-07-14,30,USD,US,Dance,Performances,Austin,City,"A new performances project combining movement, performance and original ideas.",1
4989,53,151,9693.95,2018-12-11,2019-02-04,55,CAD,CA,Crafts,Candles,Montreal,Town,A new candles project making useful and creative handmade products.,1
4990,45,96,3566.33,2019-09-12,2019-10-30,48,USD,US,Crafts,Crochet,Boston,Town,A new crochet project making useful and creative handmade products.,1
4991,14,151,2334.84,2020-10-16,2020-12-15,60,USD,US,Photography,Nature,Portland,Town,"A new nature project documenting people, places and memorable stories.",1
4992,35,128,13922.2,2018-12-12,2019-01-19,38,GBP,GB,Design,Architecture,Bristol,Suburb,We are creating a practical architecture with a fresh and thoughtful design.,1
4993,14,109,6569.05,2019-03-17,2019-04-29,43,USD,US,Journalism,Audio,Chicago,City,A new audio project focused on independent stories and community voices.,1
4994,23,111,20373.49,2021-02-18,2021-03-20,30,USD,US,Art,Painting,Portland,County,"A new painting project exploring creative ideas, materials and visual storytelling.",1
4995,49,138,4389.57,2018-08-05,2018-08-24,19,USD,US,Design,Product Design,New York,City,We are creating a practical product design with a fresh and thoughtful design.,1
4996,1,151,9140.61,2019-10-30,2019-11-18,19,USD,US,Fashion,Footwear,Chicago,County,"A new footwear collection focused on creativity, quality and original ideas.",0
4997,51,79,542326.07,2018-02-26,2018-04-11,44,AUD,AU,Film & Video,Documentary,Brisbane,Town,Help us bring this original documentary story to life for a wider audience.,1
4998,41,90,31522.88,2019-01-20,2019-02-08,19,GBP,GB,Photography,Nature,London,City,"A new nature project documenting people, places and memorable stories.",0
4999,34,151,3233.27,2020-02-17,2020-04-14,57,USD,US,Games,Mobile Games,New York,City,"A new mobile games experience built for players, families and communities.",1
5000,48,82,81943.22,2018-04-04,2018-05-01,27,USD,US,Crafts,Woodworking,San Francisco,City,A new woodworking project making useful and creative handmade products.,1
